title;slug;address;city;zone;province;country;type;price;priceValue;referenceCode;sourcePrice;sourceUrl;sortOrder;bedrooms;bathrooms;surface;description;imageUrl;gallery;tag;status;linkMode;vendorId;externalUrl;referralParameter;referralCode;features;latitude;longitude;sourceMentionRemoved
Apartamentos, bungalows y villas;apartamentos-bungalows-y-villas;Vera Playa;Vera Playa;Vera Playa;Alicante;España;Villa;Obra Nueva € 249.000;249000;LRN-042;Obra Nueva € 249.000;https://lrcostahomes.com/es/property/apartments-bungalows-and-villas/;0;3;3;70;El mayor y más diverso desarrollo inmobiliario de Almería, con 47 propiedades que se adaptan a todos los presupuestos y tipos de compradores: apartamentos y bungalows. Se prevé que la nueva estación de tren de alta velocidad AVE en Vera incremente aún más el valor de las propiedades una vez finalizada su construcción. Por qué comprar: Es uno de los mercados costeros de más rápido crecimiento de la región. “Se prevé que la nueva estación de tren de alta velocidad AVE esté operativa en la primavera de 2028, conectando con Murcia en 40 minutos y con Madrid en 3 horas, lo que impulsará aún más el crecimiento del valor de los inmuebles”. Más de 320 días de sol al año, playas mediterráneas de aguas cristalinas y una fuerte demanda de alquileres vacacionales.;https://lrcostahomes.com/wp-content/uploads/2026/09/1-Apt.jpg;"[""https://lrcostahomes.com/wp-content/uploads/2026/09/1-Apt.jpg"", ""https://lrcostahomes.com/wp-content/uploads/2026/09/Central-outdoor-swimming-pool-Apt.jpeg"", ""https://lrcostahomes.com/wp-content/uploads/2026/09/2-Apt.jpg"", ""https://lrcostahomes.com/wp-content/uploads/2026/09/3-Apt.jpg"", ""https://lrcostahomes.com/wp-content/uploads/2026/09/4-Apt.jpg"", ""https://lrcostahomes.com/wp-content/uploads/2026/09/5-Apt.jpg"", ""https://lrcostahomes.com/wp-content/uploads/2026/09/6-Apt.jpg"", ""https://lrcostahomes.com/wp-content/uploads/2026/09/7-Apt.jpg"", ""https://lrcostahomes.com/wp-content/uploads/2026/09/8-Apt.jpg"", ""https://lrcostahomes.com/wp-content/uploads/2026/09/Heated-indoor-swimming-pool-Apt.jpeg"", ""https://lrcostahomes.com/wp-content/uploads/2026/09/1-Bung.jpg"", ""https://lrcostahomes.com/wp-content/uploads/2026/09/2-Bung.jpg"", ""https://lrcostahomes.com/wp-content/uploads/2026/09/3-Bung.jpg"", ""https://lrcostahomes.com/wp-content/uploads/2026/09/4-Bung.jpg"", ""https://lrcostahomes.com/wp-content/uploads/2026/09/5-Bung.jpg"", ""https://lrcostahomes.com/wp-content/uploads/2026/09/6-Bung.jpg"", ""https://lrcostahomes.com/wp-content/uploads/2026/09/7-Bung.jpg""]";Selección Vivienda Nova;draft;capture;;https://lrcostahomes.com/es/property/apartments-bungalows-and-villas/;ref;MARTINEZ;"[""jardín"", ""Estacionamiento"", ""Solarium"", ""Piscina""]";37.16605826348;-1.858144506221;no
Local comercial;local-comercial;Calpe;Calpe;Calpe;Alicante;España;Villa;Obra Nueva € 201.000;201000;LRN-041;Obra Nueva € 201.000;https://lrcostahomes.com/es/property/business-premises/;0;0;0;93;Se ofrecen locales comerciales en la avenida principal de Calpe, a tan solo 200 metros de la playa del Arenal. Los locales tienen una superficie construida de 67 m² con terrazas de 25-27 m². Una excelente oportunidad para abrir tu negocio.;https://lrcostahomes.com/wp-content/themes/realhomes/common/images/placeholders/property-thumb-image.jpg;"[""https://lrcostahomes.com/wp-content/themes/realhomes/common/images/placeholders/property-thumb-image.jpg"", ""https://lrcostahomes.com/wp-content/uploads/2026/04/l-r-costa-homes-513.png"", ""https://lrcostahomes.com/wp-content/uploads/2026/04/l-r-costa-homes-511.png"", ""https://lrcostahomes.com/wp-content/uploads/2026/04/FOTO-GENERAL-FACHADA-Y-PISCINA-100-680x510.jpeg"", ""https://lrcostahomes.com/wp-content/uploads/2026/09/1.-Las-torres-680x510.jpg""]";Selección Vivienda Nova;draft;capture;;https://lrcostahomes.com/es/property/business-premises/;ref;MARTINEZ;[];38.640939443215;0.047202015294441;no
Apartamentos en Calpe;apartamentos-en-calpe;Calpe;Calpe;Calpe;Alicante;España;Villa;Obra Nueva € 430.000;430000;LRN-040;Obra Nueva € 430.000;https://lrcostahomes.com/es/property/apartments-in-calpe/;0;23;23;102;Un exclusivo complejo residencial de nueva construcción a tan solo 200 metros de la playa. Ubicado en una parcela privilegiada sin edificios enfrente, todos los apartamentos disfrutan de excelentes vistas, y desde la séptima planta en adelante, las panorámicas hacia el mar y las salinas son completamente despejadas. El complejo consta de dos torres de 15 plantas con modernos apartamentos de 2 y 3 dormitorios y 2 baños, todos con amplias terrazas ideales para disfrutar del clima mediterráneo. En la planta 15 se encuentran dos exclusivos áticos de 4 dormitorios y 2 baños, que ofrecen aún más espacio y vistas inmejorables. Además, todos los apartamentos incluyen una plaza de aparcamiento subterráneo y un trastero. Este complejo residencial destaca no solo por su diseño y ubicación, sino también porque actualmente ofrece el mejor precio por metro cuadrado de todas las promociones nuevas en Calpe, lo que lo convierte en una oportunidad única tanto para vivir como para invertir. El complejo residencial ha sido diseñado para el disfrute y cuenta con espectaculares zonas comunes: dos piscinas, una de ellas con acceso tipo playa, rodeadas de zonas para tomar el sol con césped artificial. También dispone de una pista de pádel, un gimnasio, dos jacuzzis, jardines paisajísticos y una zona de juegos infantiles, ideal para los más pequeños. Además, incluye aparcamiento para bicicletas, fomentando un estilo de vida activo y saludable.;https://lrcostahomes.com/wp-content/uploads/2026/09/1.-Las-torres-scaled.jpg;"[""https://lrcostahomes.com/wp-content/uploads/2026/09/1.-Las-torres-scaled.jpg"", ""https://lrcostahomes.com/wp-content/uploads/2026/09/9.-Piscina-con-Penon-scaled.jpg"", ""https://lrcostahomes.com/wp-content/uploads/2026/09/6.-Espacio-relax.jpg"", ""https://lrcostahomes.com/wp-content/uploads/2026/09/4.-Piscina-Padel-scaled.jpg"", ""https://lrcostahomes.com/wp-content/uploads/2026/09/7.-Atico-scaled.jpg"", ""https://lrcostahomes.com/wp-content/uploads/2026/09/11.-Terraza.webp"", ""https://lrcostahomes.com/wp-content/uploads/2026/09/260127_Atico-Salon-scaled.jpg"", ""https://lrcostahomes.com/wp-content/uploads/2026/09/260127_Atico-terazza-con-vista-Penon-scaled.jpg"", ""https://lrcostahomes.com/wp-content/uploads/2026/09/260127_Atico-Terraza-scaled.jpg"", ""https://lrcostahomes.com/wp-content/uploads/2026/09/260127_Atico-scaled.jpg"", ""https://lrcostahomes.com/wp-content/uploads/2026/09/260127_tipo-A-scaled.jpg"", ""https://lrcostahomes.com/wp-content/uploads/2026/09/8.-Torre-noche.jpg"", ""https://lrcostahomes.com/wp-content/uploads/2026/09/2.-Foto-aerea-de-la-zona-scaled.jpg""]";Selección Vivienda Nova;draft;capture;;https://lrcostahomes.com/es/property/apartments-in-calpe/;ref;MARTINEZ;"[""Estacionamiento"", ""Trastero"", ""Piscina""]";38.638792079209;0.04844965479823;no
Apartamento en Calpe;apartamento-en-calpe;Calpe;Calpe;Calpe;Alicante;España;Villa;Obra Nueva € 670.000;670000;LRN-039;Obra Nueva € 670.000;https://lrcostahomes.com/es/property/apartment-in-calpe/;0;3;3;104;Uno de los complejos residenciales más exclusivos de Calpe, situado a tan solo 200 metros de la playa. Este proyecto combina diseño contemporáneo, calidad y una ubicación privilegiada junto al mar y el Parque Natural de Las Salinas. El complejo se encuentra actualmente en construcción y se estima que estará terminado en el primer trimestre de 2027. Contará con zonas comunes diseñadas para toda la familia: una piscina estilo playa, una piscina infantil, una pista de pádel, parques infantiles, zonas para tomar el sol y aparcamiento para bicicletas. 3 dormitorios, 2 baños, 80 m² de superficie habitable más una terraza de 23 m².;https://lrcostahomes.com/wp-content/uploads/2026/08/salon-7.png;"[""https://lrcostahomes.com/wp-content/uploads/2026/08/salon-7.png"", ""https://lrcostahomes.com/wp-content/uploads/2026/08/comedor-salon-1.png"", ""https://lrcostahomes.com/wp-content/uploads/2026/08/comedor-5.png"", ""https://lrcostahomes.com/wp-content/uploads/2026/08/comedor-6.png"", ""https://lrcostahomes.com/wp-content/uploads/2026/08/comedor-1.png"", ""https://lrcostahomes.com/wp-content/uploads/2026/08/comedor.png"", ""https://lrcostahomes.com/wp-content/uploads/2026/08/cocina.png"", ""https://lrcostahomes.com/wp-content/uploads/2026/08/cocina-1.png"", ""https://lrcostahomes.com/wp-content/uploads/2026/08/bano-en-suite.png"", ""https://lrcostahomes.com/wp-content/uploads/2026/08/Bedroom-2.png"", ""https://lrcostahomes.com/wp-content/uploads/2026/08/habitacion-2.png"", ""https://lrcostahomes.com/wp-content/uploads/2026/08/habitacion-5.png"", ""https://lrcostahomes.com/wp-content/uploads/2026/08/habitacion-no3.png"", ""https://lrcostahomes.com/wp-content/uploads/2026/08/habitacion-no3_1.png"", ""https://lrcostahomes.com/wp-content/uploads/2026/08/habitacion.png"", ""https://lrcostahomes.com/wp-content/uploads/2026/08/Master-bedroom_1.png"", ""https://lrcostahomes.com/wp-content/uploads/2026/08/salon-1.png"", ""https://lrcostahomes.com/wp-content/uploads/2026/08/salon-5.png"", ""https://lrcostahomes.com/wp-content/uploads/2026/08/vertical-1.jpg""]";Selección Vivienda Nova;draft;capture;;https://lrcostahomes.com/es/property/apartment-in-calpe/;ref;MARTINEZ;"[""Estacionamiento"", ""Piscina""]";38.622264995523;0.12214113831024;no
Villas adosadas;villas-adosadas;Santiago de la Ribera;Santiago de la Ribera;Santiago de la Ribera;Alicante;España;Villa;Obra Nueva € 369.900;369900;LRN-038;Obra Nueva € 369.900;https://lrcostahomes.com/es/property/semi-detached-villas/;0;3;3;113125;Villas de lujo en Santiago de la Ribera, la localidad costera más elegante y exclusiva del Mar Menor. Conocida por su club náutico, su cuidado paseo marítimo y su sofisticada oferta gastronómica, Santiago de la Ribera atrae a un público de alto poder adquisitivo. Cada villa incluye 3 dormitorios, piscina privada y solárium. Esta es la dirección que buscan quienes desean lo mejor del Mar Menor. Piscina privada y soláriums de hasta 41 m²: lujo al aire libre en un entorno costero privilegiado. 3 dormitorios, 2-3 baños — 113-123 m² construidos en parcelas de hasta 155 m² A poca distancia a pie de la playa, el puerto deportivo y el famoso paseo marítimo.;https://lrcostahomes.com/wp-content/uploads/2026/08/6-3.jpg;"[""https://lrcostahomes.com/wp-content/uploads/2026/08/6-3.jpg"", ""https://lrcostahomes.com/wp-content/uploads/2026/08/3-3.jpg"", ""https://lrcostahomes.com/wp-content/uploads/2026/08/1-2.jpg"", ""https://lrcostahomes.com/wp-content/uploads/2026/08/13-2.jpg"", ""https://lrcostahomes.com/wp-content/uploads/2026/08/16.jpg"", ""https://lrcostahomes.com/wp-content/uploads/2026/08/17-1.jpg"", ""https://lrcostahomes.com/wp-content/uploads/2026/08/18.jpg"", ""https://lrcostahomes.com/wp-content/uploads/2026/08/19.jpg"", ""https://lrcostahomes.com/wp-content/uploads/2026/08/20-2.jpg"", ""https://lrcostahomes.com/wp-content/uploads/2026/08/21-1.jpg"", ""https://lrcostahomes.com/wp-content/uploads/2026/08/15-2.jpg""]";Selección Vivienda Nova;draft;capture;;https://lrcostahomes.com/es/property/semi-detached-villas/;ref;MARTINEZ;"[""jardín"", ""Estacionamiento"", ""Solarium"", ""Piscina""]";37.794961742475;-0.8059839785708;no
Villa;villa;Torre Pacheco;Torre Pacheco;Torre Pacheco;Murcia;España;Villa;Obra Nueva € 330.000;330000;LRN-037;Obra Nueva € 330.000;https://lrcostahomes.com/es/property/villa-11/;0;3;3;96;Villa de una sola planta y 3 dormitorios en Balsicas, con entrega prevista para noviembre de 2026. La villa se asienta sobre una parcela de 227 m² con un solárium privado de 92 m² y piscina privada. Se ofrece la opción de añadir mobiliario, aire acondicionado y motor para el garaje, brindando total flexibilidad a los compradores. Su ubicación es ideal, entre el aeropuerto de Corvera y la costa del Mar Menor. 3 dormitorios, 2 baños — 96 m² construidos, distribución espaciosa y práctica. A 15 minutos del Mar Menor, a 15 minutos del aeropuerto de Corvera: ubicación céntrica y bien comunicada, con todos los servicios a poca distancia a pie. Estación de tren de alta velocidad cercana Orientación sur, vistas al castillo. Bancos, tiendas, farmacia, restaurantes, centro de salud y mucho más a poca distancia a pie.;https://lrcostahomes.com/wp-content/uploads/2026/08/1-1.jpg;"[""https://lrcostahomes.com/wp-content/uploads/2026/08/1-1.jpg"", ""https://lrcostahomes.com/wp-content/uploads/2026/08/3-2.jpg"", ""https://lrcostahomes.com/wp-content/uploads/2026/08/4-1.jpg"", ""https://lrcostahomes.com/wp-content/uploads/2026/08/5-1.jpg"", ""https://lrcostahomes.com/wp-content/uploads/2026/08/6-2.jpg"", ""https://lrcostahomes.com/wp-content/uploads/2026/08/7-1.jpg"", ""https://lrcostahomes.com/wp-content/uploads/2026/08/8-1.jpg"", ""https://lrcostahomes.com/wp-content/uploads/2026/08/9-2.jpg"", ""https://lrcostahomes.com/wp-content/uploads/2026/08/10-1.jpg"", ""https://lrcostahomes.com/wp-content/uploads/2026/08/11-1.jpg"", ""https://lrcostahomes.com/wp-content/uploads/2026/08/12.jpg"", ""https://lrcostahomes.com/wp-content/uploads/2026/08/13-1.jpg"", ""https://lrcostahomes.com/wp-content/uploads/2026/08/14.jpg"", ""https://lrcostahomes.com/wp-content/uploads/2026/08/15-1.jpg"", ""https://lrcostahomes.com/wp-content/uploads/2026/08/17.jpg"", ""https://lrcostahomes.com/wp-content/uploads/2026/08/20-1.jpg""]";Selección Vivienda Nova;draft;capture;;https://lrcostahomes.com/es/property/villa-11/;ref;MARTINEZ;[];37.740440195653;-0.90443560187658;no
Bungalows, dúplex y villas;bungalows-d-plex-y-villas;San Juan de los Terreros;San Juan de los Terreros;San Juan de los Terreros;Murcia;España;Villa;Obra Nueva € 409.900;409900;LRN-036;Obra Nueva € 409.900;https://lrcostahomes.com/es/property/bungalows-maisonette-and-villas/;0;23;23;175229;Residencial ofrece acabados de primera calidad en la fabulosa costa de San Juan de Los Terreros, un pueblo costero con aguas cristalinas, acantilados rocosos y un entorno natural virgen. Ofrece villas independientes y amplias casas adosadas. Cada vivienda cuenta con dos terrazas, garaje privado y solárium. A 300 metros de la playa y a 200 metros de un centro comercial. Dos terrazas, soláriums y garaje privado: especificaciones de primera calidad en cada unidad. Zonas verdes ajardinadas y piscina comunitaria tipo playa.;https://lrcostahomes.com/wp-content/uploads/2026/08/1.jpg;"[""https://lrcostahomes.com/wp-content/uploads/2026/08/1.jpg"", ""https://lrcostahomes.com/wp-content/uploads/2026/08/3-1.jpg"", ""https://lrcostahomes.com/wp-content/uploads/2026/08/6-1.jpg"", ""https://lrcostahomes.com/wp-content/uploads/2026/08/9-1-scaled.jpg"", ""https://lrcostahomes.com/wp-content/uploads/2026/08/11.jpg"", ""https://lrcostahomes.com/wp-content/uploads/2026/08/13.jpg"", ""https://lrcostahomes.com/wp-content/uploads/2026/08/15.jpg"", ""https://lrcostahomes.com/wp-content/uploads/2026/08/16.jpeg"", ""https://lrcostahomes.com/wp-content/uploads/2026/08/17.jpeg"", ""https://lrcostahomes.com/wp-content/uploads/2026/08/18.jpeg"", ""https://lrcostahomes.com/wp-content/uploads/2026/08/19.jpeg"", ""https://lrcostahomes.com/wp-content/uploads/2026/08/20.jpg"", ""https://lrcostahomes.com/wp-content/uploads/2026/08/21.jpg""]";Selección Vivienda Nova;draft;capture;;https://lrcostahomes.com/es/property/bungalows-maisonette-and-villas/;ref;MARTINEZ;"[""jardín"", ""Estacionamiento"", ""Solarium"", ""Piscina""]";37.365402701582;-1.6592999673037;no
Apartamentos;apartamentos;Lo Pagan;Lo Pagán;Lo Pagán;Murcia;España;Villa;Obra Nueva € 139.900;139900;LRN-035;Obra Nueva € 139.900;https://lrcostahomes.com/es/property/apartments-3/;0;1;1;45;Situado a 700 m de la playa, ofrece 17 apartamentos y estudios turísticos, ideales para vacaciones o como inversión. Estas propiedades, completamente amuebladas, están diseñadas para brindar comodidad, calidad y estilo a solo minutos del mar. Cada propiedad incluye un trastero privado y una piscina comunitaria en la azotea con zona de relax.;https://lrcostahomes.com/wp-content/uploads/2026/08/3.jpg;"[""https://lrcostahomes.com/wp-content/uploads/2026/08/3.jpg"", ""https://lrcostahomes.com/wp-content/uploads/2026/08/4.jpg"", ""https://lrcostahomes.com/wp-content/uploads/2026/08/5.jpg"", ""https://lrcostahomes.com/wp-content/uploads/2026/08/6.jpg"", ""https://lrcostahomes.com/wp-content/uploads/2026/08/7.jpg"", ""https://lrcostahomes.com/wp-content/uploads/2026/08/8.jpg"", ""https://lrcostahomes.com/wp-content/uploads/2026/08/9.jpg"", ""https://lrcostahomes.com/wp-content/uploads/2026/08/10.jpg"", ""https://lrcostahomes.com/wp-content/uploads/2026/08/2.jpg""]";Selección Vivienda Nova;draft;capture;;https://lrcostahomes.com/es/property/apartments-3/;ref;MARTINEZ;"[""Lift"", ""Trastero"", ""Piscina""]";37.825438442405;-0.78594754577177;no
Áticos;ticos;Lo Pagan;Lo Pagán;Lo Pagán;Murcia;España;Villa;En venta € 949.900;949900;LRN-034;En venta € 949.900;https://lrcostahomes.com/es/property/penthouse/;0;3;3;171;La joya de la corona del portafolio de Lo Pagán. Un ático individual en el cuarto piso de 172 m² con 3 recámaras, 3 baños y piscina privada, que incluye 2 plazas de estacionamiento cerradas con puertas automáticas. Ubicado en la cima de un edificio de primera categoría a solo 70 metros del mar, esta es la compra de lujo definitiva para el comprador que busca las mejores vistas sin concesiones. Piscina privada en el solárium con impresionantes vistas de 360 ​​grados. 2 plazas de aparcamiento cerradas con puertas automáticas Cuarto piso: el piso más alto y privado del edificio.;https://lrcostahomes.com/wp-content/uploads/2026/08/1.png;"[""https://lrcostahomes.com/wp-content/uploads/2026/08/1.png"", ""https://lrcostahomes.com/wp-content/uploads/2026/08/2.png"", ""https://lrcostahomes.com/wp-content/uploads/2026/08/6.png"", ""https://lrcostahomes.com/wp-content/uploads/2026/08/7.png"", ""https://lrcostahomes.com/wp-content/uploads/2026/08/8.png"", ""https://lrcostahomes.com/wp-content/uploads/2026/08/9.png"", ""https://lrcostahomes.com/wp-content/uploads/2026/08/Atico-1.jpg"", ""https://lrcostahomes.com/wp-content/uploads/2026/08/Atico-2.jpg"", ""https://lrcostahomes.com/wp-content/uploads/2026/08/Atico-3.jpg"", ""https://lrcostahomes.com/wp-content/uploads/2026/08/Atico-4.jpg"", ""https://lrcostahomes.com/wp-content/uploads/2026/08/Atico-5.jpg"", ""https://lrcostahomes.com/wp-content/uploads/2026/08/Cocina-Atico.jpeg"", ""https://lrcostahomes.com/wp-content/uploads/2026/08/Atico-6.jpg""]";Selección Vivienda Nova;draft;capture;;https://lrcostahomes.com/es/property/penthouse/;ref;MARTINEZ;"[""Piscina""]";37.828150240005;-0.78148434997099;no
Villas de una sola planta;villas-de-una-sola-planta;Avileses;Aviléses;Aviléses;Murcia;España;Villa;Obra Nueva € 289.900;289900;LRN-033;Obra Nueva € 289.900;https://lrcostahomes.com/es/property/one-level-villas/;0;3;3;82;Modernas villas de una sola planta con tres dormitorios en un tranquilo pueblo: un entorno residencial apacible con excelente acceso por carretera a la costa, el aeropuerto y todos los servicios principales. Cada villa cuenta con piscina privada y un amplio solárium de 72 m² en una parcela de 135 a 147 m². Una inversión segura y discreta para quienes buscan espacio y tranquilidad a un precio accesible.;https://lrcostahomes.com/wp-content/uploads/2026/07/1-44.jpg;"[""https://lrcostahomes.com/wp-content/uploads/2026/07/1-44.jpg"", ""https://lrcostahomes.com/wp-content/uploads/2026/07/2-19.jpg"", ""https://lrcostahomes.com/wp-content/uploads/2026/07/3-16.jpg"", ""https://lrcostahomes.com/wp-content/uploads/2026/07/4-17.jpg"", ""https://lrcostahomes.com/wp-content/uploads/2026/07/5-15.jpg"", ""https://lrcostahomes.com/wp-content/uploads/2026/07/6-16.jpg"", ""https://lrcostahomes.com/wp-content/uploads/2026/07/7-20.jpg"", ""https://lrcostahomes.com/wp-content/uploads/2026/07/8-15.jpg""]";Selección Vivienda Nova;draft;capture;;https://lrcostahomes.com/es/property/one-level-villas/;ref;MARTINEZ;"[""jardín"", ""Solarium"", ""Piscina""]";37.924900344222;-1.1028344476272;no
Villa;villa;Los Alcazares;Los Alcázares;Los Alcázares;Murcia;España;Villa;Obra Nueva € 590.000;590000;LRN-032;Obra Nueva € 590.000;https://lrcostahomes.com/es/property/villa-10/;0;3;3;150;Villa en Los Alcázares: construida individualmente con los más altos estándares. Con 150 m² de superficie habitable en una parcela de 300 m², esta villa de 3 dormitorios y 3 baños incluye piscina privada, solárium de 54 m² y garaje privado. Oferta única de una sola unidad: sin competencia de propiedades vecinas idénticas.;https://lrcostahomes.com/wp-content/uploads/2026/07/1-2.jpeg;"[""https://lrcostahomes.com/wp-content/uploads/2026/07/1-2.jpeg"", ""https://lrcostahomes.com/wp-content/uploads/2026/07/2.jpeg"", ""https://lrcostahomes.com/wp-content/uploads/2026/07/3.jpeg"", ""https://lrcostahomes.com/wp-content/uploads/2026/07/4.jpeg"", ""https://lrcostahomes.com/wp-content/uploads/2026/07/5-1.jpeg"", ""https://lrcostahomes.com/wp-content/uploads/2026/07/6-1.jpeg""]";Selección Vivienda Nova;draft;capture;;https://lrcostahomes.com/es/property/villa-10/;ref;MARTINEZ;"[""jardín"", ""Estacionamiento"", ""Piscina""]";37.618391808395;-1.4392907464554;no
Adosados;adosados;Rafal;Rafal;Rafal;Murcia;España;Villa;Obra Nueva € 269.000;269000;LRN-031;Obra Nueva € 269.000;https://lrcostahomes.com/es/property/townhouses/;0;4;4;188207;Nueva promoción residencial en la mejor zona de Rafal, un pueblo con encanto en la comarca de la Vega Baja donde encontrarás un ambiente acogedor, seguridad y una alta calidad de vida. Esta promoción destaca por sus viviendas espaciosas y bien distribuidas, perfectas para quienes valoran la comodidad y el diseño. Más de 200 m² de superficie habitable y varias terrazas al aire libre. Con piscina comunitaria y zonas comunes. Todos los acabados son de primera calidad: azulejos, pintura y carpintería exterior de aluminio. La cocina está equipada con muebles modernos y funcionales. Pregunte por nuestra promoción de lanzamiento con un paquete de electrodomésticos incluido. La urbanización está rodeada de zonas verdes e instalaciones deportivas. Sótano de más de 70 m² con entrada para vehículos.;https://lrcostahomes.com/wp-content/uploads/2026/07/R8-scaled.jpg;"[""https://lrcostahomes.com/wp-content/uploads/2026/07/R8-scaled.jpg"", ""https://lrcostahomes.com/wp-content/uploads/2026/07/010001.jpg"", ""https://lrcostahomes.com/wp-content/uploads/2026/07/010002.jpg"", ""https://lrcostahomes.com/wp-content/uploads/2026/07/010003.jpg"", ""https://lrcostahomes.com/wp-content/uploads/2026/07/010006.jpg"", ""https://lrcostahomes.com/wp-content/uploads/2026/07/010007.jpg"", ""https://lrcostahomes.com/wp-content/uploads/2026/07/010008.jpg"", ""https://lrcostahomes.com/wp-content/uploads/2026/07/010010.jpg"", ""https://lrcostahomes.com/wp-content/uploads/2026/07/010011.jpg"", ""https://lrcostahomes.com/wp-content/uploads/2026/07/010013.jpg"", ""https://lrcostahomes.com/wp-content/uploads/2026/07/010014.jpg"", ""https://lrcostahomes.com/wp-content/uploads/2026/07/010016.jpg"", ""https://lrcostahomes.com/wp-content/uploads/2026/07/010018.jpg"", ""https://lrcostahomes.com/wp-content/uploads/2026/07/010019.jpg"", ""https://lrcostahomes.com/wp-content/uploads/2026/07/010020.jpg"", ""https://lrcostahomes.com/wp-content/uploads/2026/07/010021.jpg"", ""https://lrcostahomes.com/wp-content/uploads/2026/07/010022.jpg"", ""https://lrcostahomes.com/wp-content/uploads/2026/07/010023.jpg"", ""https://lrcostahomes.com/wp-content/uploads/2026/07/010024.jpg"", ""https://lrcostahomes.com/wp-content/uploads/2026/07/010025.jpg"", ""https://lrcostahomes.com/wp-content/uploads/2026/07/010026.jpg"", ""https://lrcostahomes.com/wp-content/uploads/2026/07/010028.jpg"", ""https://lrcostahomes.com/wp-content/uploads/2026/07/010029.jpg"", ""https://lrcostahomes.com/wp-content/uploads/2026/07/010030.jpg"", ""https://lrcostahomes.com/wp-content/uploads/2026/07/010031.jpg"", ""https://lrcostahomes.com/wp-content/uploads/2026/07/010032.jpg"", ""https://lrcostahomes.com/wp-content/uploads/2026/07/010033.jpg"", ""https://lrcostahomes.com/wp-content/uploads/2026/07/010034.jpg"", ""https://lrcostahomes.com/wp-content/uploads/2026/07/010035.jpg"", ""https://lrcostahomes.com/wp-content/uploads/2026/07/010036.jpg""]";Selección Vivienda Nova;draft;capture;;https://lrcostahomes.com/es/property/townhouses/;ref;MARTINEZ;"[""jardín"", ""Estacionamiento"", ""Solarium"", ""Trastero"", ""Piscina""]";38.031386088409;-0.79590390563505;no
Edificio completo con 4 apartamentos, materiales de alta calidad.;edificio-completo-con-4-apartamentos-materiales-de-alta-calidad;Torrevieja;Torrevieja;Torrevieja;Murcia;España;Villa;En venta € 1.700.000;1700000;LR-064;En venta € 1.700.000;https://lrcostahomes.com/es/property/complete-building-with-4-apartments-high-quality-materials/;0;12;12;335;Se presenta una oportunidad de inversión exclusiva en un edificio residencial, ubicado en una parcela de 335 m², diseñado con un enfoque moderno y funcional, y orientado tanto al uso residencial como al desarrollo turístico. La propiedad destaca por su excelente distribución, calidad de construcción y la posibilidad de obtener una licencia turística, lo que incrementa significativamente su atractivo y potencial rentabilidad. El edificio consta de cuatro apartamentos independientes, incluyendo un espectacular ático dúplex, así como un amplio sótano destinado a aparcamiento y trasteros. La distribución se ha diseñado cuidadosamente para maximizar la comodidad, la privacidad y la eficiencia de cada vivienda. En la planta baja se encuentra un apartamento de 80 m² con dos dormitorios y dos baños completos. Este apartamento ofrece un alto nivel de confort gracias a su sistema de calefacción por suelo radiante en toda la vivienda y al aire acondicionado centralizado con bomba de calor. Su extraordinaria terraza de 125 m² es un elemento especialmente destacable: un espacio exterior amplio y versátil que añade un valor significativo, ideal para disfrutar del aire libre, celebrar reuniones o simplemente relajarse. Los apartamentos de la primera y segunda planta tienen una superficie de 90 m² cada uno. Ambos cuentan con tres dormitorios y dos baños, uno de ellos en suite, lo que proporciona mayor comodidad y privacidad. Incluyen una cocina independiente, un luminoso salón-comedor y agradables vistas despejadas al parque. Al igual que el resto del edificio, estos apartamentos incorporan acabados de alta calidad, como paredes lisas, aire acondicionado centralizado con calefacción y refrigeración, y calefacción por suelo radiante en toda la vivienda, garantizando confort durante todo el año. El ático dúplex, que ocupa la tercera y cuarta planta del edificio, es la joya de la propiedad. Con una superficie total de 180 m², incluyendo la terraza, ofrece una distribución elegante y espaciosa. La primera planta consta de tres dormitorios, un baño completo con ducha y jacuzzi, un amplio salón y una cocina independiente. La segunda planta alberga un impresionante espacio diáfano de aproximadamente 40 m² que integra el salón y la cocina, además de un baño adicional. Desde esta planta se accede a una magnífica terraza de 30 m² equipada con barbacoa, ideal para disfrutar del clima y el estilo de vida mediterráneos. El ático también cuenta con aire acondicionado centralizado independiente en ambas plantas (sistema dual) y un completo sistema de sonido integrado en toda la propiedad, que proporciona un nivel superior de confort y exclusividad. El sótano, con una superficie de 335 m², completa la propiedad, ofreciendo cinco amplias plazas de aparcamiento y cinco trasteros, uno de los cuales cuenta con unos notables 50 m², lo que añade un importante valor funcional tanto para los residentes como para los posibles huéspedes turísticos. En definitiva, se trata de una propiedad singular que combina diseño, calidad, amplitud y un claro enfoque en la rentabilidad. Su configuración permite múltiples opciones de funcionamiento, tanto para alquileres tradicionales como turísticos, con la posibilidad de obtener las licencias necesarias.;https://lrcostahomes.com/wp-content/uploads/2026/07/2-1-1.jpg;"[""https://lrcostahomes.com/wp-content/uploads/2026/07/2-1-1.jpg"", ""https://lrcostahomes.com/wp-content/uploads/2026/07/2-3-1.jpg"", ""https://lrcostahomes.com/wp-content/uploads/2026/07/2-2-1.jpg"", ""https://lrcostahomes.com/wp-content/uploads/2026/07/2-4-1.jpg"", ""https://lrcostahomes.com/wp-content/uploads/2026/07/2-60.jpg"", ""https://lrcostahomes.com/wp-content/uploads/2026/07/2-69.jpg"", ""https://lrcostahomes.com/wp-content/uploads/2026/07/2-17.jpg"", ""https://lrcostahomes.com/wp-content/uploads/2026/07/2-18.jpg"", ""https://lrcostahomes.com/wp-content/uploads/2026/07/2-14-1.jpg"", ""https://lrcostahomes.com/wp-content/uploads/2026/07/2-16.jpg"", ""https://lrcostahomes.com/wp-content/uploads/2026/07/2-6-1.jpg"", ""https://lrcostahomes.com/wp-content/uploads/2026/07/2-26.jpg"", ""https://lrcostahomes.com/wp-content/uploads/2026/07/2-7-1.jpg"", ""https://lrcostahomes.com/wp-content/uploads/2026/07/2-9-1.jpg"", ""https://lrcostahomes.com/wp-content/uploads/2026/07/2-10-1.jpg"", ""https://lrcostahomes.com/wp-content/uploads/2026/07/2-11-1.jpg"", ""https://lrcostahomes.com/wp-content/uploads/2026/07/2-12-1.jpg"", ""https://lrcostahomes.com/wp-content/uploads/2026/07/2-13-1.jpg"", ""https://lrcostahomes.com/wp-content/uploads/2026/07/2-15-1.jpg"", ""https://lrcostahomes.com/wp-content/uploads/2026/07/2-20.jpg"", ""https://lrcostahomes.com/wp-content/uploads/2026/07/2-24.jpg"", ""https://lrcostahomes.com/wp-content/uploads/2026/07/2-25.jpg"", ""https://lrcostahomes.com/wp-content/uploads/2026/07/2-27.jpg"", ""https://lrcostahomes.com/wp-content/uploads/2026/07/2-28.jpg"", ""https://lrcostahomes.com/wp-content/uploads/2026/07/2-29.jpg"", ""https://lrcostahomes.com/wp-content/uploads/2026/07/2-33.jpg"", ""https://lrcostahomes.com/wp-content/uploads/2026/07/2-34.jpg"", ""https://lrcostahomes.com/wp-content/uploads/2026/07/2-37.jpg"", ""https://lrcostahomes.com/wp-content/uploads/2026/07/2-38.jpg"", ""https://lrcostahomes.com/wp-content/uploads/2026/07/2-39.jpg""]";Selección Vivienda Nova;draft;capture;;https://lrcostahomes.com/es/property/complete-building-with-4-apartments-high-quality-materials/;ref;MARTINEZ;"[""Refrigeración central"", ""jardín"", ""Lift"", ""Estacionamiento"", ""Solarium""]";37.977918333846;-0.67642758727568;no
Casa de estilo cuadrangular;casa-de-estilo-cuadrangular;Torrevieja;Torrevieja;Torrevieja;Murcia;España;Villa;En venta € 230.000;230000;LR-063;En venta € 230.000;https://lrcostahomes.com/es/property/quad-style-house/;0;3;3;72;Encantadora casa de cuatro plantas ubicada en una de las zonas más céntricas y consolidadas de Torrevieja. Esta propiedad goza de una ubicación privilegiada a pocos minutos del centro de la ciudad, rodeada de todo tipo de servicios, tiendas, restaurantes e instalaciones de ocio, en una zona residencial tranquila y bien comunicada. Con una superficie de 72 m², esta vivienda se distribuye en dos plantas y ofrece un diseño funcional, confortable y muy versátil. Actualmente se encuentra en buen estado, lo que la convierte en una excelente opción como residencia habitual, segunda vivienda o inversión vacacional. En la planta baja, hay un luminoso salón-comedor con cocina integrada, dos dormitorios de buen tamaño y un baño completo, creando un espacio práctico y confortable para la vida cotidiana. En la planta superior, la casa cuenta con un amplio dormitorio principal, un segundo baño completo y acceso directo a una agradable terraza privada, perfecta para disfrutar del clima mediterráneo durante todo el año. Una de las características más atractivas de esta propiedad es su jardín privado con plaza de aparcamiento, un valor añadido que ofrece comodidad, independencia y un excelente espacio al aire libre. Además, la propiedad tiene orientación este y acceso a una piscina comunitaria, lo que la convierte en una opción ideal para disfrutar de Torrevieja con todas las comodidades.;https://lrcostahomes.com/wp-content/uploads/2026/07/WhatsApp-Image-2026-07-28-at-15.04.08.jpeg;"[""https://lrcostahomes.com/wp-content/uploads/2026/07/WhatsApp-Image-2026-07-28-at-15.04.08.jpeg"", ""https://lrcostahomes.com/wp-content/uploads/2026/07/WhatsApp-Image-2026-07-28-at-15.04.08-1.jpeg"", ""https://lrcostahomes.com/wp-content/uploads/2026/07/WhatsApp-Image-2026-07-28-at-15.04.08-2.jpeg"", ""https://lrcostahomes.com/wp-content/uploads/2026/07/WhatsApp-Image-2026-07-28-at-15.04.08-3.jpeg"", ""https://lrcostahomes.com/wp-content/uploads/2026/07/WhatsApp-Image-2026-07-28-at-15.04.08-4.jpeg"", ""https://lrcostahomes.com/wp-content/uploads/2026/07/WhatsApp-Image-2026-07-28-at-15.04.09-1.jpeg"", ""https://lrcostahomes.com/wp-content/uploads/2026/07/WhatsApp-Image-2026-07-28-at-15.04.09-2.jpeg"", ""https://lrcostahomes.com/wp-content/uploads/2026/07/WhatsApp-Image-2026-07-28-at-15.04.09-3.jpeg"", ""https://lrcostahomes.com/wp-content/uploads/2026/07/WhatsApp-Image-2026-07-28-at-15.04.09-4.jpeg"", ""https://lrcostahomes.com/wp-content/uploads/2026/07/WhatsApp-Image-2026-07-28-at-15.04.09-5.jpeg"", ""https://lrcostahomes.com/wp-content/uploads/2026/07/WhatsApp-Image-2026-07-28-at-15.04.09.jpeg"", ""https://lrcostahomes.com/wp-content/uploads/2026/07/WhatsApp-Image-2026-07-28-at-15.04.10-1.jpeg"", ""https://lrcostahomes.com/wp-content/uploads/2026/07/WhatsApp-Image-2026-07-28-at-15.04.10-2.jpeg"", ""https://lrcostahomes.com/wp-content/uploads/2026/07/WhatsApp-Image-2026-07-28-at-15.04.10-3.jpeg"", ""https://lrcostahomes.com/wp-content/uploads/2026/07/WhatsApp-Image-2026-07-28-at-15.04.10-4.jpeg"", ""https://lrcostahomes.com/wp-content/uploads/2026/07/WhatsApp-Image-2026-07-28-at-15.04.10-5.jpeg"", ""https://lrcostahomes.com/wp-content/uploads/2026/07/WhatsApp-Image-2026-07-28-at-15.04.10.jpeg"", ""https://lrcostahomes.com/wp-content/uploads/2026/07/WhatsApp-Image-2026-07-28-at-15.04.10-6.jpeg"", ""https://lrcostahomes.com/wp-content/uploads/2026/07/WhatsApp-Image-2026-07-28-at-15.04.10-7.jpeg"", ""https://lrcostahomes.com/wp-content/uploads/2026/07/WhatsApp-Image-2026-07-28-at-15.04.10-8.jpeg"", ""https://lrcostahomes.com/wp-content/uploads/2026/07/WhatsApp-Image-2026-07-28-at-15.04.10-9.jpeg""]";Selección Vivienda Nova;draft;capture;;https://lrcostahomes.com/es/property/quad-style-house/;ref;MARTINEZ;"[""jardín"", ""Estacionamiento"", ""Piscina""]";37.984514484331;-0.68017750908267;no
Villa adosada;villa-adosada;Torrevieja;Torrevieja;Torrevieja;Murcia;España;Villa;En venta € 229.000;229000;LR-062;En venta € 229.000;https://lrcostahomes.com/es/property/semi-detached-villa/;0;3;3;95;Villa adosada situada en una urbanización cerrada con acceso mediante portón automático, amplias zonas verdes, parques infantiles y una espectacular piscina comunitaria de gran tamaño con quiosco/bar, ideal para disfrutar del verano sin salir de casa. La propiedad se encuentra en perfecto estado y lista para entrar a vivir. Cuenta con una galería recientemente cerrada con tragaluz, que proporciona abundante luz natural y ventilación, y que ha sido convertida en un práctico comedor con lavadero y despensa. Una terraza de 12 m² orientada al sur es ideal para disfrutar del sol durante todo el año y de agradables puestas de sol. El jardín privado, con espacio para aparcar un vehículo, está actualmente acondicionado como una acogedora zona de relax con jacuzzi. La propiedad se vende amueblada (excepto los objetos personales), lo que la hace ideal como residencia permanente, segunda vivienda o inversión para alquiler vacacional. Además, se encuentra a tan solo 2 km de las playas de Torrevieja y muy cerca de supermercados, centros comerciales, colegios, transporte público y todos los servicios necesarios para la vida diaria.;https://lrcostahomes.com/wp-content/uploads/2026/07/WhatsApp-Image-2026-07-28-at-14.48.22-1.jpeg;"[""https://lrcostahomes.com/wp-content/uploads/2026/07/WhatsApp-Image-2026-07-28-at-14.48.22-1.jpeg"", ""https://lrcostahomes.com/wp-content/uploads/2026/07/WhatsApp-Image-2026-07-28-at-14.48.22-2.jpeg"", ""https://lrcostahomes.com/wp-content/uploads/2026/07/WhatsApp-Image-2026-07-28-at-14.48.22-3.jpeg"", ""https://lrcostahomes.com/wp-content/uploads/2026/07/WhatsApp-Image-2026-07-28-at-14.48.22-4.jpeg"", ""https://lrcostahomes.com/wp-content/uploads/2026/07/WhatsApp-Image-2026-07-28-at-14.48.22-5.jpeg"", ""https://lrcostahomes.com/wp-content/uploads/2026/07/WhatsApp-Image-2026-07-28-at-14.48.22-6.jpeg"", ""https://lrcostahomes.com/wp-content/uploads/2026/07/WhatsApp-Image-2026-07-28-at-14.48.22-7.jpeg"", ""https://lrcostahomes.com/wp-content/uploads/2026/07/WhatsApp-Image-2026-07-28-at-14.48.22.jpeg"", ""https://lrcostahomes.com/wp-content/uploads/2026/07/WhatsApp-Image-2026-07-28-at-14.48.23-1.jpeg"", ""https://lrcostahomes.com/wp-content/uploads/2026/07/WhatsApp-Image-2026-07-28-at-14.48.23-2.jpeg"", ""https://lrcostahomes.com/wp-content/uploads/2026/07/WhatsApp-Image-2026-07-28-at-14.48.23-3.jpeg"", ""https://lrcostahomes.com/wp-content/uploads/2026/07/WhatsApp-Image-2026-07-28-at-14.48.23-4.jpeg"", ""https://lrcostahomes.com/wp-content/uploads/2026/07/WhatsApp-Image-2026-07-28-at-14.48.23-5.jpeg"", ""https://lrcostahomes.com/wp-content/uploads/2026/07/WhatsApp-Image-2026-07-28-at-14.48.23-6.jpeg"", ""https://lrcostahomes.com/wp-content/uploads/2026/07/WhatsApp-Image-2026-07-28-at-14.48.23-7.jpeg"", ""https://lrcostahomes.com/wp-content/uploads/2026/07/WhatsApp-Image-2026-07-28-at-14.48.23-8.jpeg"", ""https://lrcostahomes.com/wp-content/uploads/2026/07/WhatsApp-Image-2026-07-28-at-14.48.23.jpeg""]";Selección Vivienda Nova;draft;capture;;https://lrcostahomes.com/es/property/semi-detached-villa/;ref;MARTINEZ;"[""jardín"", ""Solarium"", ""Piscina""]";37.987829248919;-0.67368100524443;no
Adosado;adosado;Torrevieja;Torrevieja;Torrevieja;Murcia;España;Villa;En venta € 220.000;220000;LR-061;En venta € 220.000;https://lrcostahomes.com/es/property/townhouse-2/;0;3;3;95;Preciosa casa adosada de dos plantas, totalmente reformada, en la zona residencial de Doña Inés. La casa tiene dos entradas independientes, una por planta, lo que la hace ideal como vivienda familiar o como inversión para alquiler vacacional. La planta baja consta de un dormitorio, un baño completo, una cocina y una sala de estar. La planta superior cuenta con dos dormitorios, un baño completo, otra cocina totalmente equipada y un amplio solárium privado con hermosas vistas. La casa dispone de aire acondicionado split. La propiedad ha sido completamente renovada con acabados modernos de alta calidad y está lista para entrar a vivir sin necesidad de realizar ninguna obra adicional. La casa está ubicada en una zona residencial tranquila con una gran piscina comunitaria.;https://lrcostahomes.com/wp-content/uploads/2026/07/LWhatsApp-Image-2026-07-28-at-13.30.00-1.jpeg;"[""https://lrcostahomes.com/wp-content/uploads/2026/07/LWhatsApp-Image-2026-07-28-at-13.30.00-1.jpeg"", ""https://lrcostahomes.com/wp-content/uploads/2026/07/WhatsApp-Image-2026-07-28-at-13.30.00-2.jpeg"", ""https://lrcostahomes.com/wp-content/uploads/2026/07/WhatsApp-Image-2026-07-28-at-13.30.00-4.jpeg"", ""https://lrcostahomes.com/wp-content/uploads/2026/07/WhatsApp-Image-2026-07-28-at-13.30.00-5.jpeg"", ""https://lrcostahomes.com/wp-content/uploads/2026/07/WhatsApp-Image-2026-07-28-at-13.30.00.jpeg"", ""https://lrcostahomes.com/wp-content/uploads/2026/07/WhatsApp-Image-2026-07-28-at-13.30.01-1.jpeg"", ""https://lrcostahomes.com/wp-content/uploads/2026/07/WhatsApp-Image-2026-07-28-at-13.30.01-2.jpeg"", ""https://lrcostahomes.com/wp-content/uploads/2026/07/WhatsApp-Image-2026-07-28-at-13.30.01-3.jpeg"", ""https://lrcostahomes.com/wp-content/uploads/2026/07/WhatsApp-Image-2026-07-28-at-13.30.01-4.jpeg"", ""https://lrcostahomes.com/wp-content/uploads/2026/07/WhatsApp-Image-2026-07-28-at-13.30.01-5.jpeg"", ""https://lrcostahomes.com/wp-content/uploads/2026/07/WhatsApp-Image-2026-07-28-at-13.30.01-6.jpeg"", ""https://lrcostahomes.com/wp-content/uploads/2026/07/WhatsApp-Image-2026-07-28-at-13.30.01-7.jpeg"", ""https://lrcostahomes.com/wp-content/uploads/2026/07/WhatsApp-Image-2026-07-28-at-13.30.01.jpeg"", ""https://lrcostahomes.com/wp-content/uploads/2026/07/WhatsApp-Image-2026-07-28-at-13.30.24-1.jpeg"", ""https://lrcostahomes.com/wp-content/uploads/2026/07/WhatsApp-Image-2026-07-28-at-13.30.24-2.jpeg"", ""https://lrcostahomes.com/wp-content/uploads/2026/07/WhatsApp-Image-2026-07-28-at-13.30.24-3.jpeg"", ""https://lrcostahomes.com/wp-content/uploads/2026/07/WhatsApp-Image-2026-07-28-at-13.30.24.jpeg"", ""https://lrcostahomes.com/wp-content/uploads/2026/07/WhatsApp-Image-2026-07-28-at-13.30.01-8.jpeg""]";Selección Vivienda Nova;draft;capture;;https://lrcostahomes.com/es/property/townhouse-2/;ref;MARTINEZ;"[""jardín"", ""Solarium"", ""Piscina""]";37.980765564993;-0.68255806123206;no
Apartamento dúplex;apartamento-d-plex;Torrevieja;Torrevieja;Torrevieja;Murcia;España;Villa;En venta € 225.000;225000;LR-060;En venta € 225.000;https://lrcostahomes.com/es/property/duplex-apartment/;0;3;3;75;Magnífico apartamento dúplex situado junto a la playa más bonita de la Costa Blanca, en La Mata, dentro de un elegante complejo residencial con piscina y paseo marítimo. Completamente reformado, el apartamento cuenta con terraza, salón, cocina totalmente equipada (lavavajillas, frigorífico grande, horno, microondas), aire acondicionado y calefacción (incluso en los baños). El complejo donde se ubica el apartamento goza de una excelente ubicación: está justo al lado de una hermosa playa, cerca de todos los atractivos de la zona costera y, al mismo tiempo, ofrece tranquilidad y privacidad en una encantadora comunidad cerrada con acceso restringido, una zona verde bien cuidada y una fuente ornamental. Conectada directamente con la sala de estar, hay una amplia terraza cerrada donde podrá relajarse con el relajante sonido de la fuente mientras observa a los niños nadar en la piscina. Uno de los dormitorios también cuenta con un balcón con vistas a la terraza y a la piscina.;https://lrcostahomes.com/wp-content/uploads/2026/07/WhatsApp-Image-2026-07-28-at-12.34.31-8-copy-1.jpeg;"[""https://lrcostahomes.com/wp-content/uploads/2026/07/WhatsApp-Image-2026-07-28-at-12.34.31-8-copy-1.jpeg"", ""https://lrcostahomes.com/wp-content/uploads/2026/07/WhatsApp-Image-2026-07-28-at-12.34.30-1.jpeg"", ""https://lrcostahomes.com/wp-content/uploads/2026/07/WhatsApp-Image-2026-07-28-at-12.34.31-1.jpeg"", ""https://lrcostahomes.com/wp-content/uploads/2026/07/WhatsApp-Image-2026-07-28-at-12.34.30.jpeg"", ""https://lrcostahomes.com/wp-content/uploads/2026/07/WhatsApp-Image-2026-07-28-at-12.34.31-4.jpeg"", ""https://lrcostahomes.com/wp-content/uploads/2026/07/WhatsApp-Image-2026-07-28-at-12.34.31-2.jpeg"", ""https://lrcostahomes.com/wp-content/uploads/2026/07/WhatsApp-Image-2026-07-28-at-12.34.31-3.jpeg"", ""https://lrcostahomes.com/wp-content/uploads/2026/07/WhatsApp-Image-2026-07-28-at-12.34.31-5.jpeg"", ""https://lrcostahomes.com/wp-content/uploads/2026/07/WhatsApp-Image-2026-07-28-at-12.34.31-6.jpeg"", ""https://lrcostahomes.com/wp-content/uploads/2026/07/WhatsApp-Image-2026-07-28-at-12.34.31-7-copy-1.jpeg"", ""https://lrcostahomes.com/wp-content/uploads/2026/07/WhatsApp-Image-2026-07-28-at-12.34.31-9.jpeg"", ""https://lrcostahomes.com/wp-content/uploads/2026/07/WhatsApp-Image-2026-07-28-at-12.34.31-copy-2.jpeg"", ""https://lrcostahomes.com/wp-content/uploads/2026/07/WhatsApp-Image-2026-07-28-at-12.34.32-copy-2.jpeg""]";Selección Vivienda Nova;draft;capture;;https://lrcostahomes.com/es/property/duplex-apartment/;ref;MARTINEZ;"[""jardín"", ""Piscina""]";38.009139466792;-0.65472991623057;no
Amplias casas tipo bungalow;amplias-casas-tipo-bungalow;Pilar de la Horadada;Pilar de la Horadada;Pilar de la Horadada;Murcia;España;Villa;Obra Nueva € 291.500;291500;LRN-030;Obra Nueva € 291.500;https://lrcostahomes.com/es/property/spacious-bungalow-maisonettes/;0;3;3;93118;Amplias casas adosadas tipo bungalow en Pilar de la Horadada, una de las localidades de mayor crecimiento en la Costa Blanca Sur. Las viviendas en planta baja ofrecen amplias parcelas privadas con piscina y terraza, mientras que las de la planta superior cuentan con impresionantes soláriums. Una oferta especial única permite a cualquier comprador cambiar el jacuzzi por una piscina privada por tan solo 10,000 € adicionales. Pilar de la Horadada se encuentra a pocos minutos de las famosas playas con Bandera Azul de Torre de la Horadada. 3 dormitorios, 2 baños: amplios espacios de 94 m² a 119 m² construidos.;https://lrcostahomes.com/wp-content/uploads/2026/07/6-15.jpg;"[""https://lrcostahomes.com/wp-content/uploads/2026/07/6-15.jpg"", ""https://lrcostahomes.com/wp-content/uploads/2026/07/1-43.jpg"", ""https://lrcostahomes.com/wp-content/uploads/2026/07/2-15.jpg"", ""https://lrcostahomes.com/wp-content/uploads/2026/07/3-15.jpg"", ""https://lrcostahomes.com/wp-content/uploads/2026/07/4-16.jpg"", ""https://lrcostahomes.com/wp-content/uploads/2026/07/5-14.jpg"", ""https://lrcostahomes.com/wp-content/uploads/2026/07/7-19.jpg"", ""https://lrcostahomes.com/wp-content/uploads/2026/07/8-14.jpg"", ""https://lrcostahomes.com/wp-content/uploads/2026/07/9-10.jpg"", ""https://lrcostahomes.com/wp-content/uploads/2026/07/10-10.jpg"", ""https://lrcostahomes.com/wp-content/uploads/2026/07/11-9.jpg"", ""https://lrcostahomes.com/wp-content/uploads/2026/07/12-10.jpg"", ""https://lrcostahomes.com/wp-content/uploads/2026/07/13-1.png"", ""https://lrcostahomes.com/wp-content/uploads/2026/07/14-1.png"", ""https://lrcostahomes.com/wp-content/uploads/2026/07/15-7.jpg"", ""https://lrcostahomes.com/wp-content/uploads/2026/07/16-4.jpg""]";Selección Vivienda Nova;draft;capture;;https://lrcostahomes.com/es/property/spacious-bungalow-maisonettes/;ref;MARTINEZ;"[""jardín"", ""Estacionamiento"", ""Solarium""]";37.976101117076;-0.67986081481474;no
Villa;villa;Roldan;Roldán;Roldán;Murcia;España;Villa;Obra Nueva € 279.900;279900;LRN-029;Obra Nueva € 279.900;https://lrcostahomes.com/es/property/villa-9/;0;2;2;77;Villa de dos dormitorios y dos baños en la popular urbanización de Roldán: una oportunidad exclusiva para formar parte de esta consolidada comunidad privada a un precio muy competitivo. La villa cuenta con piscina privada, solárium de 61 m² y plaza de aparcamiento asignada. Piscina privada y solárium de 61 m² incluidos: un paquete completo para disfrutar del aire libre. Dentro de una comunidad cerrada que ofrece piscina comunitaria tipo playa, canchas de pádel, restaurante, bolera e instalaciones comunitarias. 2 dormitorios, 2 baños — Villa compacta de 77 m², ideal para parejas o para alquiler vacacional. Rodeado de famosos campos de golf. Próximamente se inaugurará una zona comercial frente al complejo turístico.;https://lrcostahomes.com/wp-content/uploads/2026/07/1-42.jpg;"[""https://lrcostahomes.com/wp-content/uploads/2026/07/1-42.jpg"", ""https://lrcostahomes.com/wp-content/uploads/2026/07/2-14.jpg"", ""https://lrcostahomes.com/wp-content/uploads/2026/07/3-14.jpg"", ""https://lrcostahomes.com/wp-content/uploads/2026/07/4-15.jpg"", ""https://lrcostahomes.com/wp-content/uploads/2026/07/5-13.jpg"", ""https://lrcostahomes.com/wp-content/uploads/2026/07/6-14.jpg"", ""https://lrcostahomes.com/wp-content/uploads/2026/07/7-18.jpg"", ""https://lrcostahomes.com/wp-content/uploads/2026/07/8-13.jpg"", ""https://lrcostahomes.com/wp-content/uploads/2026/07/9-9.jpg"", ""https://lrcostahomes.com/wp-content/uploads/2026/07/10-9.jpg""]";Selección Vivienda Nova;draft;capture;;https://lrcostahomes.com/es/property/villa-9/;ref;MARTINEZ;"[""jardín"", ""Estacionamiento"", ""Solarium"", ""Piscina""]";37.79854812056;-0.99915097594755;no
Bungalows dúplex;bungalows-d-plex;San Javier;San Javier;San Javier;Alicante;España;Villa;Obra Nueva € 258.900;258900;LRN-028;Obra Nueva € 258.900;https://lrcostahomes.com/es/property/duplex-bungalows/;0;23;23;7487;Bungalows dúplex distribuidos en dos edificios en San Javier, con una amplia variedad de distribuciones y planos. Las viviendas de la planta baja cuentan con patios privados, mientras que las de la planta superior ofrecen amplios soláriums de 70 m² y una gran piscina comunitaria. San Javier es una de las localidades mejor ubicadas de Murcia, a pocos minutos del Mar Menor, varios campos de golf y la autopista AP-7. ¿Por qué comprar? Viviendas en dos edificios: una amplia gama de opciones, desde un patio en la planta baja hasta un solárium de 70 m² en la planta superior. Gran piscina comunitaria. A menos de una hora de Corvera y del aeropuerto de Alicante. Disponemos de apartamentos de 2 y 3 dormitorios: opciones flexibles para parejas, familias o inversores. A 5 minutos en coche de la playa y cerca de varios campos de golf. A poca distancia a pie de todos los servicios locales. Precio competitivo para un bungalow dúplex en una ubicación privilegiada en Murcia.;https://lrcostahomes.com/wp-content/uploads/2026/07/1-8.png;"[""https://lrcostahomes.com/wp-content/uploads/2026/07/1-8.png"", ""https://lrcostahomes.com/wp-content/uploads/2026/07/2.png"", ""https://lrcostahomes.com/wp-content/uploads/2026/07/12-9.jpg"", ""https://lrcostahomes.com/wp-content/uploads/2026/07/11-8.jpg"", ""https://lrcostahomes.com/wp-content/uploads/2026/07/14-8.jpg"", ""https://lrcostahomes.com/wp-content/uploads/2026/07/19-3.jpg"", ""https://lrcostahomes.com/wp-content/uploads/2026/07/21-3.jpg"", ""https://lrcostahomes.com/wp-content/uploads/2026/07/23-2.jpg"", ""https://lrcostahomes.com/wp-content/uploads/2026/07/27.jpg"", ""https://lrcostahomes.com/wp-content/uploads/2026/07/28.jpg"", ""https://lrcostahomes.com/wp-content/uploads/2026/07/29.jpg"", ""https://lrcostahomes.com/wp-content/uploads/2026/07/30.jpg"", ""https://lrcostahomes.com/wp-content/uploads/2026/07/31.jpg"", ""https://lrcostahomes.com/wp-content/uploads/2026/07/32.jpg"", ""https://lrcostahomes.com/wp-content/uploads/2026/07/33.jpg"", ""https://lrcostahomes.com/wp-content/uploads/2026/07/34.jpg"", ""https://lrcostahomes.com/wp-content/uploads/2026/07/36.jpg"", ""https://lrcostahomes.com/wp-content/uploads/2026/07/37.jpg"", ""https://lrcostahomes.com/wp-content/uploads/2026/07/38.jpg"", ""https://lrcostahomes.com/wp-content/uploads/2026/07/39.jpg"", ""https://lrcostahomes.com/wp-content/uploads/2026/07/6-13.jpg"", ""https://lrcostahomes.com/wp-content/uploads/2026/07/4.png""]";Selección Vivienda Nova;draft;capture;;https://lrcostahomes.com/es/property/duplex-bungalows/;ref;MARTINEZ;"[""jardín"", ""Solarium"", ""Piscina""]";37.800489359515;-0.83573715191241;no
Apartamentos;apartamentos;San Cayetano;San Cayetano;San Cayetano;Murcia;España;Villa;Obra Nueva € 226.900;226900;LRN-027;Obra Nueva € 226.900;https://lrcostahomes.com/es/property/apartments-2/;0;23;23;6786;Apartamentos de 2 y 3 dormitorios y 2 baños rodeados de amplias zonas verdes, piscinas y gimnasio, a precios muy competitivos en la costa de Murcia. Todos los apartamentos incluyen plaza de aparcamiento y trastero. Las viviendas en planta baja disponen de jardín privado, mientras que los áticos cuentan con impresionantes soláriums. Por qué comprar: Todas las unidades incluyen estacionamiento y trastero. Áticos con soláriums privados de hasta 53 m²: luz natural y espacio exterior de primera calidad. Apartamentos en planta baja con jardines privados: perfectos para familias y residentes permanentes. Uno de los precios de apartamentos más competitivos en una ubicación costera de Murcia. Amplio jardín comunitario con dos grandes piscinas y gimnasio.;https://lrcostahomes.com/wp-content/uploads/2026/07/11-7.jpg;"[""https://lrcostahomes.com/wp-content/uploads/2026/07/11-7.jpg"", ""https://lrcostahomes.com/wp-content/uploads/2026/07/13-7.jpg"", ""https://lrcostahomes.com/wp-content/uploads/2026/07/5-12.jpg"", ""https://lrcostahomes.com/wp-content/uploads/2026/07/2-13.jpg"", ""https://lrcostahomes.com/wp-content/uploads/2026/07/4-14.jpg"", ""https://lrcostahomes.com/wp-content/uploads/2026/07/6-12.jpg"", ""https://lrcostahomes.com/wp-content/uploads/2026/07/7-17.jpg"", ""https://lrcostahomes.com/wp-content/uploads/2026/07/8-12.jpg"", ""https://lrcostahomes.com/wp-content/uploads/2026/07/9-8.jpg"", ""https://lrcostahomes.com/wp-content/uploads/2026/07/10-8.jpg"", ""https://lrcostahomes.com/wp-content/uploads/2026/07/12-8.jpg"", ""https://lrcostahomes.com/wp-content/uploads/2026/07/14-7.jpg"", ""https://lrcostahomes.com/wp-content/uploads/2026/07/15-6.jpg"", ""https://lrcostahomes.com/wp-content/uploads/2026/07/16-3.jpg"", ""https://lrcostahomes.com/wp-content/uploads/2026/07/17-4.jpg"", ""https://lrcostahomes.com/wp-content/uploads/2026/07/18-2.jpg"", ""https://lrcostahomes.com/wp-content/uploads/2026/07/19-2.jpg"", ""https://lrcostahomes.com/wp-content/uploads/2026/07/1-41.jpg"", ""https://lrcostahomes.com/wp-content/uploads/2026/07/AEREA1.jpg""]";Selección Vivienda Nova;draft;capture;;https://lrcostahomes.com/es/property/apartments-2/;ref;MARTINEZ;"[""jardín"", ""Estacionamiento"", ""Trastero"", ""Piscina""]";37.8076737042;-0.89581082702177;no
Adosado;adosado;San Javier;San Javier;San Javier;Alicante;España;Villa;Obra Nueva € 329.900;329900;LRN-026;Obra Nueva € 329.900;https://lrcostahomes.com/es/property/townhouse/;0;3;3;137;Amplias casas adosadas de 3 dormitorios y 3 baños en San Javier, una de las localidades más prácticas y mejor comunicadas de la Costa Cálida. Cada vivienda tiene una superficie de entre 135 y 138 m² distribuidos en varias plantas y cuenta con jardín privado, aparcamiento en parcela, terraza, solárium y una gran piscina privada. Por qué comprar: Espacio excepcional a un precio inmejorable: 135–138 m² de superficie habitable más jardín privado, terraza, solárium, aparcamiento en parcela y piscina. 3 dormitorios, 3 baños: ideal para familias o compradores que buscan un alojamiento espacioso. San Javier: gran infraestructura, fácil acceso a La Manga, la costa del Mar Menor y Corvera o el aeropuerto de Alicante Piscina privada y aparcamiento incluidos: un factor clave para las tarifas de alquiler premium y el atractivo para los compradores.;https://lrcostahomes.com/wp-content/uploads/2026/07/1-40.jpg;"[""https://lrcostahomes.com/wp-content/uploads/2026/07/1-40.jpg"", ""https://lrcostahomes.com/wp-content/uploads/2026/07/4-13.jpg"", ""https://lrcostahomes.com/wp-content/uploads/2026/07/7-16.jpg"", ""https://lrcostahomes.com/wp-content/uploads/2026/07/8-11.jpg"", ""https://lrcostahomes.com/wp-content/uploads/2026/07/9-7.jpg"", ""https://lrcostahomes.com/wp-content/uploads/2026/07/10-7.jpg""]";Selección Vivienda Nova;draft;capture;;https://lrcostahomes.com/es/property/townhouse/;ref;MARTINEZ;"[""jardín"", ""Estacionamiento"", ""Solarium"", ""Piscina""]";37.801998427335;-0.84190915465849;no
Bungalows dúplex;bungalows-d-plex;San Pedro del Pinatar;San Pedro de Pinatar;San Pedro del Pinatar;Murcia;España;Villa;Obra Nueva € 319.900;319900;LRN-025;Obra Nueva € 319.900;https://lrcostahomes.com/es/property/bungalow-maisonettes/;0;2;2;8492;Nueva colección de casas adosadas tipo bungalow en San Pedro del Pinatar, con un mercado de alquiler muy activo durante todo el año. Las unidades de la planta baja cuentan con terrazas y piscinas privadas. Algunas unidades de la planta superior incluyen jacuzzi o piscina privada sin coste adicional. A poca distancia a pie de todos los servicios. Algunos apartamentos en la planta superior incluyen jacuzzi o piscina privados, una característica premium que conlleva tarifas de alquiler por noche más elevadas. Dos unidades con sótano (78 m²) — espacio de almacenamiento adicional 2 dormitorios, 2 baños: distribución práctica ideal para alquiler vacacional o residencia permanente.;https://lrcostahomes.com/wp-content/uploads/2026/07/1-39.jpg;"[""https://lrcostahomes.com/wp-content/uploads/2026/07/1-39.jpg"", ""https://lrcostahomes.com/wp-content/uploads/2026/07/2-12.jpg"", ""https://lrcostahomes.com/wp-content/uploads/2026/07/3-12.jpg"", ""https://lrcostahomes.com/wp-content/uploads/2026/07/4-12.jpg"", ""https://lrcostahomes.com/wp-content/uploads/2026/07/5-11.jpg"", ""https://lrcostahomes.com/wp-content/uploads/2026/07/6-11.jpg""]";Selección Vivienda Nova;draft;capture;;https://lrcostahomes.com/es/property/bungalow-maisonettes/;ref;MARTINEZ;"[""Estacionamiento"", ""Piscina""]";37.840856226433;-0.77805112243193;no
Apartamentos rodeados por el campo de golf.;apartamentos-rodeados-por-el-campo-de-golf;Los Alcazares;Los Alcázares;Los Alcázares;Murcia;España;Villa;Obra Nueva € 278.900;278900;Ninguna;Obra Nueva € 278.900;https://lrcostahomes.com/es/property/apartments-surrounded-by-the-golf-course/;0;2;2;74;"Veintiocho apartamentos modernos de 2 y 3 dormitorios rodeados por el campo de golf de Los Alcázares, con impresionantes vistas al mar menor. Todas las viviendas incluyen aparcamiento y trastero. Estos apartamentos tienen acceso a una gran piscina comunitaria y jardines. Los áticos cuentan con soláriums privados de hasta 78 m². Los Alcázares registra una tasa de ocupación media del 47 % en Airbnb, lo que lo convierte en una excelente opción para inversores en alquileres vacacionales. Por qué comprar: Rodeado de campos de golf y con vistas al Mar Menor. Apartamentos de 2 y 3 habitaciones con estacionamiento y trastero incluidos en cada unidad. A 800 metros de la playa: fuerte demanda de alquiler durante todo el año. Áticos con soláriums privados de hasta 78 m²: un estilo de vida de lujo en la planta más alta. Los apartamentos de la segunda y tercera planta disfrutan de vistas abiertas al mar Menor; las viviendas de la planta baja ofrecen acceso directo al jardín y a la piscina.";https://lrcostahomes.com/wp-content/uploads/2026/07/8-10.jpg;"[""https://lrcostahomes.com/wp-content/uploads/2026/07/8-10.jpg"", ""https://lrcostahomes.com/wp-content/uploads/2026/07/7-15.jpg"", ""https://lrcostahomes.com/wp-content/uploads/2026/07/11-6.jpg"", ""https://lrcostahomes.com/wp-content/uploads/2026/07/12-7.jpg"", ""https://lrcostahomes.com/wp-content/uploads/2026/07/13-6.jpg"", ""https://lrcostahomes.com/wp-content/uploads/2026/07/14-6.jpg"", ""https://lrcostahomes.com/wp-content/uploads/2026/07/15-5.jpg"", ""https://lrcostahomes.com/wp-content/uploads/2026/07/16-2.jpg"", ""https://lrcostahomes.com/wp-content/uploads/2026/07/17-3.jpg"", ""https://lrcostahomes.com/wp-content/uploads/2026/07/20-2.jpg"", ""https://lrcostahomes.com/wp-content/uploads/2026/07/21-2.jpg"", ""https://lrcostahomes.com/wp-content/uploads/2026/07/22-1.jpg"", ""https://lrcostahomes.com/wp-content/uploads/2026/07/23-1.jpg"", ""https://lrcostahomes.com/wp-content/uploads/2026/07/24.jpg"", ""https://lrcostahomes.com/wp-content/uploads/2026/07/26.jpeg"", ""https://lrcostahomes.com/wp-content/uploads/2026/07/4-11.jpg""]";Selección Vivienda Nova;draft;capture;;https://lrcostahomes.com/es/property/apartments-surrounded-by-the-golf-course/;ref;MARTINEZ;"[""jardín"", ""Lift"", ""Estacionamiento"", ""Solarium"", ""Piscina""]";37.745173113314;-0.85875817783666;no
villas modernas;villas-modernas;Roldan;Roldán;Roldán;Murcia;España;Villa;Obra Nueva € 262.900;262900;LRN-023;Obra Nueva € 262.900;https://lrcostahomes.com/es/property/modern-villas/;0;2;2;81;Modernas villas de 2 dormitorios en Roldán, una de las urbanizaciones más populares de Murcia. Cada villa cuenta con piscina privada, solárium privado con cocina de verano, jardín y aparcamiento en su propia parcela. Con una amplia variedad de tamaños y orientaciones de parcela disponibles, los compradores tienen una gran libertad de elección a uno de los precios más competitivos de la zona. Cada villa incluye piscina privada, solárium (63 m²), jardín y aparcamiento en la parcela. Amplia gama de tamaños de parcelas desde 152 m² hasta 202 m²: elija su orientación y espacio ideales. Roldán: ubicación bien comunicada a 15 minutos de la costa del Mar Menor y del aeropuerto de Corvera.;https://lrcostahomes.com/wp-content/uploads/2026/07/3-11.jpg;"[""https://lrcostahomes.com/wp-content/uploads/2026/07/3-11.jpg"", ""https://lrcostahomes.com/wp-content/uploads/2026/07/2-11.jpg"", ""https://lrcostahomes.com/wp-content/uploads/2026/07/4-10.jpg"", ""https://lrcostahomes.com/wp-content/uploads/2026/07/6-10.jpg"", ""https://lrcostahomes.com/wp-content/uploads/2026/07/7-14.jpg"", ""https://lrcostahomes.com/wp-content/uploads/2026/07/8-9.jpg"", ""https://lrcostahomes.com/wp-content/uploads/2026/07/9-6.jpg"", ""https://lrcostahomes.com/wp-content/uploads/2026/07/10-6.jpg"", ""https://lrcostahomes.com/wp-content/uploads/2026/07/11-5.jpg"", ""https://lrcostahomes.com/wp-content/uploads/2026/07/12-6.jpg"", ""https://lrcostahomes.com/wp-content/uploads/2026/07/13-5.jpg"", ""https://lrcostahomes.com/wp-content/uploads/2026/07/14-5.jpg"", ""https://lrcostahomes.com/wp-content/uploads/2026/07/15-4.jpg"", ""https://lrcostahomes.com/wp-content/uploads/2026/07/5-10.jpg"", ""https://lrcostahomes.com/wp-content/uploads/2026/07/1-38.jpg""]";Selección Vivienda Nova;draft;capture;;https://lrcostahomes.com/es/property/modern-villas/;ref;MARTINEZ;"[""jardín"", ""Estacionamiento"", ""Solarium"", ""Piscina""]";37.976101117076;-0.67986081481474;no
Villa;villa;Orihuela Costa;Orihuela Costa;Orihuela Costa;Murcia;España;Villa;En venta;0;LR-059;En venta;https://lrcostahomes.com/es/property/villa-8/;0;3;3;110;Villa en venta en Orihuela Costa, ubicada en una zona muy solicitada por su proximidad a playas, campos de golf y todos los servicios. Esta propiedad es ideal para vivir todo el año, como segunda residencia o como inversión inmobiliaria en la Costa Blanca. La villa cuenta con 110 m² de superficie habitable en una parcela privada de 370 m², ofreciendo amplios espacios exteriores, privacidad y una excelente orientación. Dispone de 3 dormitorios y 2 baños, con una distribución cómoda y funcional. La planta baja consta de dos dormitorios y un baño, facilitando el acceso y el uso diario de la propiedad. La planta superior alberga la suite principal, con acceso directo a una gran terraza privada con doble orientación sureste y suroeste, que proporciona luz natural durante todo el día. En el exterior, la villa ofrece una piscina privada climatizada, una pérgola junto a la piscina y un entorno ideal para disfrutar del clima mediterráneo. La propiedad también cuenta con aparcamiento privado, una característica muy valorada en las villas de Orihuela Costa. La casa se encuentra a tan solo 5 minutos en coche de las playas de Campoamor y Cabo Roig, y cerca de supermercados, farmacias, restaurantes y otros servicios. También está cerca de los campos de golf de Las Ramblas y Campoamor, así como del centro comercial La Zenia Boulevard.;https://lrcostahomes.com/wp-content/uploads/2026/07/reventa-villa-orihuela-costa-lomas-de-don-juan_492263_xl.jpg;"[""https://lrcostahomes.com/wp-content/uploads/2026/07/reventa-villa-orihuela-costa-lomas-de-don-juan_492263_xl.jpg"", ""https://lrcostahomes.com/wp-content/uploads/2026/07/reventa-villa-orihuela-costa-lomas-de-don-juan_492262_xl.jpg"", ""https://lrcostahomes.com/wp-content/uploads/2026/07/reventa-villa-orihuela-costa-lomas-de-don-juan_492269_xl.jpg"", ""https://lrcostahomes.com/wp-content/uploads/2026/07/reventa-villa-orihuela-costa-lomas-de-don-juan_492264_xl.jpg"", ""https://lrcostahomes.com/wp-content/uploads/2026/07/reventa-villa-orihuela-costa-lomas-de-don-juan_492268_xl.jpg"", ""https://lrcostahomes.com/wp-content/uploads/2026/07/reventa-villa-orihuela-costa-lomas-de-don-juan_492270_xl.jpg"", ""https://lrcostahomes.com/wp-content/uploads/2026/07/reventa-villa-orihuela-costa-lomas-de-don-juan_492265_xl.jpg"", ""https://lrcostahomes.com/wp-content/uploads/2026/07/reventa-villa-orihuela-costa-lomas-de-don-juan_492266_xl.jpg"", ""https://lrcostahomes.com/wp-content/uploads/2026/07/reventa-villa-orihuela-costa-lomas-de-don-juan_492267_xl.jpg"", ""https://lrcostahomes.com/wp-content/uploads/2026/07/reventa-villa-orihuela-costa-lomas-de-don-juan_492273_xl.jpg"", ""https://lrcostahomes.com/wp-content/uploads/2026/07/reventa-villa-orihuela-costa-lomas-de-don-juan_492274_xl.jpg"", ""https://lrcostahomes.com/wp-content/uploads/2026/07/reventa-villa-orihuela-costa-lomas-de-don-juan_492276_xl.jpg"", ""https://lrcostahomes.com/wp-content/uploads/2026/07/reventa-villa-orihuela-costa-lomas-de-don-juan_492277_xl-1.jpg"", ""https://lrcostahomes.com/wp-content/uploads/2026/07/reventa-villa-orihuela-costa-lomas-de-don-juan_492278_xl.jpg"", ""https://lrcostahomes.com/wp-content/uploads/2026/07/reventa-villa-orihuela-costa-lomas-de-don-juan_492279_xl.jpg"", ""https://lrcostahomes.com/wp-content/uploads/2026/07/reventa-villa-orihuela-costa-lomas-de-don-juan_492280_xl.jpg"", ""https://lrcostahomes.com/wp-content/uploads/2026/07/reventa-villa-orihuela-costa-lomas-de-don-juan_492281_xl.jpg"", ""https://lrcostahomes.com/wp-content/uploads/2026/07/reventa-villa-orihuela-costa-lomas-de-don-juan_492282_xl.jpg"", ""https://lrcostahomes.com/wp-content/uploads/2026/07/reventa-villa-orihuela-costa-lomas-de-don-juan_492283_xl.jpg""]";Selección Vivienda Nova;draft;capture;;https://lrcostahomes.com/es/property/villa-8/;ref;MARTINEZ;"[""jardín"", ""Estacionamiento"", ""Piscina""]";37.931924929501;-0.74190231383063;no
Villa;villa;San Miguel de Salinas;San Miguel de Salinas;San Miguel de Salinas;Murcia;España;Villa;Obra Nueva € 429.900;429900;LRN-022;Obra Nueva € 429.900;https://lrcostahomes.com/es/property/villa-7/;0;3;3;103;Esta elegante villa de nueva construcción se encuentra en San Miguel de Salinas, una de las zonas más tranquilas y exclusivas de la Costa Blanca Sur. Diseñada en una sola planta, la propiedad combina confort, estilo contemporáneo y una excelente calidad de construcción, lo que la hace ideal para vivir todo el año o disfrutar de unas vacaciones mediterráneas. Diseño moderno de una sola planta La villa cuenta con una distribución luminosa y funcional, con acabados de alta calidad en todas las estancias: 3 dormitorios con armarios empotrados 2 baños completos con accesorios modernos y duchas a ras de suelo. Salón-comedor diáfano con grandes ventanales. Cocina completamente equipada con electrodomésticos Puerta principal de seguridad reforzada Grandes puertas correderas conectan el interior con la terraza, permitiendo que la luz natural inunde el espacio y creando una conexión perfecta entre el interior y el exterior. Confort y eficiencia energética La villa incluye varias características modernas diseñadas para una vida confortable: Sistema de calentamiento de agua eléctrico aerotérmico Preinstalación para aire acondicionado central persianas motorizadas Video portero Iluminación de LED Materiales de alta calidad por dentro y por fuera. Estas características ayudan a mantener una excelente eficiencia energética durante todo el año. Espacio exterior privado con piscina opcional. La villa está situada en una parcela privada con: Jardin y terraza Muro perimetral y valla metálica Zona de comedor y descanso al aire libre Preinstalación para un solárium (electricidad, agua, televisión) Parking privado;https://lrcostahomes.com/wp-content/uploads/2026/07/61272-55759674-1453334186.jpg;"[""https://lrcostahomes.com/wp-content/uploads/2026/07/61272-55759674-1453334186.jpg"", ""https://lrcostahomes.com/wp-content/uploads/2026/07/61272-55759674-1453334191.jpg"", ""https://lrcostahomes.com/wp-content/uploads/2026/07/61272-55759674-1453334192.jpg"", ""https://lrcostahomes.com/wp-content/uploads/2026/07/61272-55759674-1453334194.jpg"", ""https://lrcostahomes.com/wp-content/uploads/2026/07/61272-55759674-1453334195.jpg"", ""https://lrcostahomes.com/wp-content/uploads/2026/07/61272-55759674-1453334196.jpg"", ""https://lrcostahomes.com/wp-content/uploads/2026/07/61272-55759674-1453334197.jpg"", ""https://lrcostahomes.com/wp-content/uploads/2026/07/61272-55759674-1453334198.jpg"", ""https://lrcostahomes.com/wp-content/uploads/2026/07/61272-55759674-1453334199.jpg"", ""https://lrcostahomes.com/wp-content/uploads/2026/07/61272-55759674-1453334201.jpg"", ""https://lrcostahomes.com/wp-content/uploads/2026/07/61272-55759674-1453334202.jpg"", ""https://lrcostahomes.com/wp-content/uploads/2026/07/61272-55759674-1453334205.jpg"", ""https://lrcostahomes.com/wp-content/uploads/2026/07/61272-55759674-1453334207.jpg"", ""https://lrcostahomes.com/wp-content/uploads/2026/07/61272-55759674-1453334210.jpg"", ""https://lrcostahomes.com/wp-content/uploads/2026/07/61272-55759674-1453334211.jpg"", ""https://lrcostahomes.com/wp-content/uploads/2026/07/61272-55759674-1453334212.jpg"", ""https://lrcostahomes.com/wp-content/uploads/2026/07/61272-55759674-1453334214.jpg"", ""https://lrcostahomes.com/wp-content/uploads/2026/07/61272-55759674-1453334217.jpg"", ""https://lrcostahomes.com/wp-content/uploads/2026/07/61272-55759674-1453334219.jpg"", ""https://lrcostahomes.com/wp-content/uploads/2026/07/61272-55759674-1453334220.jpg"", ""https://lrcostahomes.com/wp-content/uploads/2026/07/61272-55759674-1453334221.jpg"", ""https://lrcostahomes.com/wp-content/uploads/2026/07/61272-55759674-1453334222.jpg"", ""https://lrcostahomes.com/wp-content/uploads/2026/07/61272-55759674-1453334224.jpg""]";Selección Vivienda Nova;draft;capture;;https://lrcostahomes.com/es/property/villa-7/;ref;MARTINEZ;"[""jardín"", ""Estacionamiento"", ""Solarium"", ""Piscina""]";37.974845213226;-0.78251431823271;no
Villas;villas;Polop, Alicante;Polop;Alicante;Alicante;España;Villa;Obra Nueva € 514.400;514400;LRN-021;Obra Nueva € 514.400;https://lrcostahomes.com/es/property/villas-4/;0;3;3;120260;Magnífico conjunto residencial de modernas villas independientes, diseñadas para quienes desean disfrutar plenamente del estilo de vida mediterráneo. Ofrece viviendas de 3 y 4 dormitorios, cuidadosamente diseñadas para integrar a la perfección los espacios interiores con amplias zonas exteriores. Las viviendas están situadas de forma que todas dan al mar, disfrutando además de una magnífica orientación sureste. Uno de sus mayores atractivos son sus impresionantes vistas panorámicas, que combinan dos paisajes únicos: el azul profundo de la bahía de Altea y la imponente sierra de Alicante, conocida por sus espectaculares picos y su entorno natural. Desde las terrazas, los residentes pueden contemplar estas vistas mientras disfrutan de amplios espacios al aire libre que se adaptan a las preferencias individuales. Estas terrazas están diseñadas para aprovechar al máximo el excelente clima de la región. Las viviendas han sido concebidas pensando en la vida al aire libre, ofreciendo no solo terrazas, sino también jardines privados, porches, piscinas y soláriums. Su ubicación privilegiada le añade aún más atractivo. A tan solo cinco minutos del centro de Polop de la Marina, los residentes tienen fácil acceso a un encantador pueblo que ofrece todo tipo de servicios, como restaurantes, tiendas, supermercados, bancos y centros de salud. Para los amantes del deporte y la naturaleza, la zona ofrece numerosas rutas de senderismo y ciclismo de montaña, así como un complejo deportivo con pistas de pádel. Los aficionados al golf también apreciarán la proximidad a prestigiosos campos de golf, a menos de 15 minutos en coche.;https://lrcostahomes.com/wp-content/uploads/2026/07/01042025-2I4A7268-HDR-scaled.jpg;"[""https://lrcostahomes.com/wp-content/uploads/2026/07/01042025-2I4A7268-HDR-scaled.jpg"", ""https://lrcostahomes.com/wp-content/uploads/2026/07/01042025-2I4A7193-HDR-scaled.jpg"", ""https://lrcostahomes.com/wp-content/uploads/2026/07/01042025-2I4A7196-HDR-scaled.jpg"", ""https://lrcostahomes.com/wp-content/uploads/2026/07/01042025-2I4A7199-HDR-scaled.jpg"", ""https://lrcostahomes.com/wp-content/uploads/2026/07/01042025-2I4A7208-HDR-scaled.jpg"", ""https://lrcostahomes.com/wp-content/uploads/2026/07/01042025-2I4A7211-HDR-scaled.jpg"", ""https://lrcostahomes.com/wp-content/uploads/2026/07/01042025-2I4A7214-HDR-scaled.jpg"", ""https://lrcostahomes.com/wp-content/uploads/2026/07/01042025-2I4A7217-HDR-scaled.jpg"", ""https://lrcostahomes.com/wp-content/uploads/2026/07/01042025-2I4A7220-HDR-scaled.jpg"", ""https://lrcostahomes.com/wp-content/uploads/2026/07/01042025-2I4A7223-HDR-scaled.jpg"", ""https://lrcostahomes.com/wp-content/uploads/2026/07/01042025-2I4A7229-HDR-scaled.jpg"", ""https://lrcostahomes.com/wp-content/uploads/2026/07/01042025-2I4A7232-HDR-scaled.jpg"", ""https://lrcostahomes.com/wp-content/uploads/2026/07/01042025-2I4A7235-HDR-scaled.jpg"", ""https://lrcostahomes.com/wp-content/uploads/2026/07/01042025-2I4A7238-HDR-scaled.jpg"", ""https://lrcostahomes.com/wp-content/uploads/2026/07/01042025-2I4A7241-HDR-scaled.jpg"", ""https://lrcostahomes.com/wp-content/uploads/2026/07/01042025-2I4A7244-HDR-scaled.jpg"", ""https://lrcostahomes.com/wp-content/uploads/2026/07/01042025-2I4A7247-HDR-scaled.jpg"", ""https://lrcostahomes.com/wp-content/uploads/2026/07/01042025-2I4A7250-HDR-scaled.jpg"", ""https://lrcostahomes.com/wp-content/uploads/2026/07/01042025-2I4A7253-HDR-scaled.jpg"", ""https://lrcostahomes.com/wp-content/uploads/2026/07/01042025-2I4A7256-HDR-scaled.jpg"", ""https://lrcostahomes.com/wp-content/uploads/2026/07/01042025-2I4A7259-HDR-scaled.jpg"", ""https://lrcostahomes.com/wp-content/uploads/2026/07/01042025-2I4A7262-HDR-scaled.jpg"", ""https://lrcostahomes.com/wp-content/uploads/2026/07/01042025-2I4A7265-HDR-scaled.jpg"", ""https://lrcostahomes.com/wp-content/uploads/2026/07/01042025-2I4A7271-HDR-scaled.jpg"", ""https://lrcostahomes.com/wp-content/uploads/2026/07/01042025-2I4A7274-HDR-scaled.jpg"", ""https://lrcostahomes.com/wp-content/uploads/2026/07/01042025-2I4A7279-HDR-scaled.jpg"", ""https://lrcostahomes.com/wp-content/uploads/2026/07/29032025-DJI_0561-scaled.jpg"", ""https://lrcostahomes.com/wp-content/uploads/2026/07/29032025-DJI_0571-scaled.jpg"", ""https://lrcostahomes.com/wp-content/uploads/2026/07/29032025-DJI_0572-scaled.jpg""]";Selección Vivienda Nova;draft;capture;;https://lrcostahomes.com/es/property/villas-4/;ref;MARTINEZ;"[""jardín"", ""Estacionamiento"", ""Solarium"", ""Piscina""]";38.624455007809;-0.13235119252675;no
Villas;villas;Torre Pacheco;Torre Pacheco;Torre Pacheco;Murcia;España;Villa;Obra Nueva € 314.900;314900;LRN-020;Obra Nueva € 314.900;https://lrcostahomes.com/es/property/villas-3/;0;3;3;193;Villas con una superficie construida de 90 m2, 3 dormitorios y 2 baños, en parcelas desde 193 m2. Salón, cocina, terraza y solárium de 79 m2. Piscina privada.;https://lrcostahomes.com/wp-content/uploads/2026/07/1-37.jpg;"[""https://lrcostahomes.com/wp-content/uploads/2026/07/1-37.jpg"", ""https://lrcostahomes.com/wp-content/uploads/2026/07/2-10.jpg"", ""https://lrcostahomes.com/wp-content/uploads/2026/07/3-10.jpg"", ""https://lrcostahomes.com/wp-content/uploads/2026/07/4-9.jpg"", ""https://lrcostahomes.com/wp-content/uploads/2026/07/5-9.jpg"", ""https://lrcostahomes.com/wp-content/uploads/2026/07/6-9.jpg"", ""https://lrcostahomes.com/wp-content/uploads/2026/07/7-13.jpg"", ""https://lrcostahomes.com/wp-content/uploads/2026/07/8-8.jpg""]";Selección Vivienda Nova;draft;capture;;https://lrcostahomes.com/es/property/villas-3/;ref;MARTINEZ;"[""jardín"", ""Solarium"", ""Piscina""]";37.786068024289;-0.94833920836943;no
Villas;villas;Torre Pacheco;Torre Pacheco;Torre Pacheco;Murcia;España;Villa;Obra Nueva € 259.900;259900;LRN-019;Obra Nueva € 259.900;https://lrcostahomes.com/es/property/villas-2/;0;3;3;88;Villas con una superficie construida de 88 m2, 3 dormitorios y 2 baños, en parcelas desde 167 m2. Salón, cocina, terraza y solárium de 80 m2. Piscina privada.;https://lrcostahomes.com/wp-content/uploads/2026/07/1-36.jpg;"[""https://lrcostahomes.com/wp-content/uploads/2026/07/1-36.jpg"", ""https://lrcostahomes.com/wp-content/uploads/2026/07/3-9.jpg"", ""https://lrcostahomes.com/wp-content/uploads/2026/07/4-8.jpg"", ""https://lrcostahomes.com/wp-content/uploads/2026/07/5-8.jpg"", ""https://lrcostahomes.com/wp-content/uploads/2026/07/6-8.jpg"", ""https://lrcostahomes.com/wp-content/uploads/2026/07/7-12.jpg"", ""https://lrcostahomes.com/wp-content/uploads/2026/07/8-7.jpg"", ""https://lrcostahomes.com/wp-content/uploads/2026/07/2-9.jpg""]";Selección Vivienda Nova;draft;capture;;https://lrcostahomes.com/es/property/villas-2/;ref;MARTINEZ;"[""Solarium"", ""Piscina""]";37.749283266478;-0.95686497948742;no
Villa Independiente;villa-independiente;Ciudad Quesada;Ciudad Quesada;Ciudad Quesada;Murcia;España;Villa;En venta € 397.000;397000;LR-058;En venta € 397.000;https://lrcostahomes.com/es/property/detached-villa-8/;0;3;3;94;Excepcional villa independiente reformada de 3 dormitorios y 2 baños, ubicada en una zona privilegiada cerca de la calle principal de Ciudad Quesada. Situada en una amplia parcela de 500 m², la propiedad se presenta en excelentes condiciones y ha sido mantenida con un nivel de calidad excepcionalmente alto. La villa se asienta sobre una hermosa parcela con jardines maduros que le dan la bienvenida a la entrada. Unas puertas automáticas dan acceso a una amplia entrada con espacio suficiente para aparcar varios vehículos o incluso una autocaravana. El espacio exterior ha sido cuidadosamente diseñado para ofrecer privacidad y entretenimiento, con varias terrazas abiertas y cubiertas, una gran piscina privada, una amplia pérgola con zona de bar, un espacioso trastero y una zona exterior adicional que actualmente se utiliza como trastero. Una escalera desde el jardín conduce a una encantadora terraza cubierta orientada al sur, situada en la parte delantera de la villa, con preciosas vistas a la piscina y los jardines. Unas grandes puertas correderas de cristal, que dan acceso principal a la vivienda, permiten que el salón se abra completamente al exterior, creando una perfecta integración entre el interior y el exterior. En el interior, la propiedad ofrece una luminosa y espaciosa sala de estar de planta abierta con una moderna cocina equipada contigua al salón. Desde la cocina, un pasillo conduce a un amplio lavadero con acceso exterior independiente, lo que aporta practicidad a la distribución. Un arco desde la sala de estar da acceso a dos dormitorios dobles de proporciones generosas y a un elegante cuarto de baño familiar con ducha. Al otro lado del salón, la impresionante suite principal disfruta de hermosas vistas a la piscina y cuenta con puertas francesas que dan a la terraza cubierta, además de un cuarto de baño privado con ducha. Esta magnífica villa combina un amplio espacio habitable, una renovación de alta calidad y una ubicación céntrica inmejorable, lo que la convierte en una residencia permanente ideal o una casa de vacaciones de lujo en el corazón de Ciudad Quesada.;https://lrcostahomes.com/wp-content/uploads/2026/07/WhatsApp-Image-2026-07-10-at-16.40.08-4.jpeg;"[""https://lrcostahomes.com/wp-content/uploads/2026/07/WhatsApp-Image-2026-07-10-at-16.40.08-4.jpeg"", ""https://lrcostahomes.com/wp-content/uploads/2026/07/WhatsApp-Image-2026-07-10-at-16.40.08-6.jpeg"", ""https://lrcostahomes.com/wp-content/uploads/2026/07/WhatsApp-Image-2026-07-10-at-16.40.07-5.jpeg"", ""https://lrcostahomes.com/wp-content/uploads/2026/07/WhatsApp-Image-2026-07-10-at-16.40.07-2.jpeg"", ""https://lrcostahomes.com/wp-content/uploads/2026/07/WhatsApp-Image-2026-07-10-at-16.40.08-5.jpeg"", ""https://lrcostahomes.com/wp-content/uploads/2026/07/WhatsApp-Image-2026-07-10-at-16.40.07-4.jpeg"", ""https://lrcostahomes.com/wp-content/uploads/2026/07/WhatsApp-Image-2026-07-10-at-16.40.07-1.jpeg"", ""https://lrcostahomes.com/wp-content/uploads/2026/07/WhatsApp-Image-2026-07-10-at-16.40.08-8.jpeg"", ""https://lrcostahomes.com/wp-content/uploads/2026/07/WhatsApp-Image-2026-07-10-at-16.40.08.jpeg"", ""https://lrcostahomes.com/wp-content/uploads/2026/07/WhatsApp-Image-2026-07-10-at-16.40.07-3.jpeg"", ""https://lrcostahomes.com/wp-content/uploads/2026/07/WhatsApp-Image-2026-07-10-at-16.40.07-6.jpeg"", ""https://lrcostahomes.com/wp-content/uploads/2026/07/WhatsApp-Image-2026-07-10-at-16.40.07.jpeg"", ""https://lrcostahomes.com/wp-content/uploads/2026/07/WhatsApp-Image-2026-07-10-at-16.40.08-1.jpeg"", ""https://lrcostahomes.com/wp-content/uploads/2026/07/WhatsApp-Image-2026-07-10-at-16.40.08-3.jpeg"", ""https://lrcostahomes.com/wp-content/uploads/2026/07/WhatsApp-Image-2026-07-10-at-16.40.08-7.jpeg"", ""https://lrcostahomes.com/wp-content/uploads/2026/07/WhatsApp-Image-2026-07-10-at-16.40.08-2.jpeg""]";Selección Vivienda Nova;draft;capture;;https://lrcostahomes.com/es/property/detached-villa-8/;ref;MARTINEZ;"[""jardín"", ""Estacionamiento"", ""Trastero"", ""Piscina""]";38.066354086339;-0.70434363282495;no
Villa;villa;Ciudad Quesada;Ciudad Quesada;Ciudad Quesada;Murcia;España;Villa;En venta € 415.000;415000;LR-057;En venta € 415.000;https://lrcostahomes.com/es/property/villa-6/;0;4;4;144;Ubicada en la tranquila y codiciada zona de Ciudad Quesada, esta encantadora villa de 4 dormitorios y 2 baños ofrece la combinación perfecta de privacidad, vida al aire libre y comodidad. La propiedad se encuentra en una parcela completamente cercada, rodeada de altos muros y setos de árboles maduros, creando un oasis privado con un ambiente natural. Al entrar, le da la bienvenida un amplio jardín paisajístico con una gran piscina privada, ideal para disfrutar del clima mediterráneo. El acceso a la villa se realiza a través de una espaciosa terraza cubierta, ideal para relajarse, comer o recibir invitados al aire libre durante todo el año. En el interior, la casa se abre a un acogedor salón-comedor con chimenea, que le aporta calidez y carácter. Desde el salón, se accede directamente a los cuatro dormitorios dobles, incluido el dormitorio principal con baño privado. Un baño familiar independiente con ducha da servicio a los demás dormitorios. La villa también cuenta con una cocina independiente que da a una terraza trasera, ideal como espacio exterior adicional o para uso como lavadero. En el exterior, la propiedad ofrece características prácticas, como un trastero y una escalera que conduce a un solárium privado, donde podrá disfrutar de vistas panorámicas de los alrededores y del sol durante todo el día. Con una ubicación privilegiada a pocos pasos de la animada calle principal de Ciudad Quesada, tendrá fácil acceso a una amplia gama de servicios, incluyendo restaurantes, tiendas, supermercados e instalaciones de ocio.;https://lrcostahomes.com/wp-content/uploads/2026/07/WhatsApp-Image-2026-07-10-at-14.01.48-1.jpeg;"[""https://lrcostahomes.com/wp-content/uploads/2026/07/WhatsApp-Image-2026-07-10-at-14.01.48-1.jpeg"", ""https://lrcostahomes.com/wp-content/uploads/2026/07/WhatsApp-Image-2026-07-10-at-14.01.48-11.jpeg"", ""https://lrcostahomes.com/wp-content/uploads/2026/07/WhatsApp-Image-2026-07-10-at-14.01.48-10.jpeg"", ""https://lrcostahomes.com/wp-content/uploads/2026/07/WhatsApp-Image-2026-07-10-at-14.01.48-5.jpeg"", ""https://lrcostahomes.com/wp-content/uploads/2026/07/WhatsApp-Image-2026-07-10-at-14.01.47-1.jpeg"", ""https://lrcostahomes.com/wp-content/uploads/2026/07/WhatsApp-Image-2026-07-10-at-14.01.48-8.jpeg"", ""https://lrcostahomes.com/wp-content/uploads/2026/07/WhatsApp-Image-2026-07-10-at-14.01.48-6.jpeg"", ""https://lrcostahomes.com/wp-content/uploads/2026/07/WhatsApp-Image-2026-07-10-at-14.01.47-2.jpeg"", ""https://lrcostahomes.com/wp-content/uploads/2026/07/WhatsApp-Image-2026-07-10-at-14.01.47-3.jpeg"", ""https://lrcostahomes.com/wp-content/uploads/2026/07/WhatsApp-Image-2026-07-10-at-14.01.47.jpeg"", ""https://lrcostahomes.com/wp-content/uploads/2026/07/WhatsApp-Image-2026-07-10-at-14.01.48-2.jpeg"", ""https://lrcostahomes.com/wp-content/uploads/2026/07/WhatsApp-Image-2026-07-10-at-14.01.48-3.jpeg"", ""https://lrcostahomes.com/wp-content/uploads/2026/07/WhatsApp-Image-2026-07-10-at-14.01.48-4.jpeg"", ""https://lrcostahomes.com/wp-content/uploads/2026/07/WhatsApp-Image-2026-07-10-at-14.01.48-7.jpeg"", ""https://lrcostahomes.com/wp-content/uploads/2026/07/WhatsApp-Image-2026-07-10-at-14.01.48.jpeg"", ""https://lrcostahomes.com/wp-content/uploads/2026/07/WhatsApp-Image-2026-07-10-at-14.01.48-9.jpeg""]";Selección Vivienda Nova;draft;capture;;https://lrcostahomes.com/es/property/villa-6/;ref;MARTINEZ;"[""jardín"", ""Estacionamiento"", ""Solarium"", ""Piscina""]";38.068166160387;-0.70332352398409;no
Villa Independiente;villa-independiente;Ciudad Quesada;Ciudad Quesada;Ciudad Quesada;Murcia;España;Villa;En venta € 325.000;325000;LR-056;En venta € 325.000;https://lrcostahomes.com/es/property/detached-villa-7/;0;3;3;95;Impresionante villa independiente con orientación sur en una parcela de esquina con piscina privada y vistas panorámicas al lago. Ubicada en una zona muy solicitada de Ciudad Quesada, esta villa independiente de tres dormitorios y dos baños, con una presentación impecable, ocupa una parcela de esquina privilegiada con orientación sur y cuenta con algunas de las vistas más impresionantes de la zona. La propiedad cuenta con aparcamiento privado y acceso a un práctico trastero. La entrada peatonal conduce directamente al amplio jardín orientado al sur, donde se encuentra la piscina privada rodeada de zonas de descanso y solárium, perfectas para disfrutar del sol español durante todo el día. En el lado opuesto de la villa se ubica una zona de barbacoa y entretenimiento recientemente alicatada, con acceso directo al lavadero y a la cocina, lo que facilita las comidas y reuniones al aire libre. Una escalera conduce a la terraza cubierta elevada, uno de los elementos más destacados de la propiedad. Otra escalera lleva al amplio solárium privado, que ofrece aún más espacio para relajarse y disfrutar del espectacular entorno. La puerta principal da acceso a un luminoso y espacioso salón-comedor-cocina diáfano, que ha sido reformado con mucho gusto por los actuales propietarios para crear un espacio moderno y acogedor. Desde el salón se accede a las demás estancias, que incluyen un amplio dormitorio principal con un baño privado con ducha, un dormitorio de invitados también con baño privado con ducha y un tercer dormitorio que actualmente se utiliza como despacho. Esta fantástica villa, que combina una privilegiada ubicación en esquina, un excepcional espacio exterior, interiores modernos y vistas impresionantes, goza de una ubicación ideal cerca de todos los servicios que ofrece Ciudad Quesada, a la vez que disfruta de un entorno residencial tranquilo.;https://lrcostahomes.com/wp-content/uploads/2026/07/WhatsApp-Image-2026-07-10-at-13.01.25.jpeg;"[""https://lrcostahomes.com/wp-content/uploads/2026/07/WhatsApp-Image-2026-07-10-at-13.01.25.jpeg"", ""https://lrcostahomes.com/wp-content/uploads/2026/07/WhatsApp-Image-2026-07-10-at-13.01.26.jpeg"", ""https://lrcostahomes.com/wp-content/uploads/2026/07/WhatsApp-Image-2026-07-10-at-13.01.25-1.jpeg"", ""https://lrcostahomes.com/wp-content/uploads/2026/07/WhatsApp-Image-2026-07-10-at-13.01.26-6.jpeg"", ""https://lrcostahomes.com/wp-content/uploads/2026/07/WhatsApp-Image-2026-07-10-at-13.01.26-2.jpeg"", ""https://lrcostahomes.com/wp-content/uploads/2026/07/WhatsApp-Image-2026-07-10-at-13.01.26-3.jpeg"", ""https://lrcostahomes.com/wp-content/uploads/2026/07/WhatsApp-Image-2026-07-10-at-13.01.26-8.jpeg"", ""https://lrcostahomes.com/wp-content/uploads/2026/07/WhatsApp-Image-2026-07-10-at-13.01.25-3.jpeg"", ""https://lrcostahomes.com/wp-content/uploads/2026/07/WhatsApp-Image-2026-07-10-at-13.01.25-4.jpeg"", ""https://lrcostahomes.com/wp-content/uploads/2026/07/WhatsApp-Image-2026-07-10-at-13.01.26-7.jpeg"", ""https://lrcostahomes.com/wp-content/uploads/2026/07/WhatsApp-Image-2026-07-10-at-13.01.25-5.jpeg"", ""https://lrcostahomes.com/wp-content/uploads/2026/07/WhatsApp-Image-2026-07-10-at-13.01.25-6.jpeg"", ""https://lrcostahomes.com/wp-content/uploads/2026/07/WhatsApp-Image-2026-07-10-at-13.01.25-7.jpeg"", ""https://lrcostahomes.com/wp-content/uploads/2026/07/WhatsApp-Image-2026-07-10-at-13.01.25-2.jpeg"", ""https://lrcostahomes.com/wp-content/uploads/2026/07/WhatsApp-Image-2026-07-10-at-13.01.26-1.jpeg"", ""https://lrcostahomes.com/wp-content/uploads/2026/07/WhatsApp-Image-2026-07-10-at-13.01.26-5.jpeg"", ""https://lrcostahomes.com/wp-content/uploads/2026/07/WhatsApp-Image-2026-07-10-at-13.01.26-4.jpeg""]";Selección Vivienda Nova;draft;capture;;https://lrcostahomes.com/es/property/detached-villa-7/;ref;MARTINEZ;[];38.066597801257;-0.69904709722404;no
Villa Independiente;villa-independiente;Ciudad Quesada;Ciudad Quesada;Ciudad Quesada;Murcia;España;Villa;En venta € 315.000;315000;LR-055;En venta € 315.000;https://lrcostahomes.com/es/property/detached-villa-6/;0;3;3;94;Esta impresionante villa independiente de tres dormitorios y dos baños se encuentra en la popular zona de Ciudad Quesada, que cuenta con un fantástico centro urbano con una amplia selección de tiendas, bares, restaurantes y servicios. La villa ofrece piscina privada, bar y zona de barbacoa, solárium privado y amplias zonas exteriores. Al ser una propiedad independiente, la villa cuenta con jardines que la rodean, bellamente diseñados con coloridas plantas y flores. El espacio exterior ofrece el entorno perfecto para disfrutar del estilo de vida mediterráneo, con varias terrazas ideales para relajarse y recibir invitados. La moderna piscina privada se complementa con un bar y una zona de barbacoa, creando un espacio excelente para pasar tiempo con familiares y amigos. La propiedad también cuenta con un solárium privado en la azotea, un espacio fantástico para relajarse y disfrutar del sol durante todo el año. En el interior, la villa ofrece una luminosa y espaciosa sala de estar, comedor y cocina de planta abierta, equipada con aire acondicionado y ventiladores de techo para mayor comodidad en cualquier época del año. La sala de estar también tiene acceso directo a la terraza trasera y a la piscina. La villa cuenta con tres dormitorios, todos con aire acondicionado y armarios empotrados. El dormitorio principal dispone de un baño privado con ducha a ras de suelo, mientras que el baño familiar también cuenta con una moderna ducha a ras de suelo. Entre las características adicionales se incluye un cuarto de servicio y almacenamiento exterior, que proporciona un excelente espacio práctico.;https://lrcostahomes.com/wp-content/uploads/2026/07/WhatsApp-Image-2026-07-09-at-14.13.21-3.jpeg;"[""https://lrcostahomes.com/wp-content/uploads/2026/07/WhatsApp-Image-2026-07-09-at-14.13.21-3.jpeg"", ""https://lrcostahomes.com/wp-content/uploads/2026/07/WhatsApp-Image-2026-07-09-at-14.13.21-5.jpeg"", ""https://lrcostahomes.com/wp-content/uploads/2026/07/WhatsApp-Image-2026-07-09-at-14.13.20-5.jpeg"", ""https://lrcostahomes.com/wp-content/uploads/2026/07/WhatsApp-Image-2026-07-09-at-14.13.20-2.jpeg"", ""https://lrcostahomes.com/wp-content/uploads/2026/07/WhatsApp-Image-2026-07-09-at-14.13.22.jpeg"", ""https://lrcostahomes.com/wp-content/uploads/2026/07/WhatsApp-Image-2026-07-09-at-14.13.21-9.jpeg"", ""https://lrcostahomes.com/wp-content/uploads/2026/07/WhatsApp-Image-2026-07-09-at-14.13.21.jpeg"", ""https://lrcostahomes.com/wp-content/uploads/2026/07/WhatsApp-Image-2026-07-09-at-14.13.20-3.jpeg"", ""https://lrcostahomes.com/wp-content/uploads/2026/07/WhatsApp-Image-2026-07-09-at-14.13.20-4.jpeg"", ""https://lrcostahomes.com/wp-content/uploads/2026/07/WhatsApp-Image-2026-07-09-at-14.13.20.jpeg"", ""https://lrcostahomes.com/wp-content/uploads/2026/07/WhatsApp-Image-2026-07-09-at-14.13.20-6.jpeg"", ""https://lrcostahomes.com/wp-content/uploads/2026/07/WhatsApp-Image-2026-07-09-at-14.13.21-1.jpeg"", ""https://lrcostahomes.com/wp-content/uploads/2026/07/WhatsApp-Image-2026-07-09-at-14.13.21-2.jpeg"", ""https://lrcostahomes.com/wp-content/uploads/2026/07/WhatsApp-Image-2026-07-09-at-14.13.21-4.jpeg"", ""https://lrcostahomes.com/wp-content/uploads/2026/07/WhatsApp-Image-2026-07-09-at-14.13.21-7.jpeg"", ""https://lrcostahomes.com/wp-content/uploads/2026/07/WhatsApp-Image-2026-07-09-at-14.13.21-8.jpeg"", ""https://lrcostahomes.com/wp-content/uploads/2026/07/WhatsApp-Image-2026-07-09-at-14.13.21-6.jpeg""]";Selección Vivienda Nova;draft;capture;;https://lrcostahomes.com/es/property/detached-villa-6/;ref;MARTINEZ;"[""jardín"", ""Estacionamiento"", ""Solarium"", ""Piscina""]";38.066924348052;-0.70220656545614;no
Villa;villa;Ciudad Quesada, Alicante;Ciudad Quesada;Alicante;Alicante;España;Villa;En venta € 339.000;339000;LR-054;En venta € 339.000;https://lrcostahomes.com/es/property/villa-5/;0;4;4;93;Esta villa independiente, en excelente estado de conservación, se encuentra en una tranquila zona residencial de Ciudad Quesada, a tan solo 5 minutos del campo de golf La Marquesa y su popular oferta de restaurantes, cafeterías, bares y servicios. Construida en 2003 y mantenida meticulosamente por su único propietario desde entonces, la propiedad ofrece amplias zonas de estar distribuidas en varias plantas, lo que la convierte en una opción ideal como residencia permanente, casa de vacaciones o inversión para alquiler en la Costa Blanca. Con 93 m² de superficie habitable, piscina privada, solárium en la azotea y alojamiento independiente para invitados, esta villa ofrece una gran versatilidad para familias numerosas y para recibir visitas.;https://lrcostahomes.com/wp-content/uploads/2026/07/1-22-2.jpg;"[""https://lrcostahomes.com/wp-content/uploads/2026/07/1-22-2.jpg"", ""https://lrcostahomes.com/wp-content/uploads/2026/07/1-20-2.jpg"", ""https://lrcostahomes.com/wp-content/uploads/2026/07/1-2-2.jpg"", ""https://lrcostahomes.com/wp-content/uploads/2026/07/1-1-2.jpg"", ""https://lrcostahomes.com/wp-content/uploads/2026/07/1-3-2.jpg"", ""https://lrcostahomes.com/wp-content/uploads/2026/07/1-4-2.jpg"", ""https://lrcostahomes.com/wp-content/uploads/2026/07/1-5-2.jpg"", ""https://lrcostahomes.com/wp-content/uploads/2026/07/1-6-2.jpg"", ""https://lrcostahomes.com/wp-content/uploads/2026/07/1-7-2.jpg"", ""https://lrcostahomes.com/wp-content/uploads/2026/07/1-8-2.jpg"", ""https://lrcostahomes.com/wp-content/uploads/2026/07/1-10-2.jpg"", ""https://lrcostahomes.com/wp-content/uploads/2026/07/1-11-2.jpg"", ""https://lrcostahomes.com/wp-content/uploads/2026/07/1-12-2.jpg"", ""https://lrcostahomes.com/wp-content/uploads/2026/07/1-13-2.jpg"", ""https://lrcostahomes.com/wp-content/uploads/2026/07/1-14-2.jpg"", ""https://lrcostahomes.com/wp-content/uploads/2026/07/1-15-2.jpg"", ""https://lrcostahomes.com/wp-content/uploads/2026/07/1-16-2.jpg"", ""https://lrcostahomes.com/wp-content/uploads/2026/07/1-17-2.jpg"", ""https://lrcostahomes.com/wp-content/uploads/2026/07/1-18-2.jpg"", ""https://lrcostahomes.com/wp-content/uploads/2026/07/1-25-1.jpg"", ""https://lrcostahomes.com/wp-content/uploads/2026/07/1-21-2.jpg"", ""https://lrcostahomes.com/wp-content/uploads/2026/07/1-23-2.jpg"", ""https://lrcostahomes.com/wp-content/uploads/2026/07/1-24-2.jpg"", ""https://lrcostahomes.com/wp-content/uploads/2026/07/1-19-2.jpg""]";Selección Vivienda Nova;draft;capture;;https://lrcostahomes.com/es/property/villa-5/;ref;MARTINEZ;"[""jardín"", ""Estacionamiento"", ""Solarium"", ""Piscina""]";38.064467794432;-0.70938657165068;no
Villa independiente;villa-independiente;Benijófar, Alicante;Benijófar;Alicante;Alicante;España;Villa;En venta € 359.000;359000;LR-053;En venta € 359.000;https://lrcostahomes.com/es/property/detached-villa-5/;0;3;3;115;Villa independiente situada en Benijófar, en una parcela de 408 m², diseñada para la comodidad de vivir en una sola planta con excelentes espacios exteriores. La propiedad cuenta con un luminoso salón-comedor con chimenea y una cocina abierta totalmente reformada en estilo moderno, creando un ambiente funcional y contemporáneo. Dispone de 3 dormitorios y 2 baños, además de una amplia terraza cerrada, ideal para reuniones durante todo el año. En la planta superior, encontrarás una terraza solárium, ideal para tomar el sol a cualquier hora del día, gracias a su orientación multidireccional, que garantiza luz natural durante toda la jornada. El exterior cuenta con un jardín con árboles frutales, zonas ajardinadas con baldosas y césped artificial, y una piscina privada. Además, incluye un aparcamiento cubierto dentro de la parcela y una pérgola convertida en zona de barbacoa y descanso, ideal para disfrutar del aire libre. La propiedad también cuenta con un sótano utilizado como trastero, lo que proporciona un práctico espacio de almacenamiento adicional. Cuenta con todo tipo de servicios cercanos, como supermercados, restaurantes internacionales, tiendas y zonas de ocio. Además, está cerca de centros comerciales, campos de golf como La Marquesa en Rojales y las playas de Guardamar, con fácil acceso a las autopistas que conectan con otras zonas y el aeropuerto. Se vende amueblado.;https://lrcostahomes.com/wp-content/uploads/2026/07/13027_resale-villa-benijofar-benijofar_171449_xl.jpg;"[""https://lrcostahomes.com/wp-content/uploads/2026/07/13027_resale-villa-benijofar-benijofar_171449_xl.jpg"", ""https://lrcostahomes.com/wp-content/uploads/2026/07/13027_resale-villa-benijofar-benijofar_171451_xl.jpg"", ""https://lrcostahomes.com/wp-content/uploads/2026/07/13027_resale-villa-benijofar-benijofar_171443_xl.jpg"", ""https://lrcostahomes.com/wp-content/uploads/2026/07/13027_resale-villa-benijofar-benijofar_171444_xl.jpg"", ""https://lrcostahomes.com/wp-content/uploads/2026/07/13027_resale-villa-benijofar-benijofar_171431_xl.jpg"", ""https://lrcostahomes.com/wp-content/uploads/2026/07/13027_resale-villa-benijofar-benijofar_171432_xl.jpg"", ""https://lrcostahomes.com/wp-content/uploads/2026/07/13027_resale-villa-benijofar-benijofar_171434_xl.jpg"", ""https://lrcostahomes.com/wp-content/uploads/2026/07/13027_resale-villa-benijofar-benijofar_171436_xl.jpg"", ""https://lrcostahomes.com/wp-content/uploads/2026/07/13027_resale-villa-benijofar-benijofar_171437_xl.jpg"", ""https://lrcostahomes.com/wp-content/uploads/2026/07/13027_resale-villa-benijofar-benijofar_171438_xl.jpg"", ""https://lrcostahomes.com/wp-content/uploads/2026/07/13027_resale-villa-benijofar-benijofar_171439_xl.jpg"", ""https://lrcostahomes.com/wp-content/uploads/2026/07/13027_resale-villa-benijofar-benijofar_171440_xl.jpg"", ""https://lrcostahomes.com/wp-content/uploads/2026/07/13027_resale-villa-benijofar-benijofar_171441_xl.jpg"", ""https://lrcostahomes.com/wp-content/uploads/2026/07/13027_resale-villa-benijofar-benijofar_171445_xl.jpg"", ""https://lrcostahomes.com/wp-content/uploads/2026/07/13027_resale-villa-benijofar-benijofar_171446_xl.jpg"", ""https://lrcostahomes.com/wp-content/uploads/2026/07/13027_resale-villa-benijofar-benijofar_171448_xl.jpg"", ""https://lrcostahomes.com/wp-content/uploads/2026/07/13027_resale-villa-benijofar-benijofar_171453_xl.jpg"", ""https://lrcostahomes.com/wp-content/uploads/2026/07/13027_resale-villa-benijofar-benijofar_171455_xl.jpg"", ""https://lrcostahomes.com/wp-content/uploads/2026/07/13027_resale-villa-benijofar-benijofar_171447_xl.jpg""]";Selección Vivienda Nova;draft;capture;;https://lrcostahomes.com/es/property/detached-villa-5/;ref;MARTINEZ;"[""Chimenea"", ""jardín"", ""Estacionamiento"", ""Solarium"", ""Trastero"", ""Piscina""]";38.077430680152;-0.74320386291044;no
Villa;villa;Ciudad Quesada, Alicante;Ciudad Quesada;Alicante;Alicante;España;Villa;En venta € 376.000;376000;LR-052;En venta € 376.000;https://lrcostahomes.com/es/property/villa-4/;0;4;4;186;Villa con piscina privada en una parcela de 519 m². Cuenta con 4 dormitorios, 3 baños, salón, cocina, terraza, solárium, jardín y aparcamiento. Superficie construida: 186 m². Cerca de todos los servicios.;https://lrcostahomes.com/wp-content/uploads/2026/07/reventa-chale-independiente-villa-ciudad-quesada-quesada-centro_47842_xl.jpg;"[""https://lrcostahomes.com/wp-content/uploads/2026/07/reventa-chale-independiente-villa-ciudad-quesada-quesada-centro_47842_xl.jpg"", ""https://lrcostahomes.com/wp-content/uploads/2026/07/reventa-chale-independiente-villa-ciudad-quesada-quesada-centro_47843_xl.jpg"", ""https://lrcostahomes.com/wp-content/uploads/2026/07/reventa-chale-independiente-villa-ciudad-quesada-quesada-centro_47815_xl.jpg"", ""https://lrcostahomes.com/wp-content/uploads/2026/07/reventa-chale-independiente-villa-ciudad-quesada-quesada-centro_47839_xl.jpg"", ""https://lrcostahomes.com/wp-content/uploads/2026/07/reventa-chale-independiente-villa-ciudad-quesada-quesada-centro_47810_xl.jpg"", ""https://lrcostahomes.com/wp-content/uploads/2026/07/reventa-chale-independiente-villa-ciudad-quesada-quesada-centro_47812_xl.jpg"", ""https://lrcostahomes.com/wp-content/uploads/2026/07/reventa-chale-independiente-villa-ciudad-quesada-quesada-centro_47813_xl.jpg"", ""https://lrcostahomes.com/wp-content/uploads/2026/07/reventa-chale-independiente-villa-ciudad-quesada-quesada-centro_47814_xl.jpg"", ""https://lrcostahomes.com/wp-content/uploads/2026/07/reventa-chale-independiente-villa-ciudad-quesada-quesada-centro_47817_xl.jpg"", ""https://lrcostahomes.com/wp-content/uploads/2026/07/reventa-chale-independiente-villa-ciudad-quesada-quesada-centro_47818_xl.jpg"", ""https://lrcostahomes.com/wp-content/uploads/2026/07/reventa-chale-independiente-villa-ciudad-quesada-quesada-centro_47819_xl.jpg"", ""https://lrcostahomes.com/wp-content/uploads/2026/07/reventa-chale-independiente-villa-ciudad-quesada-quesada-centro_47821_xl.jpg"", ""https://lrcostahomes.com/wp-content/uploads/2026/07/reventa-chale-independiente-villa-ciudad-quesada-quesada-centro_47822_xl.jpg"", ""https://lrcostahomes.com/wp-content/uploads/2026/07/reventa-chale-independiente-villa-ciudad-quesada-quesada-centro_47823_xl.jpg"", ""https://lrcostahomes.com/wp-content/uploads/2026/07/reventa-chale-independiente-villa-ciudad-quesada-quesada-centro_47824_xl.jpg"", ""https://lrcostahomes.com/wp-content/uploads/2026/07/reventa-chale-independiente-villa-ciudad-quesada-quesada-centro_47825_xl.jpg"", ""https://lrcostahomes.com/wp-content/uploads/2026/07/reventa-chale-independiente-villa-ciudad-quesada-quesada-centro_47826_xl.jpg"", ""https://lrcostahomes.com/wp-content/uploads/2026/07/reventa-chale-independiente-villa-ciudad-quesada-quesada-centro_47827_xl.jpg"", ""https://lrcostahomes.com/wp-content/uploads/2026/07/reventa-chale-independiente-villa-ciudad-quesada-quesada-centro_47828_xl.jpg"", ""https://lrcostahomes.com/wp-content/uploads/2026/07/reventa-chale-independiente-villa-ciudad-quesada-quesada-centro_47830_xl.jpg"", ""https://lrcostahomes.com/wp-content/uploads/2026/07/reventa-chale-independiente-villa-ciudad-quesada-quesada-centro_47831_xl.jpg"", ""https://lrcostahomes.com/wp-content/uploads/2026/07/reventa-chale-independiente-villa-ciudad-quesada-quesada-centro_47832_xl.jpg"", ""https://lrcostahomes.com/wp-content/uploads/2026/07/reventa-chale-independiente-villa-ciudad-quesada-quesada-centro_47833_xl.jpg"", ""https://lrcostahomes.com/wp-content/uploads/2026/07/reventa-chale-independiente-villa-ciudad-quesada-quesada-centro_47836_xl.jpg"", ""https://lrcostahomes.com/wp-content/uploads/2026/07/reventa-chale-independiente-villa-ciudad-quesada-quesada-centro_47838_xl.jpg"", ""https://lrcostahomes.com/wp-content/uploads/2026/07/reventa-chale-independiente-villa-ciudad-quesada-quesada-centro_47841_xl.jpg"", ""https://lrcostahomes.com/wp-content/uploads/2026/07/reventa-chale-independiente-villa-ciudad-quesada-quesada-centro_47847_xl.jpg""]";Selección Vivienda Nova;draft;capture;;https://lrcostahomes.com/es/property/villa-4/;ref;MARTINEZ;"[""jardín"", ""Estacionamiento"", ""Solarium"", ""Piscina""]";38.066692453632;-0.70925498766461;no
Villa independiente;villa-independiente;Ciudad Quesada, Alicante;Ciudad Quesada;Alicante;Alicante;España;Villa;En venta € 399.000;399000;LR-051;En venta € 399.000;https://lrcostahomes.com/es/property/detached-villa-4/;0;3;3;142;Villa independiente con piscina privada en una parcela de 550 m². 142 m² construidos, 3 dormitorios, 2 baños, salón, cocina independiente, terrazas, solárium y jardín. Cerca de todos los servicios.;https://lrcostahomes.com/wp-content/uploads/2026/07/1-1-1.jpg;"[""https://lrcostahomes.com/wp-content/uploads/2026/07/1-1-1.jpg"", ""https://lrcostahomes.com/wp-content/uploads/2026/07/1-2-1.jpg"", ""https://lrcostahomes.com/wp-content/uploads/2026/07/1-3-1.jpg"", ""https://lrcostahomes.com/wp-content/uploads/2026/07/1-4-1.jpg"", ""https://lrcostahomes.com/wp-content/uploads/2026/07/1-5-1.jpg"", ""https://lrcostahomes.com/wp-content/uploads/2026/07/1-6-1.jpg"", ""https://lrcostahomes.com/wp-content/uploads/2026/07/1-7-1.jpg"", ""https://lrcostahomes.com/wp-content/uploads/2026/07/1-8-1.jpg"", ""https://lrcostahomes.com/wp-content/uploads/2026/07/1-9-1.jpg"", ""https://lrcostahomes.com/wp-content/uploads/2026/07/1-10-1.jpg"", ""https://lrcostahomes.com/wp-content/uploads/2026/07/1-11-1.jpg"", ""https://lrcostahomes.com/wp-content/uploads/2026/07/1-12-1.jpg"", ""https://lrcostahomes.com/wp-content/uploads/2026/07/1-13-1.jpg"", ""https://lrcostahomes.com/wp-content/uploads/2026/07/1-14-1.jpg"", ""https://lrcostahomes.com/wp-content/uploads/2026/07/1-15-1.jpg"", ""https://lrcostahomes.com/wp-content/uploads/2026/07/1-16-1.jpg"", ""https://lrcostahomes.com/wp-content/uploads/2026/07/1-17-1.jpg"", ""https://lrcostahomes.com/wp-content/uploads/2026/07/1-18-1.jpg"", ""https://lrcostahomes.com/wp-content/uploads/2026/07/1-19-1.jpg"", ""https://lrcostahomes.com/wp-content/uploads/2026/07/1-20-1.jpg"", ""https://lrcostahomes.com/wp-content/uploads/2026/07/1-21-1.jpg"", ""https://lrcostahomes.com/wp-content/uploads/2026/07/1-22-1.jpg"", ""https://lrcostahomes.com/wp-content/uploads/2026/07/1-23-1.jpg"", ""https://lrcostahomes.com/wp-content/uploads/2026/07/1-24-1.jpg""]";Selección Vivienda Nova;draft;capture;;https://lrcostahomes.com/es/property/detached-villa-4/;ref;MARTINEZ;"[""jardín"", ""Estacionamiento"", ""Solarium"", ""Piscina""]";38.065760628646;-0.71758718544565;no
Villa independiente;villa-independiente;Lorca, Murcia;Lorca;Lorca;Murcia;España;Villa;En venta € 203.000;203000;LR-050;En venta € 203.000;https://lrcostahomes.com/es/property/detached-villa-3/;0;4;4;223;Magnífica casa de campo ubicada en una de las mejores zonas de Lorca. Goza de una fantástica orientación este, con vistas a los huertos circundantes, donde podrá disfrutar de una tranquilidad absoluta. La casa tiene dos plantas: la primera con tres dormitorios y una cocina-dormitorio, y la segunda es un ático con techos de triple altura. Entre sus características destacan la carpintería de roble, una cocina totalmente equipada y un encantador jardín con barbacoa y porche. También incluye dos parcelas aterrazadas de aproximadamente 18 áreas cada una, plantadas con pomelos, y 500 m² de terreno vallado con garaje. La propiedad se encuentra en una excelente zona con numerosos servicios cercanos, como supermercados y cafeterías, y muy cerca de una escuela primaria y un centro médico. Además, cuenta con excelentes conexiones de transporte con las localidades vecinas y está a tan solo 15 minutos de Lorca.;https://lrcostahomes.com/wp-content/uploads/2026/07/WhatsApp-Image-2026-07-07-at-14.32.07-1.jpeg;"[""https://lrcostahomes.com/wp-content/uploads/2026/07/WhatsApp-Image-2026-07-07-at-14.32.07-1.jpeg"", ""https://lrcostahomes.com/wp-content/uploads/2026/07/WhatsApp-Image-2026-07-07-at-14.32.07-2.jpeg"", ""https://lrcostahomes.com/wp-content/uploads/2026/07/WhatsApp-Image-2026-07-07-at-14.32.07.jpeg"", ""https://lrcostahomes.com/wp-content/uploads/2026/07/WhatsApp-Image-2026-07-07-at-14.32.08-1.jpeg"", ""https://lrcostahomes.com/wp-content/uploads/2026/07/WhatsApp-Image-2026-07-07-at-14.32.08-2.jpeg"", ""https://lrcostahomes.com/wp-content/uploads/2026/07/WhatsApp-Image-2026-07-07-at-14.32.08-3.jpeg"", ""https://lrcostahomes.com/wp-content/uploads/2026/07/WhatsApp-Image-2026-07-07-at-14.32.08-4.jpeg"", ""https://lrcostahomes.com/wp-content/uploads/2026/07/WhatsApp-Image-2026-07-07-at-14.32.08-5.jpeg"", ""https://lrcostahomes.com/wp-content/uploads/2026/07/WhatsApp-Image-2026-07-07-at-14.32.08-6.jpeg"", ""https://lrcostahomes.com/wp-content/uploads/2026/07/WhatsApp-Image-2026-07-07-at-14.32.08-7.jpeg"", ""https://lrcostahomes.com/wp-content/uploads/2026/07/WhatsApp-Image-2026-07-07-at-14.32.08-9.jpeg"", ""https://lrcostahomes.com/wp-content/uploads/2026/07/WhatsApp-Image-2026-07-07-at-14.32.08-10.jpeg"", ""https://lrcostahomes.com/wp-content/uploads/2026/07/WhatsApp-Image-2026-07-07-at-14.32.09-1.jpeg"", ""https://lrcostahomes.com/wp-content/uploads/2026/07/WhatsApp-Image-2026-07-07-at-14.32.09-2.jpeg"", ""https://lrcostahomes.com/wp-content/uploads/2026/07/WhatsApp-Image-2026-07-07-at-14.32.09-3.jpeg"", ""https://lrcostahomes.com/wp-content/uploads/2026/07/WhatsApp-Image-2026-07-07-at-14.32.09-4.jpeg"", ""https://lrcostahomes.com/wp-content/uploads/2026/07/WhatsApp-Image-2026-07-07-at-14.32.09-5.jpeg"", ""https://lrcostahomes.com/wp-content/uploads/2026/07/WhatsApp-Image-2026-07-07-at-14.32.09-6.jpeg"", ""https://lrcostahomes.com/wp-content/uploads/2026/07/WhatsApp-Image-2026-07-07-at-14.32.09-7.jpeg"", ""https://lrcostahomes.com/wp-content/uploads/2026/07/WhatsApp-Image-2026-07-07-at-14.32.09.jpeg""]";Selección Vivienda Nova;draft;capture;;https://lrcostahomes.com/es/property/detached-villa-3/;ref;MARTINEZ;"[""jardín"", ""Estacionamiento""]";37.660471251515;-1.6590173089554;no
casa de campo rústica;casa-de-campo-r-stica;Aguilas, Murcia;Águilas;Murcia;Murcia;España;Villa;En venta € 175.000;175000;LR-049;En venta € 175.000;https://lrcostahomes.com/es/property/rustic-country-house/;0;2;2;102;Se vende casa de campo rústica en Águilas, ubicada en una zona tranquila, ideal para quienes buscan desconectarse del ritmo urbano y disfrutar de la naturaleza en estado puro. Esta propiedad, recientemente reformada, está lista para entrar a vivir y combina confort interior con un entorno exterior privilegiado. La casa consta de dos habitaciones dobles, un baño completo, una cocina americana totalmente equipada y un acogedor salón-comedor con chimenea, ideal para crear un ambiente cálido en invierno. Además, cuenta con aire acondicionado frío/calor, lo que garantiza el confort durante todo el año. La propiedad está rodeada por una amplia parcela de 1,152 m² que incluye jardín, porche, zona de barbacoa, piscina privada, huerto y árboles frutales. Un espacio ideal para disfrutar del aire libre, cultivar tus propios alimentos o compartir momentos con familiares y amigos. Su ubicación ofrece privacidad, tranquilidad y contacto directo con el entorno natural, a la vez que se encuentra a pocos minutos del centro de Águilas y sus servicios.;https://lrcostahomes.com/wp-content/uploads/2026/07/WhatsApp-Image-2026-07-07-at-13.15.44.jpeg;"[""https://lrcostahomes.com/wp-content/uploads/2026/07/WhatsApp-Image-2026-07-07-at-13.15.44.jpeg"", ""https://lrcostahomes.com/wp-content/uploads/2026/07/WhatsApp-Image-2026-07-07-at-13.15.45-1.jpeg"", ""https://lrcostahomes.com/wp-content/uploads/2026/07/WhatsApp-Image-2026-07-07-at-13.15.45-2.jpeg"", ""https://lrcostahomes.com/wp-content/uploads/2026/07/WhatsApp-Image-2026-07-07-at-13.15.45-3.jpeg"", ""https://lrcostahomes.com/wp-content/uploads/2026/07/WhatsApp-Image-2026-07-07-at-13.15.45-4.jpeg"", ""https://lrcostahomes.com/wp-content/uploads/2026/07/WhatsApp-Image-2026-07-07-at-13.15.45-5.jpeg"", ""https://lrcostahomes.com/wp-content/uploads/2026/07/WhatsApp-Image-2026-07-07-at-13.15.45-6.jpeg"", ""https://lrcostahomes.com/wp-content/uploads/2026/07/WhatsApp-Image-2026-07-07-at-13.15.45-7.jpeg"", ""https://lrcostahomes.com/wp-content/uploads/2026/07/WhatsApp-Image-2026-07-07-at-13.15.45-8.jpeg"", ""https://lrcostahomes.com/wp-content/uploads/2026/07/WhatsApp-Image-2026-07-07-at-13.15.45-9.jpeg"", ""https://lrcostahomes.com/wp-content/uploads/2026/07/WhatsApp-Image-2026-07-07-at-13.15.45.jpeg""]";Selección Vivienda Nova;draft;capture;;https://lrcostahomes.com/es/property/rustic-country-house/;ref;MARTINEZ;"[""jardín"", ""Estacionamiento"", ""Piscina""]";37.412603447115;-1.5642602288772;no
Villa;villa;Los Urrutias, Murcia;Los Urrutias;Murcia;Murcia;España;Villa;En venta € 204.000;204000;LR-048;En venta € 204.000;https://lrcostahomes.com/es/property/villa-3/;0;3;3;102;Encantadora villa de una sola planta en una parcela de 423 m². Construida en 2007, esta villa de 100 m² cuenta con dos amplios dormitorios con armarios empotrados, un gran baño con ducha, una sala de estar con chimenea y una amplia cocina independiente. Toda la propiedad es luminosa y ventilada, con abundante luz natural. Los techos altos proporcionan una sensación de frescura y amplitud, y existe la posibilidad de instalar aire acondicionado centralizado. La villa también incluye una zona de barbacoa, espacio para una piscina y varios coches, así como una habitación independiente con acceso exterior, ideal como oficina, taller o estudio. Situada en una zona muy tranquila y privada, con pocos vecinos, es perfecta para vivir o disfrutar de las vacaciones cerca del mar. Está situado en un encantador pueblo costero del Mar Menor, con todos los servicios esenciales para vivir todo el año y una ubicación estratégica.;https://lrcostahomes.com/wp-content/uploads/2026/07/7-1-1.jpg;"[""https://lrcostahomes.com/wp-content/uploads/2026/07/7-1-1.jpg"", ""https://lrcostahomes.com/wp-content/uploads/2026/07/7-2-1.jpg"", ""https://lrcostahomes.com/wp-content/uploads/2026/07/7-3-1.jpg"", ""https://lrcostahomes.com/wp-content/uploads/2026/07/7-4-1.jpg"", ""https://lrcostahomes.com/wp-content/uploads/2026/07/7-5-1.jpg"", ""https://lrcostahomes.com/wp-content/uploads/2026/07/7-6-1.jpg"", ""https://lrcostahomes.com/wp-content/uploads/2026/07/7-7.jpg"", ""https://lrcostahomes.com/wp-content/uploads/2026/07/7-8.jpg"", ""https://lrcostahomes.com/wp-content/uploads/2026/07/7-9.jpg"", ""https://lrcostahomes.com/wp-content/uploads/2026/07/7-10.jpg"", ""https://lrcostahomes.com/wp-content/uploads/2026/07/7-11.jpg""]";Selección Vivienda Nova;draft;capture;;https://lrcostahomes.com/es/property/villa-3/;ref;MARTINEZ;"[""jardín"", ""Estacionamiento"", ""Trastero""]";37.64775593816;-1.0025842034866;no
Villa;villa;Mazarron, Murcia;Mazarrón;Murcia;Murcia;España;Villa;En venta € 199.950;199950;LR-047;En venta € 199.950;https://lrcostahomes.com/es/property/villa-2/;0;2;2;60;"Esta villa, en excelente estado de conservación, se encuentra en una zona tranquila, cerca de todos los servicios y del club de golf. La propiedad cuenta con dos dormitorios, dos baños y está situada en una amplia parcela de 350 m². Más allá de la puerta de entrada segura, un amplio camino conduce a un estacionamiento con capacidad para varios vehículos y una cochera. La terraza cerrada ofrece un espacio confortable para disfrutar todo el año y se abre a la luminosa sala de estar con aire acondicionado, ventiladores de techo y una acogedora chimenea eléctrica. La espaciosa, moderna y completamente renovada cocina cuenta con acabados de alta calidad, encimeras de granito, amplio espacio de almacenamiento y una gama de electrodomésticos integrados. Ambos dormitorios son de generosas dimensiones; el dormitorio principal cuenta con un elegante baño en suite. También hay un lujoso baño familiar renovado. En el exterior, encontrará jardines de bajo mantenimiento con plantas coloridas, una ducha al aire libre y espacio suficiente para una piscina privada. El sótano ofrece espacio de almacenamiento adicional. La terraza en la azotea ofrece vistas espectaculares al campo de golf y a las montañas circundantes. La villa está equipada con paneles solares para electricidad y agua caliente, aire acondicionado y ventiladores de techo, y se vende con todos los electrodomésticos incluidos. Una propiedad ideal para residencia permanente, vacaciones o como inversión, en una excelente ubicación cerca de todos los servicios.";https://lrcostahomes.com/wp-content/uploads/2026/07/1-1.jpeg;"[""https://lrcostahomes.com/wp-content/uploads/2026/07/1-1.jpeg"", ""https://lrcostahomes.com/wp-content/uploads/2026/07/2-4-1.jpeg"", ""https://lrcostahomes.com/wp-content/uploads/2026/07/4-4.jpeg"", ""https://lrcostahomes.com/wp-content/uploads/2026/07/5-3.jpeg"", ""https://lrcostahomes.com/wp-content/uploads/2026/07/6-4.jpeg"", ""https://lrcostahomes.com/wp-content/uploads/2026/07/9-4.jpeg"", ""https://lrcostahomes.com/wp-content/uploads/2026/07/10-4.jpeg"", ""https://lrcostahomes.com/wp-content/uploads/2026/07/14-3.jpeg"", ""https://lrcostahomes.com/wp-content/uploads/2026/07/16-4.jpeg"", ""https://lrcostahomes.com/wp-content/uploads/2026/07/18-4.jpeg"", ""https://lrcostahomes.com/wp-content/uploads/2026/07/19-4.jpeg"", ""https://lrcostahomes.com/wp-content/uploads/2026/07/20-3.jpeg"", ""https://lrcostahomes.com/wp-content/uploads/2026/07/21-3.jpeg"", ""https://lrcostahomes.com/wp-content/uploads/2026/07/23-3.jpeg"", ""https://lrcostahomes.com/wp-content/uploads/2026/07/24-3.jpeg"", ""https://lrcostahomes.com/wp-content/uploads/2026/07/25-3.jpeg"", ""https://lrcostahomes.com/wp-content/uploads/2026/07/26-3.jpeg"", ""https://lrcostahomes.com/wp-content/uploads/2026/07/27-3.jpeg"", ""https://lrcostahomes.com/wp-content/uploads/2026/07/29-3.jpeg""]";Selección Vivienda Nova;draft;capture;;https://lrcostahomes.com/es/property/villa-2/;ref;MARTINEZ;"[""jardín"", ""Estacionamiento"", ""Trastero""]";37.60081537935;-1.3170678460647;no
Casas adosadas en hilera;casas-adosadas-en-hilera;Santa Rosalia, Murcia;Santa Rosalía;Murcia;Murcia;España;Villa;Obra Nueva € 219.900;219900;LRN-018;Obra Nueva € 219.900;https://lrcostahomes.com/es/property/terraced-townhouses/;0;23;23;7683;Viviendas adosadas en hilera, con 6 propiedades en la primera fase que ofrecen 2/3 dormitorios y 2 baños. Piscina comunitaria, y cada propiedad incluye una plaza de aparcamiento y un trastero en el sótano, además de un amplio solárium con cocina de verano.;https://lrcostahomes.com/wp-content/uploads/2026/07/3.png;"[""https://lrcostahomes.com/wp-content/uploads/2026/07/3.png"", ""https://lrcostahomes.com/wp-content/uploads/2026/07/1.png"", ""https://lrcostahomes.com/wp-content/uploads/2026/07/5.png"", ""https://lrcostahomes.com/wp-content/uploads/2026/07/6.png"", ""https://lrcostahomes.com/wp-content/uploads/2026/07/9.png"", ""https://lrcostahomes.com/wp-content/uploads/2026/07/10.png"", ""https://lrcostahomes.com/wp-content/uploads/2026/07/11.png"", ""https://lrcostahomes.com/wp-content/uploads/2026/07/12.png"", ""https://lrcostahomes.com/wp-content/uploads/2026/07/13.png"", ""https://lrcostahomes.com/wp-content/uploads/2026/07/14.png"", ""https://lrcostahomes.com/wp-content/uploads/2026/07/15.png"", ""https://lrcostahomes.com/wp-content/uploads/2026/07/16.png"", ""https://lrcostahomes.com/wp-content/uploads/2026/07/17-2.jpg""]";Selección Vivienda Nova;draft;capture;;https://lrcostahomes.com/es/property/terraced-townhouses/;ref;MARTINEZ;"[""Estacionamiento"", ""Solarium"", ""Trastero"", ""Piscina""]";37.73775562026;-0.94490598083037;no
Apartamentos turísticos;apartamentos-tur-sticos;Lo Pagan, Murcia;Lo Pagán;Murcia;Murcia;España;Villa;Obra Nueva € 151.900;151900;LRN-017;Obra Nueva € 151.900;https://lrcostahomes.com/es/property/tourist-apartments/;0;12;12;3773;Complejo de apartamentos turísticos de 1 y 2 dormitorios situado a tan solo 800 m de la playa de Lo Pagán. Ideal para vacaciones y como inversión. Los apartamentos se entregan completamente amueblados y equipados con aire acondicionado, diseñados para ofrecer confort, calidad y estilo. Magnífica piscina en la azotea.;https://lrcostahomes.com/wp-content/uploads/2026/07/1-35.jpg;"[""https://lrcostahomes.com/wp-content/uploads/2026/07/1-35.jpg"", ""https://lrcostahomes.com/wp-content/uploads/2026/07/2-8.jpg"", ""https://lrcostahomes.com/wp-content/uploads/2026/07/3-8.jpg"", ""https://lrcostahomes.com/wp-content/uploads/2026/07/4-7.jpg"", ""https://lrcostahomes.com/wp-content/uploads/2026/07/5-7.jpg"", ""https://lrcostahomes.com/wp-content/uploads/2026/07/6-7.jpg"", ""https://lrcostahomes.com/wp-content/uploads/2026/07/7-6.jpg"", ""https://lrcostahomes.com/wp-content/uploads/2026/07/8-6.jpg"", ""https://lrcostahomes.com/wp-content/uploads/2026/07/9-5.jpg"", ""https://lrcostahomes.com/wp-content/uploads/2026/07/10-5.jpg"", ""https://lrcostahomes.com/wp-content/uploads/2026/07/11-4.jpg"", ""https://lrcostahomes.com/wp-content/uploads/2026/07/12-5.jpg""]";Selección Vivienda Nova;draft;capture;;https://lrcostahomes.com/es/property/tourist-apartments/;ref;MARTINEZ;"[""Trastero"", ""Piscina""]";37.830092464942;-0.78543311652497;no
Villa en Torre Pacheco;villa-en-torre-pacheco;Torre Pacheco, Murcia;Torre Pacheco;Murcia;Murcia;España;Villa;Obra Nueva € 279.900;279900;LRN-016;Obra Nueva € 279.900;https://lrcostahomes.com/es/property/villa-in-torre-pacheco/;0;3;3;84;Un exclusivo desarrollo ubicado en Torre Pacheco, Murcia, que consta de 2 villas de una sola planta, 3 dormitorios y 2 baños, cada una con piscina privada, plaza de aparcamiento en la parcela, terraza solárium y jardín privado. Estas modernas casas están diseñadas con una orientación ideal para maximizar la luz natural durante todo el año, ofreciendo confort, privacidad y un estilo de vida excepcional. Asimismo, cuentan con una cocina totalmente equipada, incluyendo electrodomésticos, y preinstalación para aire acondicionado.;https://lrcostahomes.com/wp-content/uploads/2026/07/1-34.jpg;"[""https://lrcostahomes.com/wp-content/uploads/2026/07/1-34.jpg"", ""https://lrcostahomes.com/wp-content/uploads/2026/07/2-7.jpg"", ""https://lrcostahomes.com/wp-content/uploads/2026/07/3-7.jpg"", ""https://lrcostahomes.com/wp-content/uploads/2026/07/4-6.jpg"", ""https://lrcostahomes.com/wp-content/uploads/2026/07/5-6.jpg"", ""https://lrcostahomes.com/wp-content/uploads/2026/07/6-6.jpg"", ""https://lrcostahomes.com/wp-content/uploads/2026/07/7-.png"", ""https://lrcostahomes.com/wp-content/uploads/2026/07/8-5.jpg"", ""https://lrcostahomes.com/wp-content/uploads/2026/07/9-4.jpg"", ""https://lrcostahomes.com/wp-content/uploads/2026/07/10-4.jpg"", ""https://lrcostahomes.com/wp-content/uploads/2026/07/12-4.jpg"", ""https://lrcostahomes.com/wp-content/uploads/2026/07/13-4.jpg"", ""https://lrcostahomes.com/wp-content/uploads/2026/07/14-4.jpg"", ""https://lrcostahomes.com/wp-content/uploads/2026/07/15-3.jpg"", ""https://lrcostahomes.com/wp-content/uploads/2026/07/16-1.jpg"", ""https://lrcostahomes.com/wp-content/uploads/2026/07/17-1.jpg"", ""https://lrcostahomes.com/wp-content/uploads/2026/07/18-1.jpg"", ""https://lrcostahomes.com/wp-content/uploads/2026/07/19-1.jpg"", ""https://lrcostahomes.com/wp-content/uploads/2026/07/20-1.jpg"", ""https://lrcostahomes.com/wp-content/uploads/2026/07/21-1.jpg"", ""https://lrcostahomes.com/wp-content/uploads/2026/07/23.jpg"", ""https://lrcostahomes.com/wp-content/uploads/2026/07/151.png""]";Selección Vivienda Nova;draft;capture;;https://lrcostahomes.com/es/property/villa-in-torre-pacheco/;ref;MARTINEZ;"[""jardín"", ""Estacionamiento"", ""Solarium"", ""Piscina""]";37.740979014595;-0.93197466855235;no
Villas independientes;villas-independientes;Sucina, Murcia;Sucina;Murcia;Murcia;España;Villa;Obra Nueva € 595.000;595000;LRN-015;Obra Nueva € 595.000;https://lrcostahomes.com/es/property/detached-villas/;0;3;3;145;Ubicado en Sucina, Murcia, este complejo residencial de lujo le impresionará. Consta de 14 villas independientes, cada una en una parcela de al menos 500 m². Ofrecen acabados de alta calidad. Estas villas de una sola planta cuentan con piscina privada, zona de playa, jacuzzi, aparcamiento, terraza y un amplio solárium donde podrá disfrutar del sol todos los días del año. Junto a la piscina, encontrará una glorieta con asientos y un mirador. Cada villa dispone de 3 dormitorios y 3 baños completos, con un diseño contemporáneo y una distribución diáfana que integra cocina equipada y salón-comedor.;https://lrcostahomes.com/wp-content/uploads/2026/07/4-5.jpg;"[""https://lrcostahomes.com/wp-content/uploads/2026/07/4-5.jpg"", ""https://lrcostahomes.com/wp-content/uploads/2026/07/5-5.jpg"", ""https://lrcostahomes.com/wp-content/uploads/2026/07/3-6.jpg"", ""https://lrcostahomes.com/wp-content/uploads/2026/07/7-5.jpg"", ""https://lrcostahomes.com/wp-content/uploads/2026/07/8-4.jpg"", ""https://lrcostahomes.com/wp-content/uploads/2026/07/9-3.jpg"", ""https://lrcostahomes.com/wp-content/uploads/2026/07/10-3.jpg"", ""https://lrcostahomes.com/wp-content/uploads/2026/07/11-3.jpg"", ""https://lrcostahomes.com/wp-content/uploads/2026/07/12-3.jpg"", ""https://lrcostahomes.com/wp-content/uploads/2026/07/13-3.jpg"", ""https://lrcostahomes.com/wp-content/uploads/2026/07/14-3.jpg"", ""https://lrcostahomes.com/wp-content/uploads/2026/07/15-2.jpg"", ""https://lrcostahomes.com/wp-content/uploads/2026/07/6-5.jpg"", ""https://lrcostahomes.com/wp-content/uploads/2026/07/2-6.jpg""]";Selección Vivienda Nova;draft;capture;;https://lrcostahomes.com/es/property/detached-villas/;ref;MARTINEZ;"[""jardín"", ""Estacionamiento"", ""Solarium"", ""Piscina""]";37.892061437614;-0.94799107648599;no
Villas en Los Alcázares;villas-en-los-alc-zares;Los Alcazares;Los Alcázares;Los Alcázares;Murcia;España;Villa;Obra Nueva € 453.000;453000;LRN-014;Obra Nueva € 453.000;https://lrcostahomes.com/es/property/villas-in-los-alcazares/;0;3;3;112;Villas ubicadas en Los Alcázares, Murcia. Este complejo residencial consta de 6 villas de una sola planta, cada una con piscina privada con cascada y un amplio solárium para disfrutar del sol todo el año. Techos de doble altura en el salón. Son villas diseñadas con 3 dormitorios y 2 baños, cocinas totalmente equipadas con electrodomésticos y preinstalación para aire acondicionado centralizado, lo que las convierte en una oportunidad única para quienes buscan una vivienda de alta calidad. Espacios donde el diseño, el confort y la calidad se unen.;https://lrcostahomes.com/wp-content/uploads/2026/07/1-28.jpg;"[""https://lrcostahomes.com/wp-content/uploads/2026/07/1-28.jpg"", ""https://lrcostahomes.com/wp-content/uploads/2026/07/2-5.jpg"", ""https://lrcostahomes.com/wp-content/uploads/2026/07/5.jpeg"", ""https://lrcostahomes.com/wp-content/uploads/2026/07/6.jpeg"", ""https://lrcostahomes.com/wp-content/uploads/2026/07/7.jpeg"", ""https://lrcostahomes.com/wp-content/uploads/2026/07/8.jpeg"", ""https://lrcostahomes.com/wp-content/uploads/2026/07/9.jpeg"", ""https://lrcostahomes.com/wp-content/uploads/2026/07/10.jpeg"", ""https://lrcostahomes.com/wp-content/uploads/2026/07/11.jpeg"", ""https://lrcostahomes.com/wp-content/uploads/2026/07/3-5.jpg""]";Selección Vivienda Nova;draft;capture;;https://lrcostahomes.com/es/property/villas-in-los-alcazares/;ref;MARTINEZ;"[""jardín"", ""Estacionamiento"", ""Piscina""]";37.747631948955;-0.85430956724634;no
Casas de pueblo en Santiago de la Ribera;casas-de-pueblo-en-santiago-de-la-ribera;Santiago de la Ribera, Murcia;Santiago de la Ribera;Murcia;Murcia;España;Villa;Obra Nueva € 376.500;376500;LRN-013;Obra Nueva € 376.500;https://lrcostahomes.com/es/property/town-houses-in-santiago-de-la-ribera/;0;3;3;120;Ubicado en una zona privilegiada rodeada de todos los servicios, instalaciones deportivas y varios campos de golf. El complejo se encuentra a tan solo 5 minutos de las playas del Mar Menor y a 10 minutos del mar Mediterráneo. Este exclusivo complejo consta de 4 villas cuádruples, cada una con: Piscina privada Terraza Amplio solárium Plaza de aparcamiento privada dentro de la parcela Cada propiedad incluye: 3 dormitorios 3 baños completos Cocina totalmente amueblada y equipada con electrodomésticos Salón-comedor de planta abierta Diseño contemporáneo y funcional Preinstalación para aire acondicionado centralizado;https://lrcostahomes.com/wp-content/uploads/2026/07/1-7.jpg;"[""https://lrcostahomes.com/wp-content/uploads/2026/07/1-7.jpg"", ""https://lrcostahomes.com/wp-content/uploads/2026/07/2-4.jpg"", ""https://lrcostahomes.com/wp-content/uploads/2026/07/3-4.jpg"", ""https://lrcostahomes.com/wp-content/uploads/2026/07/4-4.jpg"", ""https://lrcostahomes.com/wp-content/uploads/2026/07/5-4.jpg"", ""https://lrcostahomes.com/wp-content/uploads/2026/07/6-4.jpg"", ""https://lrcostahomes.com/wp-content/uploads/2026/07/7-4.jpg"", ""https://lrcostahomes.com/wp-content/uploads/2026/07/8-3.jpg""]";Selección Vivienda Nova;draft;capture;;https://lrcostahomes.com/es/property/town-houses-in-santiago-de-la-ribera/;ref;MARTINEZ;"[""jardín"", ""Estacionamiento"", ""Solarium"", ""Piscina""]";37.797501128279;-0.80586026549833;no
Apartamentos cerca de la playa;apartamentos-cerca-de-la-playa;San Pedro de Pinatar, Murcia;San Pedro de Pinatar;Murcia;Murcia;España;Villa;Obra Nueva € 277.400;277400;LRN-012;Obra Nueva € 277.400;https://lrcostahomes.com/es/property/apatments-close-to-the-beach/;0;2;2;73;Con una ubicación ideal cerca de la playa y rodeado de todos los servicios, instalaciones deportivas y varios campos de golf, este exclusivo complejo consta de 8 apartamentos de 2 dormitorios con 1 o 2 baños, todos con acceso a una hermosa piscina comunitaria. Asimismo, cada vivienda ofrece la opción de adquirir una plaza de garaje privada y un trastero. Las casas cuentan con interiores elegantes y funcionales, que incluyen: • Cocinas totalmente equipadas con electrodomésticos incluidos. • Baños completamente equipados con acabados de alta calidad.;https://lrcostahomes.com/wp-content/uploads/2026/07/N.1.jpg;"[""https://lrcostahomes.com/wp-content/uploads/2026/07/N.1.jpg"", ""https://lrcostahomes.com/wp-content/uploads/2026/07/ds.png"", ""https://lrcostahomes.com/wp-content/uploads/2026/07/3-3.jpg"", ""https://lrcostahomes.com/wp-content/uploads/2026/07/4-3.jpg"", ""https://lrcostahomes.com/wp-content/uploads/2026/07/6-3.jpg"", ""https://lrcostahomes.com/wp-content/uploads/2026/07/5-3.jpg"", ""https://lrcostahomes.com/wp-content/uploads/2026/07/7-3.jpg""]";Selección Vivienda Nova;draft;capture;;https://lrcostahomes.com/es/property/apatments-close-to-the-beach/;ref;MARTINEZ;"[""Estacionamiento"", ""Trastero""]";37.816792781363;-0.77903408998396;no
Villas primera línea como;villas-primera-l-nea-como;Torre Pacheco, Murcia;Torre Pacheco;Murcia;Murcia;España;Villa;Obra Nueva € 890.000;890000;LRN-011;Obra Nueva € 890.000;https://lrcostahomes.com/es/property/villas-front-line-like/;0;3;3;217;Un exclusivo proyecto de nueva construcción en Torre Pacheco, Murcia, con vistas privilegiadas al lago gracias a su ubicación en primera línea de lago. Este exclusivo proyecto de autopromoción consta de dos villas únicas, diseñadas para ofrecer a sus futuros propietarios la oportunidad de personalizar tanto los acabados exteriores como interiores, adaptando cada detalle a su propio estilo y preferencias. Cada vivienda cuenta con 3 dormitorios y 4 baños, una zona de aparcamiento cubierta, un sótano con acabados de alta calidad, un patio inglés, piscina privada con cascada y cenador, así como un amplio solárium con cocina de verano, ideal para disfrutar del sol durante todo el año. Además, las villas incluyen una cocina totalmente equipada con electrodomésticos e instalación para aire acondicionado centralizado.;https://lrcostahomes.com/wp-content/uploads/2026/07/1-6.jpg;"[""https://lrcostahomes.com/wp-content/uploads/2026/07/1-6.jpg"", ""https://lrcostahomes.com/wp-content/uploads/2026/07/2-3.jpg"", ""https://lrcostahomes.com/wp-content/uploads/2026/07/3-2.jpg"", ""https://lrcostahomes.com/wp-content/uploads/2026/07/4-2.jpg"", ""https://lrcostahomes.com/wp-content/uploads/2026/07/5-2.jpg"", ""https://lrcostahomes.com/wp-content/uploads/2026/07/6-2.jpg"", ""https://lrcostahomes.com/wp-content/uploads/2026/07/7-2.jpg"", ""https://lrcostahomes.com/wp-content/uploads/2026/07/8-2.jpg"", ""https://lrcostahomes.com/wp-content/uploads/2026/07/9-2.jpg"", ""https://lrcostahomes.com/wp-content/uploads/2026/07/10-2.jpg"", ""https://lrcostahomes.com/wp-content/uploads/2026/07/11-2.jpg"", ""https://lrcostahomes.com/wp-content/uploads/2026/07/12-2.jpg"", ""https://lrcostahomes.com/wp-content/uploads/2026/07/13-2.jpg"", ""https://lrcostahomes.com/wp-content/uploads/2026/07/14-2.jpg""]";Selección Vivienda Nova;draft;capture;;https://lrcostahomes.com/es/property/villas-front-line-like/;ref;MARTINEZ;"[""jardín"", ""Estacionamiento"", ""Solarium"", ""Piscina""]";37.740665774791;-0.96275876403349;no
Bungalows en Pilar de la Horadada;bungalows-en-pilar-de-la-horadada;Pilar de la Horadada;Pilar de la Horadada;Pilar de la Horadada;Alicante;España;Villa;Obra Nueva € 274.900;274900;LRN-010;Obra Nueva € 274.900;https://lrcostahomes.com/es/property/duplex-in-pilar-de-la-horadada/;0;2;2;62;Situado en Pilar de la Horadada, Alicante, una zona que ofrece todos los servicios y comodidades que pueda necesitar. Su proximidad a la playa lo convierte en una opción ideal para el ocio y las escapadas de verano. Este complejo residencial consta de 8 dúplex, que ofrecen viviendas de 2 dormitorios y 2 baños, cada una con piscina privada y plaza de aparcamiento. Los interiores son elegantes y funcionales, con cocinas totalmente equipadas que incluyen electrodomésticos. Los baños cuentan con modernos muebles de lavabo, lavamanos e iluminación. Cada vivienda incluye además la preinstalación para aire acondicionado centralizado. Las plantas superiores disponen de un magnífico solárium, mientras que las viviendas de la planta baja cuentan con un jardín privado, creando el espacio perfecto para relajarse y disfrutar del aire libre.;https://lrcostahomes.com/wp-content/uploads/2026/07/1-5.jpg;"[""https://lrcostahomes.com/wp-content/uploads/2026/07/1-5.jpg"", ""https://lrcostahomes.com/wp-content/uploads/2026/07/2-2.jpg"", ""https://lrcostahomes.com/wp-content/uploads/2026/07/3-1.jpg"", ""https://lrcostahomes.com/wp-content/uploads/2026/07/4-1.jpg"", ""https://lrcostahomes.com/wp-content/uploads/2026/07/6-1.jpg"", ""https://lrcostahomes.com/wp-content/uploads/2026/07/7-1.jpg"", ""https://lrcostahomes.com/wp-content/uploads/2026/07/8-1.jpg"", ""https://lrcostahomes.com/wp-content/uploads/2026/07/9-1.jpg"", ""https://lrcostahomes.com/wp-content/uploads/2026/07/10-1.jpg"", ""https://lrcostahomes.com/wp-content/uploads/2026/07/11-1.jpg"", ""https://lrcostahomes.com/wp-content/uploads/2026/07/12-1.jpg"", ""https://lrcostahomes.com/wp-content/uploads/2026/07/13-1.jpg"", ""https://lrcostahomes.com/wp-content/uploads/2026/07/14-1.jpg"", ""https://lrcostahomes.com/wp-content/uploads/2026/07/15-1.jpg"", ""https://lrcostahomes.com/wp-content/uploads/2026/07/16.jpg"", ""https://lrcostahomes.com/wp-content/uploads/2026/07/17.jpg"", ""https://lrcostahomes.com/wp-content/uploads/2026/07/18.jpg"", ""https://lrcostahomes.com/wp-content/uploads/2026/07/19.jpg"", ""https://lrcostahomes.com/wp-content/uploads/2026/07/20.jpg"", ""https://lrcostahomes.com/wp-content/uploads/2026/07/21.jpg"", ""https://lrcostahomes.com/wp-content/uploads/2026/07/22.jpg""]";Selección Vivienda Nova;draft;capture;;https://lrcostahomes.com/es/property/duplex-in-pilar-de-la-horadada/;ref;MARTINEZ;"[""jardín"", ""Solarium"", ""Piscina""]";37.864645450871;-0.78212205144746;no
Bungalows en un complejo fantástico.;bungalows-en-un-complejo-fant-stico;Roldan, Murcia;Roldán;Murcia;Murcia;España;Villa;Obra Nueva € 268.900;268900;LRN-009;Obra Nueva € 268.900;https://lrcostahomes.com/es/property/bungalows-in-a-fantastic-resort/;0;2;2;68;Bungalows en un complejo de lujo de 33 casas estilo bungalow con piscina comunitaria con cascada, zona de juegos infantiles y zona de ejercicios, donde podrá disfrutar del sol durante todo el año. Las viviendas ofrecen distribuciones espaciosas con 2 o 3 dormitorios y 2 baños. Diseñadas en un estilo contemporáneo con concepto de planta abierta, incluyen una cocina totalmente equipada y un salón-comedor, una terraza en la planta baja y un solárium con cocina de verano en la planta superior. La urbanización está ubicada dentro de un complejo cuidadosamente planificado que cuenta con todos los servicios necesarios.;https://lrcostahomes.com/wp-content/uploads/2026/07/Rainbow-Fase-2.png;"[""https://lrcostahomes.com/wp-content/uploads/2026/07/Rainbow-Fase-2.png"", ""https://lrcostahomes.com/wp-content/uploads/2026/07/2-1.jpg"", ""https://lrcostahomes.com/wp-content/uploads/2026/07/3.jpg"", ""https://lrcostahomes.com/wp-content/uploads/2026/07/4.jpg"", ""https://lrcostahomes.com/wp-content/uploads/2026/07/5.jpg"", ""https://lrcostahomes.com/wp-content/uploads/2026/07/6.jpg"", ""https://lrcostahomes.com/wp-content/uploads/2026/07/7.jpg"", ""https://lrcostahomes.com/wp-content/uploads/2026/07/8.jpg"", ""https://lrcostahomes.com/wp-content/uploads/2026/07/9.jpg"", ""https://lrcostahomes.com/wp-content/uploads/2026/07/10.jpg"", ""https://lrcostahomes.com/wp-content/uploads/2026/07/11.jpg"", ""https://lrcostahomes.com/wp-content/uploads/2026/07/12.jpg"", ""https://lrcostahomes.com/wp-content/uploads/2026/07/13.jpg"", ""https://lrcostahomes.com/wp-content/uploads/2026/07/14.jpg"", ""https://lrcostahomes.com/wp-content/uploads/2026/07/15.jpg"", ""https://lrcostahomes.com/wp-content/uploads/2026/07/N.2.jpg"", ""https://lrcostahomes.com/wp-content/uploads/2026/07/N.3.jpg""]";Selección Vivienda Nova;draft;capture;;https://lrcostahomes.com/es/property/bungalows-in-a-fantastic-resort/;ref;MARTINEZ;[];37.796338174127;-1.0010512151785;no
Villas en San Pedro;villas-en-san-pedro;San Pedro de Pinatar, Murcia;San Pedro de Pinatar;Murcia;Murcia;España;Villa;Obra Nueva € 519.950;519950;LRN-008;Obra Nueva € 519.950;https://lrcostahomes.com/es/property/villas-in-san-pedro/;0;3;3;125;Villas elegantes y contemporáneas con piscina privada ubicadas en San Pedro del Pinatar. Diseño impresionante… estas hermosas villas de dos niveles han sido cuidadosamente diseñadas para brindar el espacio de vida contemporáneo, privado e individual perfecto, con puertas corredizas de vidrio dobles que se abren directamente a una terraza con piscina privada, jardines cerrados y estacionamiento fuera de la vía pública. “Sol todo el día” con terraza en el primer piso para disfrutar del sol durante todo el día… Con una ubicación perfecta… a 1 km de las playas… estas nuevas parcelas orientadas al sur se encuentran junto a una nueva zona verde en la costa murciana, a 25 minutos de la ciudad de Cartagena y a 30 minutos del nuevo aeropuerto de Covera (Aeropuerto Internacional de Murcia). Ideal para vivir… Villas que ofrecen una sensación de amplitud y generosidad con 3 dormitorios, 3 baños, salón-comedor diáfano, terraza cubierta, terrazas abiertas desde los dormitorios principales en la primera planta, piscina privada, aparcamiento fuera de la vía pública y jardín.;https://lrcostahomes.com/wp-content/uploads/2026/07/1-1.png;"[""https://lrcostahomes.com/wp-content/uploads/2026/07/1-1.png"", ""https://lrcostahomes.com/wp-content/uploads/2026/07/1-2.png"", ""https://lrcostahomes.com/wp-content/uploads/2026/07/1-3.png"", ""https://lrcostahomes.com/wp-content/uploads/2026/07/1-4.png"", ""https://lrcostahomes.com/wp-content/uploads/2026/07/1-5.png"", ""https://lrcostahomes.com/wp-content/uploads/2026/07/1-6.png"", ""https://lrcostahomes.com/wp-content/uploads/2026/07/1-7.png""]";Selección Vivienda Nova;draft;capture;;https://lrcostahomes.com/es/property/villas-in-san-pedro/;ref;MARTINEZ;"[""jardín"", ""Estacionamiento"", ""Piscina""]";37.976101117076;-0.67986081481474;no
Villas de lujo;villas-de-lujo;Roldan, Murcia;Roldán;Murcia;Murcia;España;Villa;Obra Nueva € 379.950;379950;LRN-007;Obra Nueva € 379.950;https://lrcostahomes.com/es/property/villas-lux/;0;3;3;100;Las renovadas villas contemporáneas de una sola planta combinan parcelas de generosas dimensiones con interiores más amplios y llamativas fachadas con detalles en piedra, aportando un aspecto fresco y sofisticado a nuestra gama insignia. Cada villa ofrece 3 dormitorios, aparcamiento privado en la parte delantera, elegantes muros de piedra, piscina privada, un amplio solárium en la azotea y un trastero exterior, todo ello diseñado para ofrecer estilo y funcionalidad. Diseñadas para un estilo de vida mediterráneo moderno, las villas cuentan con techos altos en la cocina, terrazas que rodean la vivienda y zonas de sol en la planta baja, además de un amplio solárium en la primera planta, ideal para disfrutar del sol durante todo el año. La distribución incluye 3 dormitorios (uno de ellos con baño en suite) y un baño familiar independiente, con un estilo contemporáneo de inspiración ecológica y una cocina, comedor y sala de estar de planta abierta. Un patio privado de verano y un trastero en la entrada principal mejoran aún más el confort diario. Las viviendas están totalmente equipadas con piscina privada y ducha exterior, solárium en la azotea, cocina y baños completos con espejos LED, armarios empotrados con cajones, iluminación interior y exterior, y preinstalación de aire acondicionado. Los característicos muros angulares y el revestimiento de piedra en la fachada y la escalera confieren a cada villa una presencia distintiva de lujo. La promoción se ubica en la prestigiosa zona de Roldán (Murcia), junto a dos hermosos parques, en un entorno residencial tranquilo. Rodeada de servicios, parques, instalaciones deportivas, dos campos de golf y a tan solo 12 minutos de las impresionantes playas del Mediterráneo y el Mar Menor, esta ubicación ofrece tranquilidad y comodidad.;https://lrcostahomes.com/wp-content/uploads/2026/07/1.jpeg;"[""https://lrcostahomes.com/wp-content/uploads/2026/07/1.jpeg"", ""https://lrcostahomes.com/wp-content/uploads/2026/07/2-1.jpeg"", ""https://lrcostahomes.com/wp-content/uploads/2026/07/2-2.jpeg"", ""https://lrcostahomes.com/wp-content/uploads/2026/07/2-5.jpeg"", ""https://lrcostahomes.com/wp-content/uploads/2026/07/2-3.jpeg"", ""https://lrcostahomes.com/wp-content/uploads/2026/07/2-4.jpeg"", ""https://lrcostahomes.com/wp-content/uploads/2026/07/2-6.jpeg"", ""https://lrcostahomes.com/wp-content/uploads/2026/07/2-7.jpeg"", ""https://lrcostahomes.com/wp-content/uploads/2026/07/2-8.jpeg"", ""https://lrcostahomes.com/wp-content/uploads/2026/07/2-9.jpeg""]";Selección Vivienda Nova;draft;capture;;https://lrcostahomes.com/es/property/villas-lux/;ref;MARTINEZ;"[""jardín"", ""Estacionamiento"", ""Solarium"", ""Trastero"", ""Piscina""]";37.793694461275;-1.0036712454888;no
Villas en la Costa Cálida;villas-en-la-costa-c-lida;Roldan, Murcia;Roldán;Murcia;Murcia;España;Villa;Obra Nueva € 415.950;415950;LRN-006;Obra Nueva € 415.950;https://lrcostahomes.com/es/property/villas-in-costa-calida/;0;3;3;122;Una exclusiva colección de tan solo 8 impresionantes villas independientes en la codiciada localidad de Roldán, Murcia. Estas viviendas de reciente lanzamiento exhiben una visión arquitectónica innovadora con líneas depuradas, acabados de inspiración tropical y un toque de estilo ibicenco. Distribuidas en dos niveles de diseño exquisito, cada villa ofrece una combinación perfecta de confort moderno y un estilo de vida mediterráneo relajado. ✨ 3 amplias habitaciones dobles, cada una con su propio baño privado. ✨ Las habitaciones de la primera planta cuentan con terrazas privadas, perfectas para disfrutar del café de la mañana o de las puestas de sol al atardecer. ✨ Luminoso salón-comedor diáfano con una elegante cocina totalmente equipada. ✨ Las puertas corredizas de vidrio de altura completa se abren a un patio privado, un jardín paisajístico y una piscina. ✨ Parcelas generosas de 250 m² con aparcamiento privado cerrado y ducha exterior. ✨ Amplio solárium en la azotea, ideal para recibir invitados o tomar el sol. ✨ Incluye trastero, armarios empotrados, iluminación LED y aire acondicionado preinstalado. Perfectamente situadas entre dos zonas verdes ajardinadas y a tan solo unos minutos de los servicios locales, las instalaciones deportivas y dos campos de golf de primera categoría, estas villas también se encuentran a tan solo 12 minutos de las playas del Mediterráneo y del Mar Menor.;https://lrcostahomes.com/wp-content/uploads/2026/07/1-9.jpg;"[""https://lrcostahomes.com/wp-content/uploads/2026/07/1-9.jpg"", ""https://lrcostahomes.com/wp-content/uploads/2026/07/1-8.jpg"", ""https://lrcostahomes.com/wp-content/uploads/2026/07/1-10.jpg"", ""https://lrcostahomes.com/wp-content/uploads/2026/07/1-11.jpg"", ""https://lrcostahomes.com/wp-content/uploads/2026/07/1-12.jpg"", ""https://lrcostahomes.com/wp-content/uploads/2026/07/1-13.jpg"", ""https://lrcostahomes.com/wp-content/uploads/2026/07/1-17.jpg"", ""https://lrcostahomes.com/wp-content/uploads/2026/07/1-18.jpg"", ""https://lrcostahomes.com/wp-content/uploads/2026/07/1-19.jpg"", ""https://lrcostahomes.com/wp-content/uploads/2026/07/1-20.jpg"", ""https://lrcostahomes.com/wp-content/uploads/2026/07/1-2.jpg"", ""https://lrcostahomes.com/wp-content/uploads/2026/07/1-3.jpg"", ""https://lrcostahomes.com/wp-content/uploads/2026/07/1-4.jpg"", ""https://lrcostahomes.com/wp-content/uploads/2026/07/1-15.jpg"", ""https://lrcostahomes.com/wp-content/uploads/2026/07/1-21.jpg"", ""https://lrcostahomes.com/wp-content/uploads/2026/07/1-22.jpg"", ""https://lrcostahomes.com/wp-content/uploads/2026/07/1-23.jpg"", ""https://lrcostahomes.com/wp-content/uploads/2026/07/1-24.jpg"", ""https://lrcostahomes.com/wp-content/uploads/2026/07/1-25.jpg"", ""https://lrcostahomes.com/wp-content/uploads/2026/07/1-26.jpg"", ""https://lrcostahomes.com/wp-content/uploads/2026/07/1-27.jpg"", ""https://lrcostahomes.com/wp-content/uploads/2026/07/1-29.jpg"", ""https://lrcostahomes.com/wp-content/uploads/2026/07/1-30.jpg"", ""https://lrcostahomes.com/wp-content/uploads/2026/07/1-31.jpg"", ""https://lrcostahomes.com/wp-content/uploads/2026/07/1-32.jpg"", ""https://lrcostahomes.com/wp-content/uploads/2026/07/1-33.jpg"", ""https://lrcostahomes.com/wp-content/uploads/2026/07/1-1.jpg"", ""https://lrcostahomes.com/wp-content/uploads/2026/07/2.jpg"", ""https://lrcostahomes.com/wp-content/uploads/2026/07/1-14.jpg"", ""https://lrcostahomes.com/wp-content/uploads/2026/07/1-16.jpg""]";Selección Vivienda Nova;draft;capture;;https://lrcostahomes.com/es/property/villas-in-costa-calida/;ref;MARTINEZ;"[""jardín"", ""Estacionamiento"", ""Piscina""]";37.793936156641;-0.99983762145537;no
Villas en Finestrat;villas-en-finestrat;Finestrat, Costa Blanca;Finestrat;Costa Blanca;Murcia;España;Villa;Obra Nueva € 690.950;690950;Ninguna;Obra Nueva € 690.950;https://lrcostahomes.com/es/property/villas-in-finestrat/;0;3;3;114;Una exclusiva colección de viviendas modernas ubicadas en una de las zonas más codiciadas de la Costa Blanca Norte. Rodeada de paisajes naturales y con vistas panorámicas al Puig Campana y al litoral mediterráneo, esta promoción ofrece un equilibrio perfecto entre privacidad, diseño y accesibilidad. Villas ofrece una selección exclusiva de dos estilos de villas distintos, cada uno creado para maximizar la luz natural, el espacio abierto y una perfecta integración entre el interior y el exterior. Una elegante villa de una sola planta con 3 dormitorios y 2 baños. Diseñada para una vida cómoda y práctica, su distribución diáfana conecta la cocina, el comedor y el salón con los espacios exteriores, creando un ambiente luminoso y fluido. Estilo de vida y ubicación A poca distancia a pie del campo de golf Alfarella. Cerca de playas, restaurantes y tiendas. Parcelas elevadas con vistas panorámicas despejadas. Piscinas privadas y jardines paisajísticos;https://lrcostahomes.com/wp-content/uploads/2026/06/Villa-Alqueria-MonteMar-Villas.png;"[""https://lrcostahomes.com/wp-content/uploads/2026/06/Villa-Alqueria-MonteMar-Villas.png"", ""https://lrcostahomes.com/wp-content/uploads/2026/06/Render-1-inside-Villa-Alqueria-scaled.jpg"", ""https://lrcostahomes.com/wp-content/uploads/2026/06/Render-2-inside-Villa-Alqueria-scaled.jpg"", ""https://lrcostahomes.com/wp-content/uploads/2026/06/Render-3-inside-Villa-Alqueria-scaled.jpg"", ""https://lrcostahomes.com/wp-content/uploads/2026/06/Render-4-inside-Villa-Alqueria-scaled.jpg"", ""https://lrcostahomes.com/wp-content/uploads/2026/06/Render-5-inside-Villa-Alqueria-scaled.jpeg"", ""https://lrcostahomes.com/wp-content/uploads/2026/06/Render-6-inside-Villa-Alqueria-scaled.jpg"", ""https://lrcostahomes.com/wp-content/uploads/2026/06/Villa-Alqueria-MonteMar-Villas-Night.png""]";Selección Vivienda Nova;draft;capture;;https://lrcostahomes.com/es/property/villas-in-finestrat/;ref;MARTINEZ;"[""jardín"", ""Estacionamiento"", ""Piscina""]";38.563326854052;-0.21163637330987;no
Chalet en Finestrat;chalet-en-finestrat;Finestrat, Costa Blanca;Finestrat;Costa Blanca;Murcia;España;Villa;Obra Nueva € 735.950;735950;LRN-004;Obra Nueva € 735.950;https://lrcostahomes.com/es/property/villa-in-finestrat/;0;3;3;128;Una exclusiva colección de viviendas modernas ubicadas en una de las zonas más codiciadas de la Costa Blanca Norte. Rodeada de paisajes naturales y con vistas panorámicas al Puig Campana y al litoral mediterráneo, esta promoción ofrece un equilibrio perfecto entre privacidad, diseño y accesibilidad. Villas ofrece una selección exclusiva de dos estilos de villas distintos, cada uno creado para maximizar la luz natural, el espacio abierto y una perfecta integración entre el interior y el exterior. Una villa contemporánea de dos niveles con 3 dormitorios y 2 baños. Las amplias terrazas ofrecen vistas panorámicas del paisaje circundante, mientras que un espacioso nivel inferior (sótano opcional) a la altura de la piscina proporciona un espacio flexible para el entretenimiento, el bienestar o áreas de estar adicionales. A poca distancia a pie del campo de golf Alfarella. Cerca de playas, restaurantes y tiendas. Parcelas elevadas con vistas panorámicas despejadas. Piscinas privadas y jardines paisajísticos;https://lrcostahomes.com/wp-content/uploads/2026/06/Render-Villa-Talaia-open-basement.jpg;"[""https://lrcostahomes.com/wp-content/uploads/2026/06/Render-Villa-Talaia-open-basement.jpg"", ""https://lrcostahomes.com/wp-content/uploads/2026/06/Render-Villa-Talaia-with-open-basement.jpg""]";Selección Vivienda Nova;draft;capture;;https://lrcostahomes.com/es/property/villa-in-finestrat/;ref;MARTINEZ;"[""jardín"", ""Estacionamiento"", ""Piscina""]";38.558913746156;-0.18926286491427;no
Villas;villas;San Pedro de Pinatar, Costa Calida;San Pedro de Pinatar;Costa Cálida;Murcia;España;Villa;€ 819.950;819950;LRN-003;€ 819.950;https://lrcostahomes.com/es/property/villas/;0;3;3;161;Exclusivas Villas en el Corazón de San Pedro del Pinatar Adéntrate en una exclusiva colección de tan solo cuatro casas de lujo. A tan solo 5 minutos a pie de la playa, estas villas combinan la arquitectura mediterránea atemporal con un elegante y ultramoderno acabado interior. Ubicadas en amplias parcelas de 500 m², cada villa ofrece 3 dormitorios con baño privado, amplias terrazas y una gran piscina privada. Con un exterior clásico mediterráneo y un diseño interior sorprendentemente moderno, estas viviendas combinan lo mejor de ambos mundos. A tan solo 5 minutos a pie de la playa, combinan el atractivo exterior tradicional con un interior elegante y contemporáneo. Aspectos destacados de la villa Generosas parcelas privadas de 500 m² Estilo exterior tradicional con auténtico encanto Interiores ultramodernos: espacios abiertos, cocinas de alta gama, líneas limpias, abundante luz natural. 3 dormitorios, todos con baño privado: refugios privados para cada miembro de la familia. Amplia piscina privada para relajarse y divertirse. Lavadero + baño exterior para mayor comodidad. Amplias terrazas diseñadas para disfrutar de la vida al aire libre. Garaje privado incluido Ubicada en una tranquila zona residencial a pocos pasos de las doradas playas de San Pedro del Pinatar, esta villa ofrece el equilibrio perfecto entre privacidad, estilo y ubicación. Camine hasta el mar, cafés, restaurantes y tiendas en minutos, y luego regrese a su oasis personal con amplitud, luminosidad y lujo.;https://lrcostahomes.com/wp-content/uploads/2026/06/Alma-Villas_19.jpg;"[""https://lrcostahomes.com/wp-content/uploads/2026/06/Alma-Villas_19.jpg"", ""https://lrcostahomes.com/wp-content/uploads/2026/06/Alma-Villas_12.jpg"", ""https://lrcostahomes.com/wp-content/uploads/2026/06/Alma-Villas__c8.jpg"", ""https://lrcostahomes.com/wp-content/uploads/2026/06/Alma-Villas_15.jpg"", ""https://lrcostahomes.com/wp-content/uploads/2026/06/Alma-VIllas-Web-Image-2025-07-09-at-14.38.38-1.jpg"", ""https://lrcostahomes.com/wp-content/uploads/2026/06/Alma-VIllas-Web-Image-2025-07-09-at-14.38.38-2.jpg"", ""https://lrcostahomes.com/wp-content/uploads/2026/06/Alma-VIllas-Web-Image-2025-07-09-at-14.38.38-3.jpg"", ""https://lrcostahomes.com/wp-content/uploads/2026/06/Alma-VIllas-Web-Image-2025-07-09-at-14.38.38-4.jpg"", ""https://lrcostahomes.com/wp-content/uploads/2026/06/Alma-VIllas-Web-Image-2025-07-09-at-14.38.38.jpg"", ""https://lrcostahomes.com/wp-content/uploads/2026/06/Alma-Villas_2.jpg"", ""https://lrcostahomes.com/wp-content/uploads/2026/06/Alma-Villas_07.jpg"", ""https://lrcostahomes.com/wp-content/uploads/2026/06/Alma-Villas_08-2.jpg"", ""https://lrcostahomes.com/wp-content/uploads/2026/06/Alma-Villas_08-3.jpg"", ""https://lrcostahomes.com/wp-content/uploads/2026/06/Alma-Villas_08.jpg"", ""https://lrcostahomes.com/wp-content/uploads/2026/06/Alma-Villas_17.jpg"", ""https://lrcostahomes.com/wp-content/uploads/2026/06/Alma-Villas_18.jpg"", ""https://lrcostahomes.com/wp-content/uploads/2026/06/Alma-Villas_PLOT-4.jpg"", ""https://lrcostahomes.com/wp-content/uploads/2026/06/Alma-Villas_General.jpg""]";Selección Vivienda Nova;draft;capture;;https://lrcostahomes.com/es/property/villas/;ref;MARTINEZ;"[""jardín"", ""Cuarto de lavandería"", ""Estacionamiento"", ""Piscina""]";37.83486381722;-0.78669476913524;no
Bungalows;bungalows;San Pedro de Pinatar, Costa Calida;San Pedro de Pinatar;Costa Cálida;Murcia;España;Villa;Obra Nueva € 324.900;324900;LRN-002;Obra Nueva € 324.900;https://lrcostahomes.com/es/property/bungalows/;0;2;2;69;"Una colección limitada de residencias con piscina privada, un proyecto exclusivo de áticos de dos dormitorios y viviendas en planta baja, cada una diseñada con precisión y equipada con una piscina privada. Situado en pleno corazón de San Pedro del Pinatar, a tan solo cinco minutos a pie de la playa, ofrece un estilo de vida refinado a la par que relajado: de inspiración ibicenca, con raíces mediterráneas y un auténtico ambiente boutique. Elige tu estilo: un bungalow en planta baja con acceso directo a tu terraza y piscina privada, o un ático con un gran solárium en la azotea y piscina privada, perfecto para una vida de lujo. Esto es más que una casa, es tu refugio privado junto al mar. Tus Opciones Modelo de planta baja: Disfrute de un espacio interior-exterior integrado. Amplia terraza frontal, piscina privada y exuberante jardín/terraza. Modelo de ático: Solárium en la azotea, vistas panorámicas, piscina privada para disfrutar de atardeceres exclusivos. Dentro de la casa Amplio salón-comedor de planta abierta diseñado para ofrecer luz, comodidad y estilo. Cocina moderna totalmente equipada, acabados de primera calidad, placa de inducción, electrodomésticos integrados. Dos dormitorios bien proporcionados. El principal cuenta con baño privado; el segundo tiene acceso a un elegante baño completo. Baños elegantes, acabados sofisticados, materiales de primera calidad. Opciones Premium Piscina privada para cada vivienda (sin necesidad de compartir, tu propio oasis). Electrodomésticos de marca incluidos (horno, vitrocerámica, frigorífico-congelador, microondas, lavavajillas y lavadora). Iluminación LED de alta calidad para interiores y exteriores. Terrazas y soláriums de diseño en los modelos de áticos Aparcamiento privado o plaza de aparcamiento reservada. A tan solo 5 minutos a pie de la playa: sol, arena y mar justo a la puerta de tu casa. Tranquilo pero muy bien comunicado: tiendas, cafeterías y restaurantes locales cerca; ambiente costero y mediterráneo.";https://lrcostahomes.com/wp-content/uploads/2026/06/Alma-Bungalow-Web-2.jpg;"[""https://lrcostahomes.com/wp-content/uploads/2026/06/Alma-Bungalow-Web-2.jpg"", ""https://lrcostahomes.com/wp-content/uploads/2026/06/Alma-Bungalow-Web.jpg"", ""https://lrcostahomes.com/wp-content/uploads/2026/06/ALMA_BUNGALOW_STREET-scaled.jpg"", ""https://lrcostahomes.com/wp-content/uploads/2026/06/ALMA_BUNGALOW_11-PS.jpg"", ""https://lrcostahomes.com/wp-content/uploads/2026/06/ALMA_BUNGALOW_12-PS.jpg"", ""https://lrcostahomes.com/wp-content/uploads/2026/06/ALMA_BUNGALOW_13-PS.jpg"", ""https://lrcostahomes.com/wp-content/uploads/2026/06/ALMA_BUNGALOW_BATHROOM.jpg"", ""https://lrcostahomes.com/wp-content/uploads/2026/06/ALMA_BUNGALOW_BATHROOM_1.jpg"", ""https://lrcostahomes.com/wp-content/uploads/2026/06/ALMA_BUNGALOW_BEDROOM.jpg"", ""https://lrcostahomes.com/wp-content/uploads/2026/06/ALMA_BUNGALOW_BEDROOM_2.jpg"", ""https://lrcostahomes.com/wp-content/uploads/2026/06/ALMA_BUNGALOW_INT_2.jpg"", ""https://lrcostahomes.com/wp-content/uploads/2026/06/ALMA_BUNGALOW_LOUNGE.jpg"", ""https://lrcostahomes.com/wp-content/uploads/2026/06/ALMA_BUNGALOW_LOUNGE_KITCHEN.jpg"", ""https://lrcostahomes.com/wp-content/uploads/2026/06/ALMA_BUNGALOW_REAR-TERRACE.jpg"", ""https://lrcostahomes.com/wp-content/uploads/2026/06/ALMA_BUNGALOW_SOLARIUM-scaled.jpg"", ""https://lrcostahomes.com/wp-content/uploads/2026/06/ALMA_BUNGALOW__EXTERIOR.jpg"", ""https://lrcostahomes.com/wp-content/uploads/2026/06/ALMA_BUNGALOW__EXTERIOR_2.jpg""]";Selección Vivienda Nova;draft;capture;;https://lrcostahomes.com/es/property/bungalows/;ref;MARTINEZ;"[""jardín"", ""Estacionamiento"", ""Solarium"", ""Piscina""]";37.831289868678;-0.79933713317412;no
Casa adosada;casa-adosada;Los Balcones, Costa Blanca;Los Balcones;Costa Blanca;Murcia;España;Villa;En venta € 312.000;312000;LR-046;En venta € 312.000;https://lrcostahomes.com/es/property/semi-detached-house/;0;3;3;146;Presentamos esta magnífica villa adosada ubicada en la prestigiosa zona de Los Balcones en Torrevieja. Con una superficie habitable de 142 m², esta propiedad cuenta con tres amplios dormitorios, dos baños completos, un gran salón doble ideal para la comodidad familiar y una luminosa cocina-comedor de planta abierta, perfecta para recibir invitados. La propiedad se encuentra en excelentes condiciones y está rodeada por una amplia parcela de 460 m² que incluye un jardín bien cuidado y una zona de aparcamiento privada. Además, cuenta con un garaje cerrado, lo que proporciona mayor comodidad y seguridad. Una propiedad ideal tanto como residencia permanente como para disfrutar de las vacaciones en una de las mejores zonas residenciales de la Costa Blanca.;https://lrcostahomes.com/wp-content/uploads/2026/06/WhatsApp-Image-2026-06-25-at-14.05.10-1.jpeg;"[""https://lrcostahomes.com/wp-content/uploads/2026/06/WhatsApp-Image-2026-06-25-at-14.05.10-1.jpeg"", ""https://lrcostahomes.com/wp-content/uploads/2026/06/WhatsApp-Image-2026-06-25-at-14.05.10-4.jpeg"", ""https://lrcostahomes.com/wp-content/uploads/2026/06/WhatsApp-Image-2026-06-25-at-14.05.10-7.jpeg"", ""https://lrcostahomes.com/wp-content/uploads/2026/06/WhatsApp-Image-2026-06-25-at-14.05.10-5.jpeg"", ""https://lrcostahomes.com/wp-content/uploads/2026/06/WhatsApp-Image-2026-06-25-at-14.05.10-6.jpeg"", ""https://lrcostahomes.com/wp-content/uploads/2026/06/WhatsApp-Image-2026-06-25-at-14.05.10-2.jpeg"", ""https://lrcostahomes.com/wp-content/uploads/2026/06/WhatsApp-Image-2026-06-25-at-14.05.10-3.jpeg"", ""https://lrcostahomes.com/wp-content/uploads/2026/06/WhatsApp-Image-2026-06-25-at-14.05.10.jpeg"", ""https://lrcostahomes.com/wp-content/uploads/2026/06/WhatsApp-Image-2026-06-25-at-14.05.10-10.jpeg"", ""https://lrcostahomes.com/wp-content/uploads/2026/06/WhatsApp-Image-2026-06-25-at-14.05.11-1.jpeg"", ""https://lrcostahomes.com/wp-content/uploads/2026/06/WhatsApp-Image-2026-06-25-at-14.05.11-2.jpeg"", ""https://lrcostahomes.com/wp-content/uploads/2026/06/WhatsApp-Image-2026-06-25-at-14.05.11-3.jpeg"", ""https://lrcostahomes.com/wp-content/uploads/2026/06/WhatsApp-Image-2026-06-25-at-14.05.11-4.jpeg"", ""https://lrcostahomes.com/wp-content/uploads/2026/06/WhatsApp-Image-2026-06-25-at-14.05.11-5.jpeg"", ""https://lrcostahomes.com/wp-content/uploads/2026/06/WhatsApp-Image-2026-06-25-at-14.05.11.jpeg"", ""https://lrcostahomes.com/wp-content/uploads/2026/06/WhatsApp-Image-2026-06-25-at-14.05.11-6.jpeg"", ""https://lrcostahomes.com/wp-content/uploads/2026/06/WhatsApp-Image-2026-06-25-at-14.05.11-7.jpeg"", ""https://lrcostahomes.com/wp-content/uploads/2026/06/WhatsApp-Image-2026-06-25-at-14.05.11-8.jpeg"", ""https://lrcostahomes.com/wp-content/uploads/2026/06/WhatsApp-Image-2026-06-25-at-14.05.11-9.jpeg""]";Selección Vivienda Nova;draft;capture;;https://lrcostahomes.com/es/property/semi-detached-house/;ref;MARTINEZ;"[""jardín"", ""Trastero""]";37.962501211079;-0.72469580282796;no
Villa adosada con piscina privada;villa-adosada-con-piscina-privada;Los Altos, Torrevieja;Los Altos;Torrevieja;Murcia;España;Villa;En venta € 400.000;400000;LR-045;En venta € 400.000;https://lrcostahomes.com/es/property/semi-detached-villa-with-private-pool/;0;3;3;156;Espectacular villa adosada en Los Altos, Torrevieja, con 150 m² de superficie habitable en una parcela de aproximadamente 300 m². La propiedad se distribuye en tres plantas y ofrece amplitud, privacidad y abundante luz natural. Cuenta con tres dormitorios y tres baños. En la planta principal, dispone de un amplio salón-comedor, una cocina totalmente equipada y acceso a dos terrazas, una de ellas contigua a la piscina privada. La primera planta consta de dos dormitorios y un baño, mientras que el sótano ofrece un tercer dormitorio y otro baño, ideal para invitados o como espacio habitable independiente. La propiedad también cuenta con aparcamiento privado, varias terrazas y un fantástico solárium, perfecto para disfrutar del excelente clima mediterráneo durante todo el año. En el exterior, la piscina privada y las amplias zonas al aire libre son ideales para relajarse o disfrutar en familia. Ubicada en una tranquila zona residencial, se encuentra cerca de todos los servicios y a pocos minutos de las playas de Torrevieja y Orihuela Costa.;https://lrcostahomes.com/wp-content/uploads/2026/06/37354-56828170-1490777509.jpg.webp;"[""https://lrcostahomes.com/wp-content/uploads/2026/06/37354-56828170-1490777509.jpg.webp"", ""https://lrcostahomes.com/wp-content/uploads/2026/06/37354-56828170-1490777510.jpg.webp"", ""https://lrcostahomes.com/wp-content/uploads/2026/06/37354-56828170-1490777513.jpg.webp"", ""https://lrcostahomes.com/wp-content/uploads/2026/06/37354-56828170-1490777514.jpg.webp"", ""https://lrcostahomes.com/wp-content/uploads/2026/06/37354-56828170-1490777511.jpg.webp"", ""https://lrcostahomes.com/wp-content/uploads/2026/06/37354-56828170-1490777518.jpg.webp"", ""https://lrcostahomes.com/wp-content/uploads/2026/06/37354-56828170-1490777521.jpg.webp"", ""https://lrcostahomes.com/wp-content/uploads/2026/06/37354-56828170-1490777522.jpg.webp"", ""https://lrcostahomes.com/wp-content/uploads/2026/06/37354-56828170-1490777523.jpg.webp"", ""https://lrcostahomes.com/wp-content/uploads/2026/06/37354-56828170-1490777526.jpg.webp"", ""https://lrcostahomes.com/wp-content/uploads/2026/06/37354-56828170-1490777527.jpg.webp"", ""https://lrcostahomes.com/wp-content/uploads/2026/06/37354-56828170-1490777528.jpg.webp"", ""https://lrcostahomes.com/wp-content/uploads/2026/06/37354-56828170-1490777529.jpg.webp"", ""https://lrcostahomes.com/wp-content/uploads/2026/06/37354-56828170-1490777530.jpg.webp"", ""https://lrcostahomes.com/wp-content/uploads/2026/06/37354-56828170-1490777534.jpg.webp"", ""https://lrcostahomes.com/wp-content/uploads/2026/06/37354-56828170-1490777536.jpg.webp"", ""https://lrcostahomes.com/wp-content/uploads/2026/06/37354-56828170-1490777539.jpg.webp"", ""https://lrcostahomes.com/wp-content/uploads/2026/06/37354-56828170-1490777517.jpg.webp"", ""https://lrcostahomes.com/wp-content/uploads/2026/06/37354-56828170-1490777549.jpg.webp"", ""https://lrcostahomes.com/wp-content/uploads/2026/06/37354-56828170-1490777550.jpg.webp"", ""https://lrcostahomes.com/wp-content/uploads/2026/06/37354-56828170-1490777554.jpg.webp"", ""https://lrcostahomes.com/wp-content/uploads/2026/06/37354-56828170-1490777555.jpg.webp"", ""https://lrcostahomes.com/wp-content/uploads/2026/06/37354-56828170-1490777557.jpg.webp"", ""https://lrcostahomes.com/wp-content/uploads/2026/06/37354-56828170-1490777561.jpg.webp"", ""https://lrcostahomes.com/wp-content/uploads/2026/06/37354-56828170-1490777562.jpg.webp"", ""https://lrcostahomes.com/wp-content/uploads/2026/06/37354-56828170-1490777563.jpg.webp"", ""https://lrcostahomes.com/wp-content/uploads/2026/06/37354-56828170-1490777566.jpg.webp""]";Selección Vivienda Nova;draft;capture;;https://lrcostahomes.com/es/property/semi-detached-villa-with-private-pool/;ref;MARTINEZ;"[""Estacionamiento"", ""Piscina""]";37.953923796033;-0.71989448499395;no
Villa independiente;villa-independiente;Torrevieja;Torrevieja;Torrevieja;Murcia;España;Villa;En venta € 421.000;421000;LR-044;En venta € 421.000;https://lrcostahomes.com/es/property/detached-villa-2/;0;3;3;99;Exclusiva villa de dos plantas, a estrenar, donde el confort moderno se fusiona a la perfección con un diseño elegante: un hogar para quienes buscan calidad de vida, cercanía al mar y una residencia excepcional. Disfrute de una ubicación privilegiada, a tan solo 600 metros de las resplandecientes playas del Mediterráneo, con restaurantes, bares y tiendas a su alcance. Desde el momento en que entras, te recibirá una casa luminosa y bien distribuida, donde la cocina y el salón de planta abierta crean un ambiente agradable y acogedor. Los grandes ventanales inundan el espacio de luz y difuminan los límites entre el interior y el exterior, creando un hogar donde cada día se siente como unas vacaciones. La cocina, moderna, elegante y totalmente equipada, cuenta con amplias encimeras, ideales para quienes disfrutan cocinando y compartiendo momentos con los demás. Desde el salón, tendrá acceso directo al jardín y a la gran terraza. La villa ofrece tres amplias habitaciones, incluyendo la suite principal en la planta superior, un espacio verdaderamente extraordinario. Desde aquí, se accede a una espaciosa terraza privada, ideal para disfrutar del café matutino, tomar el sol o una copa de vino al atardecer. La propiedad también cuenta con dos elegantes baños con materiales modernos y acabados de alta calidad. El amplio jardín ofrece total privacidad y mucho espacio para relajarse y socializar. Incluye espacio para un comedor, una barbacoa y muebles de exterior. Además, el complejo cuenta con una piscina comunitaria donde podrá nadar, tomar el sol y socializar en un ambiente agradable. También incluye un garaje, que ofrece seguridad y comodidad.;https://lrcostahomes.com/wp-content/uploads/2026/06/WhatsApp-Image-2026-06-25-at-11.36.31-6.jpeg;"[""https://lrcostahomes.com/wp-content/uploads/2026/06/WhatsApp-Image-2026-06-25-at-11.36.31-6.jpeg"", ""https://lrcostahomes.com/wp-content/uploads/2026/06/WhatsApp-Image-2026-06-25-at-11.36.31-5.jpeg"", ""https://lrcostahomes.com/wp-content/uploads/2026/06/WhatsApp-Image-2026-06-25-at-11.36.31-4.jpeg"", ""https://lrcostahomes.com/wp-content/uploads/2026/06/WhatsApp-Image-2026-06-25-at-11.36.31-1.jpeg"", ""https://lrcostahomes.com/wp-content/uploads/2026/06/WhatsApp-Image-2026-06-25-at-11.36.31-2.jpeg"", ""https://lrcostahomes.com/wp-content/uploads/2026/06/WhatsApp-Image-2026-06-25-at-11.36.31-3.jpeg"", ""https://lrcostahomes.com/wp-content/uploads/2026/06/WhatsApp-Image-2026-06-25-at-11.36.31-7.jpeg"", ""https://lrcostahomes.com/wp-content/uploads/2026/06/WhatsApp-Image-2026-06-25-at-11.36.32-1.jpeg"", ""https://lrcostahomes.com/wp-content/uploads/2026/06/WhatsApp-Image-2026-06-25-at-11.36.32-2.jpeg"", ""https://lrcostahomes.com/wp-content/uploads/2026/06/WhatsApp-Image-2026-06-25-at-11.36.32-2-1.jpeg"", ""https://lrcostahomes.com/wp-content/uploads/2026/06/WhatsApp-Image-2026-06-25-at-11.36.32-3.jpeg"", ""https://lrcostahomes.com/wp-content/uploads/2026/06/WhatsApp-Image-2026-06-25-at-11.36.32-4.jpeg"", ""https://lrcostahomes.com/wp-content/uploads/2026/06/WhatsApp-Image-2026-06-25-at-11.36.32-5.jpeg"", ""https://lrcostahomes.com/wp-content/uploads/2026/06/WhatsApp-Image-2026-06-25-at-11.36.31.jpeg""]";Selección Vivienda Nova;draft;capture;;https://lrcostahomes.com/es/property/detached-villa-2/;ref;MARTINEZ;"[""Estacionamiento"", ""Piscina""]";37.95961514054;-0.7228619897415;no
Villa;villa;Los Balcones, Costa Blancas;Los Balcones;Costa Blanca;Murcia;España;Villa;En venta € 421.000;421000;LR-043;En venta € 421.000;https://lrcostahomes.com/es/property/villa/;0;3;3;150;Les presentamos esta hermosa villa ubicada en la tranquila y codiciada zona de Los Balcones, cerca del Hospital de Torrevieja y a un corto trayecto en coche de las impresionantes playas de Torrevieja y de la exclusiva Orihuela Costa, donde el mar y el sol se convierten en parte de su vida diaria. La propiedad se asienta sobre una amplia parcela de 800 m², completamente ajardinada con césped natural, jardines y una encantadora zona de barbacoa con decoración rústica de estilo español. Todo está pensado para disfrutar del aire libre con familiares y amigos. La villa cuenta con 180 m² de superficie habitable, distribuidos en un amplio salón con chimenea, una espaciosa cocina independiente y dormitorios muy amplios, uno de ellos una suite con baño privado. Los grandes armarios empotrados ofrecen comodidad y funcionalidad. Además, dispone de aire acondicionado, paneles solares para agua caliente y un depósito de propano. Incluye garaje cerrado y amplio espacio de aparcamiento en la parcela. La parcela ofrece espacio más que suficiente para construir una piscina privada, ideal para disfrutar del excelente clima de la zona. Además, existe la posibilidad de añadir una segunda planta, que permitiría contemplar unas vistas espectaculares de la laguna rosa de Torrevieja y el mar. Una propiedad con gran potencial, ubicada en una zona residencial consolidada y tranquila, ideal tanto como residencia permanente como inversión.;https://lrcostahomes.com/wp-content/uploads/2026/06/WhatsApp-Image-2026-06-23-at-13.56.11.jpeg;"[""https://lrcostahomes.com/wp-content/uploads/2026/06/WhatsApp-Image-2026-06-23-at-13.56.11.jpeg"", ""https://lrcostahomes.com/wp-content/uploads/2026/06/WhatsApp-Image-2026-06-23-at-13.56.12-1.jpeg"", ""https://lrcostahomes.com/wp-content/uploads/2026/06/WhatsApp-Image-2026-06-23-at-13.56.12.jpeg"", ""https://lrcostahomes.com/wp-content/uploads/2026/06/WhatsApp-Image-2026-06-23-at-13.56.13-1.jpeg"", ""https://lrcostahomes.com/wp-content/uploads/2026/06/WhatsApp-Image-2026-06-23-at-13.56.13-3.jpeg"", ""https://lrcostahomes.com/wp-content/uploads/2026/06/WhatsApp-Image-2026-06-23-at-13.56.13.jpeg"", ""https://lrcostahomes.com/wp-content/uploads/2026/06/WhatsApp-Image-2026-06-23-at-13.56.14-1.jpeg"", ""https://lrcostahomes.com/wp-content/uploads/2026/06/WhatsApp-Image-2026-06-23-at-13.56.14-2.jpeg"", ""https://lrcostahomes.com/wp-content/uploads/2026/06/WhatsApp-Image-2026-06-23-at-13.56.14-3.jpeg"", ""https://lrcostahomes.com/wp-content/uploads/2026/06/WhatsApp-Image-2026-06-23-at-13.56.14.jpeg"", ""https://lrcostahomes.com/wp-content/uploads/2026/06/WhatsApp-Image-2026-06-23-at-13.56.15-1.jpeg"", ""https://lrcostahomes.com/wp-content/uploads/2026/06/WhatsApp-Image-2026-06-23-at-13.56.15-2.jpeg"", ""https://lrcostahomes.com/wp-content/uploads/2026/06/WhatsApp-Image-2026-06-23-at-13.56.15-3.jpeg"", ""https://lrcostahomes.com/wp-content/uploads/2026/06/WhatsApp-Image-2026-06-23-at-13.56.15-4.jpeg"", ""https://lrcostahomes.com/wp-content/uploads/2026/06/WhatsApp-Image-2026-06-23-at-13.56.15.jpeg"", ""https://lrcostahomes.com/wp-content/uploads/2026/06/WhatsApp-Image-2026-06-23-at-13.56.16-1.jpeg"", ""https://lrcostahomes.com/wp-content/uploads/2026/06/WhatsApp-Image-2026-06-23-at-13.56.16-2.jpeg"", ""https://lrcostahomes.com/wp-content/uploads/2026/06/WhatsApp-Image-2026-06-23-at-13.56.16-3.jpeg"", ""https://lrcostahomes.com/wp-content/uploads/2026/06/WhatsApp-Image-2026-06-23-at-13.56.16-4.jpeg"", ""https://lrcostahomes.com/wp-content/uploads/2026/06/WhatsApp-Image-2026-06-23-at-13.56.16-7.jpeg"", ""https://lrcostahomes.com/wp-content/uploads/2026/06/WhatsApp-Image-2026-06-23-at-13.56.16-8.jpeg"", ""https://lrcostahomes.com/wp-content/uploads/2026/06/WhatsApp-Image-2026-06-23-at-13.56.16.jpeg"", ""https://lrcostahomes.com/wp-content/uploads/2026/06/WhatsApp-Image-2026-06-23-at-13.56.17-1.jpeg"", ""https://lrcostahomes.com/wp-content/uploads/2026/06/WhatsApp-Image-2026-06-23-at-13.56.17-2.jpeg"", ""https://lrcostahomes.com/wp-content/uploads/2026/06/WhatsApp-Image-2026-06-23-at-13.56.17-4.jpeg"", ""https://lrcostahomes.com/wp-content/uploads/2026/06/WhatsApp-Image-2026-06-23-at-13.56.17-5.jpeg"", ""https://lrcostahomes.com/wp-content/uploads/2026/06/WhatsApp-Image-2026-06-23-at-13.56.17-6.jpeg""]";Selección Vivienda Nova;draft;capture;;https://lrcostahomes.com/es/property/villa/;ref;MARTINEZ;"[""jardín"", ""Estacionamiento""]";37.962394956987;-0.72346280456083;no
Villa independiente;villa-independiente;Los Balcones, Costa Blanca;Los Balcones;Costa Blanca;Murcia;España;Villa;En venta € 370.000;370000;LR-042;En venta € 370.000;https://lrcostahomes.com/es/property/detached-villa/;0;4;4;110;Se vende villa con una gran parcela en la prestigiosa urbanización Los Balcones de Torrevieja. La casa tiene 110 m² de superficie habitable en una parcela de 770 m². Todo en una sola planta, hay una entrada a la parcela con aparcamiento para 4 coches, una casa con porche, 2 dormitorios, salón, cocina, lavadero y un baño. Al lado hay una casa de huéspedes con dos dormitorios y un baño. Existe la posibilidad de combinar ambas viviendas o de ampliar la propiedad en diferentes direcciones. También cuenta con acceso a una amplia terraza con barbacoa, a los jardines impecablemente cuidados, al porche y a la piscina privada. Situado a pocos metros de instalaciones deportivas, en una zona tranquila y bien comunicada.;https://lrcostahomes.com/wp-content/uploads/2026/06/WhatsApp-Image-2026-02-24-at-11.39.07-1.jpeg;"[""https://lrcostahomes.com/wp-content/uploads/2026/06/WhatsApp-Image-2026-02-24-at-11.39.07-1.jpeg"", ""https://lrcostahomes.com/wp-content/uploads/2026/06/WhatsApp-Image-2026-02-24-at-11.39.07-2.jpeg"", ""https://lrcostahomes.com/wp-content/uploads/2026/06/WhatsApp-Image-2026-02-24-at-11.39.07-3.jpeg"", ""https://lrcostahomes.com/wp-content/uploads/2026/06/WhatsApp-Image-2026-02-24-at-11.39.07.jpeg"", ""https://lrcostahomes.com/wp-content/uploads/2026/06/WhatsApp-Image-2026-02-24-at-11.39.08.jpeg"", ""https://lrcostahomes.com/wp-content/uploads/2026/06/WhatsApp-Image-2026-02-24-at-11.39.12-1.jpeg"", ""https://lrcostahomes.com/wp-content/uploads/2026/06/WhatsApp-Image-2026-02-24-at-11.39.12.jpeg"", ""https://lrcostahomes.com/wp-content/uploads/2026/06/WhatsApp-Image-2026-02-24-at-11.39.13-1.jpeg"", ""https://lrcostahomes.com/wp-content/uploads/2026/06/WhatsApp-Image-2026-02-24-at-11.39.13-2.jpeg"", ""https://lrcostahomes.com/wp-content/uploads/2026/06/WhatsApp-Image-2026-02-24-at-11.39.13-3.jpeg"", ""https://lrcostahomes.com/wp-content/uploads/2026/06/WhatsApp-Image-2026-02-24-at-11.39.13-4.jpeg"", ""https://lrcostahomes.com/wp-content/uploads/2026/06/WhatsApp-Image-2026-02-24-at-11.39.13.jpeg"", ""https://lrcostahomes.com/wp-content/uploads/2026/06/WhatsApp-Image-2026-02-24-at-11.39.14-1.jpeg"", ""https://lrcostahomes.com/wp-content/uploads/2026/06/WhatsApp-Image-2026-02-24-at-11.39.14-2.jpeg"", ""https://lrcostahomes.com/wp-content/uploads/2026/06/WhatsApp-Image-2026-02-24-at-11.39.14-3.jpeg"", ""https://lrcostahomes.com/wp-content/uploads/2026/06/WhatsApp-Image-2026-02-24-at-11.39.14.jpeg"", ""https://lrcostahomes.com/wp-content/uploads/2026/06/WhatsApp-Image-2026-02-24-at-11.39.15-1.jpeg"", ""https://lrcostahomes.com/wp-content/uploads/2026/06/WhatsApp-Image-2026-02-24-at-11.39.15-2.jpeg"", ""https://lrcostahomes.com/wp-content/uploads/2026/06/WhatsApp-Image-2026-02-24-at-11.39.15-3.jpeg"", ""https://lrcostahomes.com/wp-content/uploads/2026/06/WhatsApp-Image-2026-02-24-at-11.39.15-4.jpeg"", ""https://lrcostahomes.com/wp-content/uploads/2026/06/WhatsApp-Image-2026-02-24-at-11.39.15.jpeg"", ""https://lrcostahomes.com/wp-content/uploads/2026/06/WhatsApp-Image-2026-02-24-at-11.39.16-1.jpeg"", ""https://lrcostahomes.com/wp-content/uploads/2026/06/WhatsApp-Image-2026-02-24-at-11.39.16-2.jpeg"", ""https://lrcostahomes.com/wp-content/uploads/2026/06/WhatsApp-Image-2026-02-24-at-11.39.16-3.jpeg"", ""https://lrcostahomes.com/wp-content/uploads/2026/06/WhatsApp-Image-2026-02-24-at-11.39.16-4.jpeg"", ""https://lrcostahomes.com/wp-content/uploads/2026/06/WhatsApp-Image-2026-02-24-at-11.39.16.jpeg"", ""https://lrcostahomes.com/wp-content/uploads/2026/06/WhatsApp-Image-2026-02-24-at-11.39.17.jpeg""]";Selección Vivienda Nova;draft;capture;;https://lrcostahomes.com/es/property/detached-villa/;ref;MARTINEZ;"[""jardín"", ""Estacionamiento"", ""Piscina""]";37.963224724853;-0.72085415075295;no
FABULOSA VILLA INDEPENDIENTE;fabulosa-villa-independiente;Los Balcones, Costa Blanca;Los Balcones;Costa Blanca;Murcia;España;Villa;En venta € 412.000;412000;LR-041;En venta € 412.000;https://lrcostahomes.com/es/property/fabulous-detached-villa/;0;4;4;145;Esta villa independiente representa una excelente oportunidad para quienes buscan un proyecto de renovación o desean crear la casa de sus sueños. Con cuatro amplias habitaciones y un total de 145 metros cuadrados de superficie habitable, esta propiedad se asienta sobre una generosa parcela de 831 metros cuadrados, ofreciendo un amplio espacio interior y exterior para el disfrute familiar. Su ubicación privilegiada garantiza tranquilidad y privacidad, a la vez que proporciona fácil acceso a los servicios locales esenciales. Esta propiedad tiene un gran potencial no solo como inversión, sino también como una opción ideal para mejorar su calidad de vida en un entorno cómodo y espacioso. No pierda la oportunidad de transformar esta villa en el hogar perfecto, adaptado a sus necesidades.;https://lrcostahomes.com/wp-content/uploads/2026/06/WhatsApp-Image-2026-06-23-at-11.56.11.jpeg;"[""https://lrcostahomes.com/wp-content/uploads/2026/06/WhatsApp-Image-2026-06-23-at-11.56.11.jpeg"", ""https://lrcostahomes.com/wp-content/uploads/2026/06/WhatsApp-Image-2026-06-23-at-11.56.12-1.jpeg"", ""https://lrcostahomes.com/wp-content/uploads/2026/06/WhatsApp-Image-2026-06-23-at-11.56.12-2.jpeg"", ""https://lrcostahomes.com/wp-content/uploads/2026/06/WhatsApp-Image-2026-06-23-at-11.56.12-6.jpeg"", ""https://lrcostahomes.com/wp-content/uploads/2026/06/WhatsApp-Image-2026-06-23-at-11.56.12-3.jpeg"", ""https://lrcostahomes.com/wp-content/uploads/2026/06/WhatsApp-Image-2026-06-23-at-11.56.13-3.jpeg"", ""https://lrcostahomes.com/wp-content/uploads/2026/06/WhatsApp-Image-2026-06-23-at-11.56.13.jpeg"", ""https://lrcostahomes.com/wp-content/uploads/2026/06/WhatsApp-Image-2026-06-23-at-11.56.12-4.jpeg"", ""https://lrcostahomes.com/wp-content/uploads/2026/06/WhatsApp-Image-2026-06-23-at-11.56.12-5.jpeg"", ""https://lrcostahomes.com/wp-content/uploads/2026/06/WhatsApp-Image-2026-06-23-at-11.56.12-7.jpeg"", ""https://lrcostahomes.com/wp-content/uploads/2026/06/WhatsApp-Image-2026-06-23-at-11.56.12.jpeg"", ""https://lrcostahomes.com/wp-content/uploads/2026/06/WhatsApp-Image-2026-06-23-at-11.56.13-1.jpeg"", ""https://lrcostahomes.com/wp-content/uploads/2026/06/WhatsApp-Image-2026-06-23-at-11.56.13-2.jpeg""]";Selección Vivienda Nova;draft;capture;;https://lrcostahomes.com/es/property/fabulous-detached-villa/;ref;MARTINEZ;"[""jardín"", ""Estacionamiento""]";37.960316184431;-0.72243283629912;no
Casa adosada reformada con vistas al mar en Punta Prima.;casa-adosada-reformada-con-vistas-al-mar-en-punta-prima;Punta Prima, Costa Blanca;Punta Prima;Costa Blanca;Murcia;España;Villa;En venta € 311.000;311000;LR-040;En venta € 311.000;https://lrcostahomes.com/es/property/renovated-townhouse-with-sea-views-in-punta-prima/;0;4;4;139;"Amplia casa adosada en la codiciada urbanización Punta Prima, a tan solo 600 metros del resplandeciente mar Mediterráneo. Su ubicación es inmejorable, cerca de la playa y del centro de la ciudad. Un corto paseo le llevará a la playa y al encantador paseo marítimo que conecta Punta Prima con Playa Flamenca y, siguiendo la costa, hasta Cabo Roig. Los alrededores ofrecen una amplia variedad de restaurantes, bares, cafeterías y todo tipo de servicios. Además, el popular centro comercial Zenia Boulevard se encuentra a pocos minutos, con cientos de tiendas, actividades y un ambiente animado durante todo el año. Al llegar, le recibirá un ambiente cálido y acogedor. El patio de la esquina rodea parte de la casa y ofrece un amplio espacio para muebles de exterior, comidas al aire libre y para relajarse a la sombra en los días calurosos. El complejo también cuenta con piscina, zonas verdes y áreas comunes, creando un entorno seguro y agradable para familiares y amigos. En el interior, un amplio salón le da la bienvenida y se convierte, naturalmente, en el centro de la casa. Hay espacio suficiente para un sofá y un comedor, creando un ambiente abierto y social. La cocina, parcialmente abierta, está totalmente equipada e integrada con el salón, ideal para quienes desean cocinar mientras comparten momentos con familiares o invitados. La casa se distribuye en tres plantas bien diseñadas y cuenta con cuatro amplias habitaciones, todas con espacio para una cama doble. Ofrece espacio suficiente para una familia numerosa o para alojar cómodamente a invitados. Los tres baños también son espaciosos; uno de ellos ha sido reformado con buen gusto en un estilo moderno, luminoso y atemporal. Todos los baños están equipados con ducha y ofrecen una gran funcionalidad, lo que contribuye a un alto nivel de confort.";https://lrcostahomes.com/wp-content/uploads/2026/06/cbild5oac3kv4udhh6jq5.webp;"[""https://lrcostahomes.com/wp-content/uploads/2026/06/cbild5oac3kv4udhh6jq5.webp"", ""https://lrcostahomes.com/wp-content/uploads/2026/06/cbild5oac3kumadhh6j6h.webp"", ""https://lrcostahomes.com/wp-content/uploads/2026/06/cbild5oac3ku0qdhh6i7i.webp"", ""https://lrcostahomes.com/wp-content/uploads/2026/06/cbild5oac3ku4mdhh6iev.webp"", ""https://lrcostahomes.com/wp-content/uploads/2026/06/cbild5oac3ktbodhh6hme.webp"", ""https://lrcostahomes.com/wp-content/uploads/2026/06/cbild5oac3ks6mdhh6ern.webp"", ""https://lrcostahomes.com/wp-content/uploads/2026/06/cbild5oac3ksaidhh6f4v.webp"", ""https://lrcostahomes.com/wp-content/uploads/2026/06/cbild5oac3ksbidhh6f84.webp"", ""https://lrcostahomes.com/wp-content/uploads/2026/06/cbild5oac3kshedhh6feu.webp"", ""https://lrcostahomes.com/wp-content/uploads/2026/06/cbild5oac3kshedhh6ffb.webp"", ""https://lrcostahomes.com/wp-content/uploads/2026/06/cbild5oac3kt9qdhh6hhb.webp"", ""https://lrcostahomes.com/wp-content/uploads/2026/06/cbild5oac3ktaqdhh6hih.webp"", ""https://lrcostahomes.com/wp-content/uploads/2026/06/cbild5oac3ktmgdhh6hvm.webp"", ""https://lrcostahomes.com/wp-content/uploads/2026/06/cbild5oac3ksmadhh6fme.webp"", ""https://lrcostahomes.com/wp-content/uploads/2026/06/cbild5oac3kr3udhh6ddg.webp"", ""https://lrcostahomes.com/wp-content/uploads/2026/06/cbild5oac3ksbidhh6f7o.webp"", ""https://lrcostahomes.com/wp-content/uploads/2026/06/cbild5oac3ksicdhh6fg4.webp"", ""https://lrcostahomes.com/wp-content/uploads/2026/06/cbild5oac3krjidhh6dob.webp"", ""https://lrcostahomes.com/wp-content/uploads/2026/06/cbild5oac3kr9qdhh6div.webp"", ""https://lrcostahomes.com/wp-content/uploads/2026/06/cbild5oac3krqedhh6e4m.webp"", ""https://lrcostahomes.com/wp-content/uploads/2026/06/cbild5oac3kso8dhh6fpj.webp"", ""https://lrcostahomes.com/wp-content/uploads/2026/06/cbild5oac3ksn8dhh6fmj.webp"", ""https://lrcostahomes.com/wp-content/uploads/2026/06/cbild5oac3ktaqdhh6hk6.webp"", ""https://lrcostahomes.com/wp-content/uploads/2026/06/cbild5oac3ktlidhh6hug.webp"", ""https://lrcostahomes.com/wp-content/uploads/2026/06/cbild5oac3ktscdhh6i6d.webp"", ""https://lrcostahomes.com/wp-content/uploads/2026/06/cbild5oac3ktscdhh6i6m.webp"", ""https://lrcostahomes.com/wp-content/uploads/2026/06/cbild5oac3ku3odhh6idt.webp"", ""https://lrcostahomes.com/wp-content/uploads/2026/06/cbild5oac3kumadhh6j6i.webp""]";Selección Vivienda Nova;draft;capture;;https://lrcostahomes.com/es/property/renovated-townhouse-with-sea-views-in-punta-prima/;ref;MARTINEZ;"[""jardín"", ""Estacionamiento"", ""Solarium"", ""Piscina""]";37.946423059627;-0.71556638122099;no
Bungalow;bungalow;Pilar de la Horadada;Pilar de la Horadada;Pilar de la Horadada;Murcia;España;Villa;Obra Nueva € 369.900;369900;LRN-001;Obra Nueva € 369.900;https://lrcostahomes.com/es/property/bungalow/;0;3;3;85;Un nuevo lanzamiento exclusivo de tan solo seis residencias contemporáneas ubicadas en una tranquila zona residencial de Pilar de la Horadada, justo al lado de espacios verdes abiertos. Diseñadas pensando en el estilo de vida mediterráneo moderno, cada vivienda cuenta con tres dormitorios, interiores amplios y diáfanos, y una piscina privada, creando un estilo de vida relajado que integra el interior y el exterior, perfecto tanto para las vacaciones como para vivir todo el año. Con el centro de la ciudad a tan solo dos minutos y las impresionantes playas de Higuericas a solo 1.5 km de su puerta, ofrece la combinación perfecta de tranquilidad, diseño y comodidad. Tus Opciones Viviendas en planta baja Tres viviendas en planta baja, incluyendo modelos en esquina, que ofrecen amplias terrazas y jardines para disfrutar de una auténtica vida interior-exterior. Las viviendas en esquina cuentan con un jardín lateral adicional, creando espacios exteriores más grandes para relajarse o recibir invitados. Residencias Penthouse Tres elegantes áticos con amplios soláriums privados en la azotea, equipados con cocina de verano y zona de relajación con césped artificial, ideales para tomar el sol, comer y disfrutar del clima mediterráneo durante todo el año. Dentro de la casa Luminosas zonas de estar y comedor diáfanas diseñadas para ofrecer amplitud, comodidad y luz natural. Cocina contemporánea totalmente equipada con electrodomésticos modernos. Tres amplias habitaciones, ideales para familias o invitados. Baños elegantes con acabados de calidad y accesorios modernos. Conexión perfecta entre los espacios interiores y las terrazas exteriores. Opciones Premium Piscina privada para cada vivienda. Amplias terrazas y zonas de estar al aire libre. Modelos de planta baja en esquina con espacio adicional para jardín. Ático con solárium, cocina de verano y zona de césped artificial. Arquitectura contemporánea con líneas modernas y depuradas. Aparcamiento fuera de carretera incluido Acabados y accesorios de alta calidad en toda la propiedad.;https://lrcostahomes.com/wp-content/uploads/2026/06/1-1.jpeg;"[""https://lrcostahomes.com/wp-content/uploads/2026/06/1-1.jpeg"", ""https://lrcostahomes.com/wp-content/uploads/2026/06/1-1-scaled.png"", ""https://lrcostahomes.com/wp-content/uploads/2026/06/1-2.jpeg"", ""https://lrcostahomes.com/wp-content/uploads/2026/06/1-3.jpeg"", ""https://lrcostahomes.com/wp-content/uploads/2026/06/1.jpg"", ""https://lrcostahomes.com/wp-content/uploads/2026/06/1-scaled.png"", ""https://lrcostahomes.com/wp-content/uploads/2026/06/3XAEjsmHE5kySb2YZBsszF2kq4sczT3W5KYHfaOmbeQLcqa92LnaCxtcD6H2bhWME.jpg"", ""https://lrcostahomes.com/wp-content/uploads/2026/06/bjz5kej3OFj4nbmKMMAEYnAP96SA64w7QWesC55tAhMMFWBnf985L7Sa4XZ6fcC1B.jpg"", ""https://lrcostahomes.com/wp-content/uploads/2026/06/CSCEjW3mALcjgtLPrSfcDR3dxPb8m69G2w2TNL9G7MbgW9wBDxbWyW9dNMFnyKjHG.jpg"", ""https://lrcostahomes.com/wp-content/uploads/2026/06/dDa3jZPNajZHCnPgpQM6wKwYA3HAqFa9sz8EbYWWR1gPAg3atdrBzFbsc3OLakte8.jpg"", ""https://lrcostahomes.com/wp-content/uploads/2026/06/HHHdaaeGwcWkxsFxnr7tBHENwrTq9NXQP11n5n1hzCFTSGSWRBFGmynEkrgQ28YqE.jpg"", ""https://lrcostahomes.com/wp-content/uploads/2026/06/wezdS8xs35FwFbQxjX6tgTBm5DDrC16Qtd4ZY3c2qQZAZKBBfEpHSmp7xmDQwMTb8.jpg"", ""https://lrcostahomes.com/wp-content/uploads/2026/06/XCtRFTw76rDrwKbaArOfWKMNHXcmEsByPqs66jw7c6ky15HhEFLcfwdDct4aw2XT2.jpg"", ""https://lrcostahomes.com/wp-content/uploads/2026/06/xp8EDfqe59wt3T2Y9bW1WfjCnr6yNyfLyygO1kAP5mMaX2HqeHYHcwXR6C7PBt34W.jpg"", ""https://lrcostahomes.com/wp-content/uploads/2026/06/xtYrPFg1fxe11AxaONNFnetFK41P4Qe5Xkfe7BaNSQxGC4b6B4Yt3jMd1h1TTwayD.jpg""]";Selección Vivienda Nova;draft;capture;;https://lrcostahomes.com/es/property/bungalow/;ref;MARTINEZ;"[""jardín"", ""Estacionamiento"", ""Piscina""]";37.976101117076;-0.67986081481474;no
Casa adosada de 3 dormitorios en Los Dolses;casa-adosada-de-3-dormitorios-en-los-dolses;Orihuela Costa, Costa Blanca;Orihuela Costa;Costa Blanca;Murcia;España;Villa;En venta € 227.000;227000;LR-039;En venta € 227.000;https://lrcostahomes.com/es/property/3-bedroom-townhouse-in-los-dolses/;0;3;3;98;Esta espaciosa casa adosada de tres dormitorios y dos baños goza de una ubicación privilegiada entre las codiciadas zonas de Los Dolses y Playa Flamenca. Perfectamente situada a poca distancia a pie de una amplia gama de servicios y a menos de diez minutos en coche de playas vírgenes y campos de golf de renombre, la propiedad ofrece un equilibrio ideal entre comodidad, conveniencia y encanto mediterráneo. La casa cuenta con una entrada privada y una amplia terraza con sombra y barbacoa, un espacio tranquilo ideal para relajarse o recibir invitados. En el interior, la planta baja dispone de una luminosa y espaciosa sala de estar con cocina integrada, creando un ambiente funcional y acogedor. Un dormitorio doble con puertas que dan a la terraza, un baño independiente y un práctico armario de almacenamiento completan esta planta. En la planta superior, el dormitorio principal cuenta con una terraza cerrada contigua, que ofrece espacio adicional. Un dormitorio con dos camas individuales y un baño familiar bien equipado brindan alojamiento suficiente para la familia o los invitados. Una escalera exterior conduce a una terraza en la azotea, que cuenta con un amplio invernadero acristalado. Entre las características adicionales se incluyen aparcamiento fuera de la vía pública, aire acondicionado frío/calor, un trastero exterior y acceso a una piscina comunitaria en perfecto estado. La propiedad se ofrece completamente amueblada y lista para entrar a vivir.;https://lrcostahomes.com/wp-content/uploads/2026/06/HE28244__DSCF5369.webp;"[""https://lrcostahomes.com/wp-content/uploads/2026/06/HE28244__DSCF5369.webp"", ""https://lrcostahomes.com/wp-content/uploads/2026/06/HE28244__DSCF5358.webp"", ""https://lrcostahomes.com/wp-content/uploads/2026/06/HE28244__DSCF5241.webp"", ""https://lrcostahomes.com/wp-content/uploads/2026/06/HE28244__DSCF5354.webp"", ""https://lrcostahomes.com/wp-content/uploads/2026/06/HE28244__DSCF5388.webp"", ""https://lrcostahomes.com/wp-content/uploads/2026/06/HE28244__DSCF5280.webp"", ""https://lrcostahomes.com/wp-content/uploads/2026/06/HE28244__DSCF5272.webp"", ""https://lrcostahomes.com/wp-content/uploads/2026/06/HE28244__DSCF5247.webp"", ""https://lrcostahomes.com/wp-content/uploads/2026/06/HE28244__DSCF5254.webp"", ""https://lrcostahomes.com/wp-content/uploads/2026/06/HE28244__DSCF5262.webp"", ""https://lrcostahomes.com/wp-content/uploads/2026/06/HE28244__DSCF5265.webp"", ""https://lrcostahomes.com/wp-content/uploads/2026/06/HE28244__DSCF5287.webp"", ""https://lrcostahomes.com/wp-content/uploads/2026/06/HE28244__DSCF5297.webp"", ""https://lrcostahomes.com/wp-content/uploads/2026/06/HE28244__DSCF5305.webp"", ""https://lrcostahomes.com/wp-content/uploads/2026/06/HE28244__DSCF5314.webp"", ""https://lrcostahomes.com/wp-content/uploads/2026/06/HE28244__DSCF5320.webp"", ""https://lrcostahomes.com/wp-content/uploads/2026/06/HE28244__DSCF5324.webp"", ""https://lrcostahomes.com/wp-content/uploads/2026/06/HE28244__DSCF5334.webp"", ""https://lrcostahomes.com/wp-content/uploads/2026/06/HE28244__DSCF5339.webp"", ""https://lrcostahomes.com/wp-content/uploads/2026/06/HE28244__DSCF5348.webp""]";Selección Vivienda Nova;draft;capture;;https://lrcostahomes.com/es/property/3-bedroom-townhouse-in-los-dolses/;ref;MARTINEZ;"[""jardín"", ""Solarium"", ""Piscina""]";37.939348837684;-0.74559926811516;no
Adosado de 2 habitaciones;adosado-de-2-habitaciones;Orihuela Costa, Costa Blanca;Orihuela Costa;Costa Blanca;Murcia;España;Villa;En venta € 207.000;207000;LR-038;En venta € 207.000;https://lrcostahomes.com/es/property/2-bedroom-townhouse/;0;2;2;83;Nos complace ofrecer esta casa adosada de estilo Sofía, con dos dormitorios y un baño y medio, ubicada en Villamartín. La propiedad goza de una ubicación ideal con vistas a unos jardines comunitarios muy bien cuidados, repletos de palmeras y arbustos maduros, y se encuentra a poca distancia a pie del centro comercial La Fuente y de una gran variedad de tiendas y servicios. La propiedad cuenta con un luminoso jardín de invierno cerrado en la parte delantera que da paso a un amplio salón-comedor, una cocina independiente con zona de lavadero y un aseo de invitados. Una escalera interior conduce a la primera planta, donde encontrará un dormitorio principal con armarios empotrados, un baño familiar y un dormitorio con dos camas individuales y un baño privado con ducha. En el exterior, la propiedad ofrece un amplio solárium con vistas lejanas al mar y una barbacoa integrada, una gran terraza trasera con un trastero perfecto para recibir invitados y un soleado patio delantero con vistas a los jardines comunitarios. Entre las características adicionales se incluye el acceso a una hermosa piscina comunitaria, y la propiedad se venderá parcialmente amueblada.;https://lrcostahomes.com/wp-content/uploads/2026/06/HE29094__DSC_1048.webp;"[""https://lrcostahomes.com/wp-content/uploads/2026/06/HE29094__DSC_1048.webp"", ""https://lrcostahomes.com/wp-content/uploads/2026/06/HE29094__DSC_1051.webp"", ""https://lrcostahomes.com/wp-content/uploads/2026/06/HE29094__DSC_1000.webp"", ""https://lrcostahomes.com/wp-content/uploads/2026/06/HE29094__DSC_1003.webp"", ""https://lrcostahomes.com/wp-content/uploads/2026/06/HE29094__DSC_1004.webp"", ""https://lrcostahomes.com/wp-content/uploads/2026/06/HE29094__DSC_1007.webp"", ""https://lrcostahomes.com/wp-content/uploads/2026/06/HE29094__DSC_1008.webp"", ""https://lrcostahomes.com/wp-content/uploads/2026/06/HE29094__DSC_1011.webp"", ""https://lrcostahomes.com/wp-content/uploads/2026/06/HE29094__DSC_1012.webp"", ""https://lrcostahomes.com/wp-content/uploads/2026/06/HE29094__DSC_1017.webp"", ""https://lrcostahomes.com/wp-content/uploads/2026/06/HE29094__DSC_1020.webp"", ""https://lrcostahomes.com/wp-content/uploads/2026/06/HE29094__DSC_1024.webp"", ""https://lrcostahomes.com/wp-content/uploads/2026/06/HE29094__DSC_1025.webp"", ""https://lrcostahomes.com/wp-content/uploads/2026/06/HE29094__DSC_1027.webp"", ""https://lrcostahomes.com/wp-content/uploads/2026/06/HE29094__DSC_1030.webp"", ""https://lrcostahomes.com/wp-content/uploads/2026/06/HE29094__DSC_1032.webp"", ""https://lrcostahomes.com/wp-content/uploads/2026/06/HE29094__DSC_1041.webp"", ""https://lrcostahomes.com/wp-content/uploads/2026/06/HE29094__DSC_1044.webp"", ""https://lrcostahomes.com/wp-content/uploads/2026/06/HE29094__DSC_1047.webp"", ""https://lrcostahomes.com/wp-content/uploads/2026/06/HE29094__DSC_1050.webp"", ""https://lrcostahomes.com/wp-content/uploads/2026/06/HE29094__DSC_1052.webp"", ""https://lrcostahomes.com/wp-content/uploads/2026/06/HE29094__DSC_1054.webp"", ""https://lrcostahomes.com/wp-content/uploads/2026/06/HE29094__DSC_1059.webp"", ""https://lrcostahomes.com/wp-content/uploads/2026/06/HE29094__DSC_1063.webp"", ""https://lrcostahomes.com/wp-content/uploads/2026/06/HE29094__DSC_1065.webp"", ""https://lrcostahomes.com/wp-content/uploads/2026/06/HE29094__DSC_1066.webp"", ""https://lrcostahomes.com/wp-content/uploads/2026/06/HE29094__DSC_1068.webp"", ""https://lrcostahomes.com/wp-content/uploads/2026/06/HE29094__DSC_1070.webp"", ""https://lrcostahomes.com/wp-content/uploads/2026/06/HE29094__verd1.webp""]";Selección Vivienda Nova;draft;capture;;https://lrcostahomes.com/es/property/2-bedroom-townhouse/;ref;MARTINEZ;"[""jardín"", ""Cuarto de lavandería"", ""Solarium"", ""Piscina""]";37.934793433229;-0.74577878356474;no
Casa adosada de 2 dormitorios en Villamartin;casa-adosada-de-2-dormitorios-en-villamartin;Orihuela Costa, Costa Blanca;Orihuela Costa;Costa Blanca;Murcia;España;Villa;En venta € 207.000;207000;LR-037;En venta € 207.000;https://lrcostahomes.com/es/property/2-bedroom-townhouse-in-villamartin/;0;2;2;86;Esta encantadora casa adosada de 2 dormitorios y 1.5 baños se encuentra en la urbanización Villamartin, muy bien cuidada y de gran demanda. Con una ubicación perfecta a poca distancia a pie de una amplia gama de servicios y a un corto trayecto en coche de impresionantes playas y varios campos de golf excelentes, la propiedad ofrece una combinación ideal de confort, comodidad y estilo mediterráneo. La casa le da la bienvenida con un bonito jardín delantero y una terraza cubierta, un espacio ideal para comer al aire libre o relajarse. En el interior, el amplio salón cuenta con un comedor y una chimenea, creando un ambiente cálido y acogedor. La cocina equipada incluye un lavadero contiguo con acceso directo al jardín trasero, y un práctico aseo en la planta baja completa la distribución de la planta baja. La primera planta consta de un dormitorio principal con acceso a una terraza privada, un dormitorio doble para invitados y un moderno baño familiar. Una escalera interior conduce a una terraza privada en la azotea con preciosas vistas de los alrededores y del mar a lo lejos. Ideal para tomar el sol o recibir invitados. Entre las comodidades adicionales se incluyen el acceso a dos fantásticas piscinas comunitarias y al pintoresco arroyo que serpentea a través de los jardines comunitarios, bellamente diseñados. La propiedad se vende completamente amueblada, lista para entrar a vivir de inmediato.;https://lrcostahomes.com/wp-content/uploads/2026/06/HE28251__DSCF7009.jpg;"[""https://lrcostahomes.com/wp-content/uploads/2026/06/HE28251__DSCF7009.jpg"", ""https://lrcostahomes.com/wp-content/uploads/2026/06/HE28251__DSCF7006.jpg"", ""https://lrcostahomes.com/wp-content/uploads/2026/06/HE28251__DSCF7021.webp"", ""https://lrcostahomes.com/wp-content/uploads/2026/06/HE28251__DSCF7024.webp"", ""https://lrcostahomes.com/wp-content/uploads/2026/06/HE28251__DSCF7030.webp"", ""https://lrcostahomes.com/wp-content/uploads/2026/06/HE28251__DSCF7031.webp"", ""https://lrcostahomes.com/wp-content/uploads/2026/06/HE28251__DSCF7036.webp"", ""https://lrcostahomes.com/wp-content/uploads/2026/06/HE28251__DSCF7039.webp"", ""https://lrcostahomes.com/wp-content/uploads/2026/06/HE28251__DSCF7041.webp"", ""https://lrcostahomes.com/wp-content/uploads/2026/06/HE28251__DSCF7056.webp"", ""https://lrcostahomes.com/wp-content/uploads/2026/06/HE28251__DSCF7060.webp"", ""https://lrcostahomes.com/wp-content/uploads/2026/06/HE28251__DSCF7069.webp"", ""https://lrcostahomes.com/wp-content/uploads/2026/06/HE28251__DSCF7072.webp"", ""https://lrcostahomes.com/wp-content/uploads/2026/06/HE28251__DSCF7077.webp"", ""https://lrcostahomes.com/wp-content/uploads/2026/06/HE28251__DSCF7081.webp"", ""https://lrcostahomes.com/wp-content/uploads/2026/06/HE28251__DSCF7086.webp"", ""https://lrcostahomes.com/wp-content/uploads/2026/06/HE28251__DSCF7097.webp"", ""https://lrcostahomes.com/wp-content/uploads/2026/06/HE28251__DSCF7107.webp"", ""https://lrcostahomes.com/wp-content/uploads/2026/06/HE28251__DSCF7149.webp""]";Selección Vivienda Nova;draft;capture;;https://lrcostahomes.com/es/property/2-bedroom-townhouse-in-villamartin/;ref;MARTINEZ;"[""jardín"", ""Solarium"", ""Piscina""]";37.92702454882;-0.74577878356474;no
Casa adosada de 2 dormitorios en Punta Prima;casa-adosada-de-2-dormitorios-en-punta-prima;Orihuela Costa, Costa Blanca;Orihuela Costa;Costa Blanca;Murcia;España;Villa;En venta € 196.000;196000;LR-036;En venta € 196.000;https://lrcostahomes.com/es/property/2-bedroom-townhouse-in-punta-prima/;0;2;2;81;Esta impecable casa adosada de 2 dormitorios y 1.5 baños goza de una ubicación ideal en la popular zona de Punta Prima, a poca distancia de una fantástica selección de servicios y cerca de hermosas playas y excelentes campos de golf. La propiedad cuenta con un jardín delantero embaldosado y una amplia terraza cubierta, que ofrece un espacio confortable para relajarse o comer al aire libre. En el interior, la vivienda dispone de un acogedor salón con zona de comedor, una elegante cocina independiente totalmente equipada con una terraza trasera cubierta contigua que también puede utilizarse como lavadero, y un aseo en la planta baja. La primera planta consta de un dormitorio principal con terraza, un dormitorio con dos camas individuales y un baño familiar. Una escalera interior conduce a la encantadora terraza privada en la azotea, un lugar perfecto para relajarse mientras se disfruta de las vistas lejanas al mar. Entre las comodidades adicionales se incluyen aire acondicionado frío/calor, acceso a dos piscinas comunitarias y aparcamiento subterráneo seguro. La propiedad se vende parcialmente amueblada y lista para entrar a vivir.;https://lrcostahomes.com/wp-content/uploads/2026/06/HE28253__DSCF7923.webp;"[""https://lrcostahomes.com/wp-content/uploads/2026/06/HE28253__DSCF7923.webp"", ""https://lrcostahomes.com/wp-content/uploads/2026/06/HE28253__DSCF8011.webp"", ""https://lrcostahomes.com/wp-content/uploads/2026/06/HE28253__DSCF7992.webp"", ""https://lrcostahomes.com/wp-content/uploads/2026/06/HE28253__DSCF8003.webp"", ""https://lrcostahomes.com/wp-content/uploads/2026/06/HE28253__DSCF7985.webp"", ""https://lrcostahomes.com/wp-content/uploads/2026/06/HE28253__DSCF7902.webp"", ""https://lrcostahomes.com/wp-content/uploads/2026/06/HE28253__DSCF7958.webp"", ""https://lrcostahomes.com/wp-content/uploads/2026/06/HE28253__DSCF7878.webp"", ""https://lrcostahomes.com/wp-content/uploads/2026/06/HE28253__DSCF7909.webp"", ""https://lrcostahomes.com/wp-content/uploads/2026/06/HE28253__DSCF7915.webp"", ""https://lrcostahomes.com/wp-content/uploads/2026/06/HE28253__DSCF7919.webp"", ""https://lrcostahomes.com/wp-content/uploads/2026/06/HE28253__DSCF7944.webp"", ""https://lrcostahomes.com/wp-content/uploads/2026/06/HE28253__DSCF7950.webp"", ""https://lrcostahomes.com/wp-content/uploads/2026/06/HE28253__DSCF7952.webp"", ""https://lrcostahomes.com/wp-content/uploads/2026/06/HE28253__DSCF7970.webp"", ""https://lrcostahomes.com/wp-content/uploads/2026/06/HE28253__DSCF8019.webp"", ""https://lrcostahomes.com/wp-content/uploads/2026/06/HE28253__DSCF8034.webp"", ""https://lrcostahomes.com/wp-content/uploads/2026/06/HE28253__DSCF8053.webp""]";Selección Vivienda Nova;draft;capture;;https://lrcostahomes.com/es/property/2-bedroom-townhouse-in-punta-prima/;ref;MARTINEZ;"[""jardín"", ""Cuarto de lavandería"", ""Estacionamiento"", ""Solarium"", ""Trastero"", ""Piscina""]";37.934097767293;-0.72792600036162;no
Casa adosada de 2 dormitorios en Los Dolses;casa-adosada-de-2-dormitorios-en-los-dolses;Orihuela Costa, Costa Blanca;Orihuela Costa;Costa Blanca;Murcia;España;Villa;En venta € 218.500;218500;LR-035;En venta € 218.500;https://lrcostahomes.com/es/property/2-bedroom-townhouse-in-los-dolses/;0;2;2;101;Preciosa casa adosada de 2 dormitorios y 2 baños con orientación sur, ubicada en una urbanización bien cuidada y con vistas a una de las piscinas comunitarias. La propiedad goza de una excelente ubicación, a pocos pasos de una amplia selección de restaurantes, bares y supermercados. El popular bulevar La Zenia y las impresionantes playas de arena blanca de la zona se encuentran a un corto trayecto en coche. La planta baja consta de un luminoso y espacioso salón-comedor, una cocina independiente totalmente equipada, un dormitorio doble con armarios empotrados y un cuarto de baño con ducha. Desde la cocina y el dormitorio se accede, a través de puertas correderas, a una terraza trasera privada con preciosas vistas a la piscina. En la planta superior, la propiedad ofrece un dormitorio doble con armarios empotrados, un baño familiar y dos terrazas, una en la parte delantera y otra en la trasera, que proporcionan un amplio espacio al aire libre para disfrutar del sol durante todo el día. Entre las comodidades adicionales se incluyen aire acondicionado frío/calor, acceso a tres atractivas piscinas comunitarias (una climatizada), sauna y zonas de juegos infantiles. La propiedad se vende parcialmente amueblada y cuenta con aparcamiento en la entrada.;https://lrcostahomes.com/wp-content/uploads/2026/06/HE29080__DSC_0505.jpg;"[""https://lrcostahomes.com/wp-content/uploads/2026/06/HE29080__DSC_0505.jpg"", ""https://lrcostahomes.com/wp-content/uploads/2026/06/HE29080__DSC_0535.jpg"", ""https://lrcostahomes.com/wp-content/uploads/2026/06/HE29080__DSC_0537.jpg"", ""https://lrcostahomes.com/wp-content/uploads/2026/06/HE29080__IMG-20260113-WA0031.jpg"", ""https://lrcostahomes.com/wp-content/uploads/2026/06/HE29080__IMG-20260113-WA0040.jpg"", ""https://lrcostahomes.com/wp-content/uploads/2026/06/HE29080__IMG-20260113-WA0041.jpg"", ""https://lrcostahomes.com/wp-content/uploads/2026/06/HE29080__IMG-20260113-WA0042.jpg"", ""https://lrcostahomes.com/wp-content/uploads/2026/06/HE29080__IMG-20260113-WA0044.jpg"", ""https://lrcostahomes.com/wp-content/uploads/2026/06/HE29080__IMG-20260113-WA0045.jpg"", ""https://lrcostahomes.com/wp-content/uploads/2026/06/HE29080__IMG-20260113-WA0047.jpg"", ""https://lrcostahomes.com/wp-content/uploads/2026/06/HE29080__IMG-20260113-WA0050.jpg"", ""https://lrcostahomes.com/wp-content/uploads/2026/06/HE29080__IMG-20260113-WA0052.jpg"", ""https://lrcostahomes.com/wp-content/uploads/2026/06/HE29080__IMG-20260113-WA0058.jpg"", ""https://lrcostahomes.com/wp-content/uploads/2026/06/HE29080__IMG-20260113-WA0059.jpg"", ""https://lrcostahomes.com/wp-content/uploads/2026/06/HE29080__IMG-20260113-WA0069.jpg"", ""https://lrcostahomes.com/wp-content/uploads/2026/06/HE29080__IMG-20260113-WA0070.jpg"", ""https://lrcostahomes.com/wp-content/uploads/2026/06/HE29080__IMG-20260113-WA0072.jpg"", ""https://lrcostahomes.com/wp-content/uploads/2026/06/HE29080__IMG-20260113-WA0074.jpg"", ""https://lrcostahomes.com/wp-content/uploads/2026/06/HE29080__IMG-20260113-WA0056.jpg""]";Selección Vivienda Nova;draft;capture;;https://lrcostahomes.com/es/property/2-bedroom-townhouse-in-los-dolses/;ref;MARTINEZ;"[""jardín"", ""Estacionamiento"", ""Piscina""]";37.933808166158;-0.7248880315323;no
Apartamento;apartamento;Villamartin, Costa Blanca;Villamartín;Costa Blanca;Murcia;España;Villa;En venta € 89.000;89000;LR-033;En venta € 89.000;https://lrcostahomes.com/es/property/apartment-2/;0;1;1;46;Este encantador apartamento reformado en la primera planta se encuentra en el codiciado barrio de Villamartín. Cuenta con un dormitorio, un baño, un cómodo salón-comedor y una acogedora cocina totalmente equipada. La propiedad cuenta con varias características atractivas, como aire acondicionado y un balcón privado con vistas a los jardines. Una de las principales ventajas de esta ubicación es su comodidad. Todos los servicios esenciales están a poca distancia a pie, como el popular centro comercial La Fuente y el renombrado campo de golf Villamartín. Además, encontrará una gran variedad de restaurantes, tiendas y otros servicios en las cercanías, lo que le permitirá disfrutar de un estilo de vida dinámico en un entorno residencial tranquilo.;https://lrcostahomes.com/wp-content/uploads/2026/06/WhatsApp-Image-2026-06-17-at-14.08.52-2.jpeg;"[""https://lrcostahomes.com/wp-content/uploads/2026/06/WhatsApp-Image-2026-06-17-at-14.08.52-2.jpeg"", ""https://lrcostahomes.com/wp-content/uploads/2026/06/WhatsApp-Image-2026-06-17-at-14.08.51.jpeg"", ""https://lrcostahomes.com/wp-content/uploads/2026/06/WhatsApp-Image-2026-06-17-at-14.08.51-1.jpeg"", ""https://lrcostahomes.com/wp-content/uploads/2026/06/WhatsApp-Image-2026-06-17-at-14.08.52-3.jpeg"", ""https://lrcostahomes.com/wp-content/uploads/2026/06/WhatsApp-Image-2026-06-17-at-14.08.52-4.jpeg"", ""https://lrcostahomes.com/wp-content/uploads/2026/06/WhatsApp-Image-2026-06-17-at-14.08.52-5.jpeg"", ""https://lrcostahomes.com/wp-content/uploads/2026/06/WhatsApp-Image-2026-06-17-at-14.08.52-6.jpeg"", ""https://lrcostahomes.com/wp-content/uploads/2026/06/WhatsApp-Image-2026-06-17-at-14.08.52.jpeg"", ""https://lrcostahomes.com/wp-content/uploads/2026/06/WhatsApp-Image-2026-06-17-at-14.08.52-1.jpeg"", ""https://lrcostahomes.com/wp-content/uploads/2026/06/WhatsApp-Image-2026-06-17-at-14.08.53.jpeg""]";Selección Vivienda Nova;draft;capture;;https://lrcostahomes.com/es/property/apartment-2/;ref;MARTINEZ;[];37.931784342525;-0.7207334430177;no
Apartamento;apartamento;Torrevieja, Costa Blanca;Torrevieja;Costa Blanca;Murcia;España;Villa;En venta € 86.900;86900;LR-032;En venta € 86.900;https://lrcostahomes.com/es/property/piso-de-un-dormitorio/;0;1;1;34;El apartamento cuenta con una distribución cómoda y funcional que aprovecha al máximo cada espacio, creando un ambiente acogedor y agradable. Al entrar en la propiedad, encontrará un luminoso salón-comedor, un espacio diseñado para la comodidad y la convivencia. Esta estancia se convierte en el corazón del hogar, un lugar perfecto para relajarse después de un día de trabajo, ver una película, leer o compartir momentos con amigos y familiares. Gracias a su distribución bien diseñada, el salón permite crear diferentes zonas dentro del mismo espacio, como una zona de relax con sofá y televisión, así como un comedor donde se pueden disfrutar de las comidas en compañía. La luz natural que entra por las ventanas proporciona una sensación de amplitud y bienestar, creando un ambiente cálido y acogedor durante todo el día. La cocina, práctica y funcional, está equipada con todo lo necesario para el uso diario. Cuenta con muebles y electrodomésticos que permiten cocinar cómodamente, así como con un amplio espacio de almacenamiento para mantener todo organizado. El apartamento también incluye un dormitorio amplio y confortable, diseñado para garantizar el descanso y la tranquilidad. Este dormitorio ofrece espacio suficiente para una cama doble, armarios y otros muebles, creando un ambiente acogedor y relajante. El baño, totalmente equipado, se encuentra en buen estado y es completamente funcional, ofreciendo todo lo necesario para el uso diario. Su diseño está pensado para brindar comodidad y conveniencia, convirtiéndolo en un espacio práctico dentro del hogar. Una de las principales ventajas de esta propiedad es que se vende completamente amueblada, lo que supone un ahorro considerable para el comprador. Esto permite mudarse de inmediato o empezar a alquilarla sin necesidad de realizar más inversiones.;https://lrcostahomes.com/wp-content/uploads/2026/06/4-1.jpg;"[""https://lrcostahomes.com/wp-content/uploads/2026/06/4-1.jpg"", ""https://lrcostahomes.com/wp-content/uploads/2026/06/4-2.jpg"", ""https://lrcostahomes.com/wp-content/uploads/2026/06/4-3.jpg"", ""https://lrcostahomes.com/wp-content/uploads/2026/06/4-4.jpg"", ""https://lrcostahomes.com/wp-content/uploads/2026/06/4-5.jpg"", ""https://lrcostahomes.com/wp-content/uploads/2026/06/4-7.jpg"", ""https://lrcostahomes.com/wp-content/uploads/2026/06/4-8.jpg"", ""https://lrcostahomes.com/wp-content/uploads/2026/06/4-9.jpg"", ""https://lrcostahomes.com/wp-content/uploads/2026/06/4-10.jpg"", ""https://lrcostahomes.com/wp-content/uploads/2026/06/4-11.jpg"", ""https://lrcostahomes.com/wp-content/uploads/2026/06/4-12.jpg"", ""https://lrcostahomes.com/wp-content/uploads/2026/06/4-13.jpg"", ""https://lrcostahomes.com/wp-content/uploads/2026/06/4-16.jpg"", ""https://lrcostahomes.com/wp-content/uploads/2026/06/4-17-1.jpg"", ""https://lrcostahomes.com/wp-content/uploads/2026/06/4-18.jpg"", ""https://lrcostahomes.com/wp-content/uploads/2026/06/4-19.jpg"", ""https://lrcostahomes.com/wp-content/uploads/2026/06/4-20.jpg"", ""https://lrcostahomes.com/wp-content/uploads/2026/06/4-21.jpg""]";Selección Vivienda Nova;draft;capture;;https://lrcostahomes.com/es/property/piso-de-un-dormitorio/;ref;MARTINEZ;[];37.976101117076;-0.67986081481474;no
Ático con vistas espectaculares;tico-con-vistas-espectaculares;La Mata, Costa Blanca;La Mata;Costa Blanca;Murcia;España;Villa;En venta € 260.000;260000;LR-031;En venta € 260.000;https://lrcostahomes.com/es/property/penthouse-with-spectacular-views/;0;1;1;58;Descubra este atractivo ático en la quinta planta, situado en un edificio frente al mar con vistas a la espectacular playa de La Mata. Una oportunidad única para disfrutar del Mediterráneo desde casa o realizar una inversión altamente rentable. El apartamento cuenta con un luminoso dormitorio, un amplio salón con vistas directas al mar y una cocina independiente, perfectamente distribuida para ofrecer comodidad y funcionalidad. Desde el apartamento, podrá disfrutar de vistas panorámicas al mar, creando un ambiente relajante y privilegiado durante todo el año. Ubicado en una zona con todos los servicios a poca distancia, rodeado de restaurantes, instalaciones de ocio, tiendas y buenas conexiones de transporte, este ático combina tranquilidad y vida costera en una de las ubicaciones más codiciadas de la Costa Blanca. Ideal como residencia permanente, segunda vivienda o inversión inmobiliaria, gracias a su excepcional ubicación y alta demanda de alquiler, ofrece un excelente potencial de rentabilidad. Un hogar encantador junto al mar, donde cada día comienza con la brisa marina y el sonido de las olas.;https://lrcostahomes.com/wp-content/uploads/2026/06/WhatsApp-Image-2026-06-17-at-12.49.48.jpeg;"[""https://lrcostahomes.com/wp-content/uploads/2026/06/WhatsApp-Image-2026-06-17-at-12.49.48.jpeg"", ""https://lrcostahomes.com/wp-content/uploads/2026/06/resale-apartment-flat-torrevieja-la-mata_239590_xl_1408ecf2-43ae-4118-a196-56deed803ebd_PhotoGrid.jpg"", ""https://lrcostahomes.com/wp-content/uploads/2026/06/WhatsApp-Image-2026-06-17-at-12.49.48-8.jpeg"", ""https://lrcostahomes.com/wp-content/uploads/2026/06/WhatsApp-Image-2026-06-17-at-12.49.49.jpeg"", ""https://lrcostahomes.com/wp-content/uploads/2026/06/WhatsApp-Image-2026-06-17-at-12.49.49-2.jpeg"", ""https://lrcostahomes.com/wp-content/uploads/2026/06/WhatsApp-Image-2026-06-17-at-12.49.48-5.jpeg"", ""https://lrcostahomes.com/wp-content/uploads/2026/06/WhatsApp-Image-2026-06-17-at-12.49.48-2.jpeg"", ""https://lrcostahomes.com/wp-content/uploads/2026/06/WhatsApp-Image-2026-06-17-at-12.49.48-7.jpeg"", ""https://lrcostahomes.com/wp-content/uploads/2026/06/WhatsApp-Image-2026-06-17-at-12.49.48-3.jpeg"", ""https://lrcostahomes.com/wp-content/uploads/2026/06/WhatsApp-Image-2026-06-17-at-12.49.48-6.jpeg"", ""https://lrcostahomes.com/wp-content/uploads/2026/06/WhatsApp-Image-2026-06-17-at-12.49.48-4.jpeg"", ""https://lrcostahomes.com/wp-content/uploads/2026/06/WhatsApp-Image-2026-06-17-at-12.49.49-1.jpeg"", ""https://lrcostahomes.com/wp-content/uploads/2026/06/WhatsApp-Image-2026-06-17-at-12.49.48-1.jpeg"", ""https://lrcostahomes.com/wp-content/uploads/2026/06/resale-apartment-flat-torrevieja-la-mata_239573_xl_61c7862e-be52-4c5c-95c5-b8ea20049dd4_PhotoGrid.jpg"", ""https://lrcostahomes.com/wp-content/uploads/2026/06/resale-apartment-flat-torrevieja-la-mata_239586_xl_0c10b15b-dbaa-40f9-82e6-a92c5b43caee_PhotoGrid.jpg""]";Selección Vivienda Nova;draft;capture;;https://lrcostahomes.com/es/property/penthouse-with-spectacular-views/;ref;MARTINEZ;[];38.020151976712;-0.65607869676483;no
Apartamento soleado frente a la playa;apartamento-soleado-frente-a-la-playa;La Mata, Costa Blanca;La Mata;Costa Blanca;Murcia;España;Villa;En venta € 204.500;204500;LR-030;En venta € 204.500;https://lrcostahomes.com/es/property/sunny-beachfront-apartment/;0;2;2;49;Descubra este encantador y soleado apartamento frente al mar en La Mata, perfectamente ubicado en la segunda planta de un pequeño y exclusivo edificio residencial con pocos vecinos. Con una ubicación privilegiada en primera línea de playa, esta encantadora propiedad ofrece vistas espectaculares e ininterrumpidas del mar Mediterráneo desde su maravillosa terraza privada, lo que la convierte en el lugar perfecto para relajarse y disfrutar del estilo de vida costero. El apartamento consta de dos dormitorios, un luminoso y acogedor salón-comedor, una cocina totalmente equipada y un baño. La soleada terraza ofrece un espacio exterior excepcional para disfrutar de amaneceres espectaculares y vistas panorámicas al mar durante todo el año. Para mayor comodidad, la propiedad incluye una plaza de aparcamiento privada y goza de una ubicación ideal cerca de todos los servicios esenciales, como tiendas, restaurantes, cafeterías, transporte público e instalaciones de ocio. Tanto si busca una residencia permanente, una escapada vacacional o una excelente oportunidad de inversión, este apartamento ofrece una combinación inmejorable de ubicación, comodidad y vistas impresionantes.;https://lrcostahomes.com/wp-content/uploads/2026/06/679251_lg-1.jpg;"[""https://lrcostahomes.com/wp-content/uploads/2026/06/679251_lg-1.jpg"", ""https://lrcostahomes.com/wp-content/uploads/2026/06/679253_lg-2.jpg"", ""https://lrcostahomes.com/wp-content/uploads/2026/06/679256_lg-1.jpg"", ""https://lrcostahomes.com/wp-content/uploads/2026/06/679260_lg-1.jpg"", ""https://lrcostahomes.com/wp-content/uploads/2026/06/679268_lg-1.jpg"", ""https://lrcostahomes.com/wp-content/uploads/2026/06/679273_lg-1.jpg"", ""https://lrcostahomes.com/wp-content/uploads/2026/06/679266_lg-1.jpg"", ""https://lrcostahomes.com/wp-content/uploads/2026/06/679274_lg-1.jpg"", ""https://lrcostahomes.com/wp-content/uploads/2026/06/679252_lg-1.jpg"", ""https://lrcostahomes.com/wp-content/uploads/2026/06/679249_lg-1.jpg"", ""https://lrcostahomes.com/wp-content/uploads/2026/06/679255_lg-1.jpg"", ""https://lrcostahomes.com/wp-content/uploads/2026/06/679262_lg-1.jpg"", ""https://lrcostahomes.com/wp-content/uploads/2026/06/679269_lg-1.jpg"", ""https://lrcostahomes.com/wp-content/uploads/2026/06/679270_lg-1.jpg""]";Selección Vivienda Nova;draft;capture;;https://lrcostahomes.com/es/property/sunny-beachfront-apartment/;ref;MARTINEZ;"[""Estacionamiento""]";38.019664908041;-0.65623063203343;no
Apartamento frente al mar;apartamento-frente-al-mar;La Mata, Costa Blanca;La Mata;Costa Blanca;Murcia;España;Villa;En venta € 225.000;225000;LR-029;En venta € 225.000;https://lrcostahomes.com/es/property/beachfront-apartment/;0;2;2;65;"Disfrute de lo mejor de la vida costera en este encantador apartamento frente al mar, donde cada día comienza con el sonido de las olas y termina con inolvidables vistas al océano. Con dos acogedoras habitaciones, esta vivienda es ideal para escapadas relajantes con familiares o amigos. Salga a su terraza privada, el lugar perfecto para disfrutar de un café matutino sin prisas o de una bebida refrescante al atardecer mientras contempla el horizonte resplandeciente. Ubicado en una codiciada zona frente al mar, este apartamento ofrece no solo comodidad y estilo, sino también el privilegio de vivir a pocos pasos de la playa. Tu sueño de vivir junto al mar comienza aquí; no te lo pierdas. Plaza de garaje incluida en el precio.";https://lrcostahomes.com/wp-content/uploads/2026/06/IMG_5422.jpg;"[""https://lrcostahomes.com/wp-content/uploads/2026/06/IMG_5422.jpg"", ""https://lrcostahomes.com/wp-content/uploads/2026/06/IMG_5434.jpg"", ""https://lrcostahomes.com/wp-content/uploads/2026/06/IMG_5437.jpg"", ""https://lrcostahomes.com/wp-content/uploads/2026/06/IMG_5436.jpg"", ""https://lrcostahomes.com/wp-content/uploads/2026/06/IMG_5432.jpg"", ""https://lrcostahomes.com/wp-content/uploads/2026/06/IMG_5431.jpg"", ""https://lrcostahomes.com/wp-content/uploads/2026/06/IMG_5430.jpg"", ""https://lrcostahomes.com/wp-content/uploads/2026/06/IMG_5429.jpg"", ""https://lrcostahomes.com/wp-content/uploads/2026/06/IMG_5426.jpg"", ""https://lrcostahomes.com/wp-content/uploads/2026/06/IMG_5424.jpg"", ""https://lrcostahomes.com/wp-content/uploads/2026/06/IMG_5440.jpg""]";Selección Vivienda Nova;draft;capture;;https://lrcostahomes.com/es/property/beachfront-apartment/;ref;MARTINEZ;"[""Estacionamiento""]";38.009621580112;-0.65496709794332;no
Apartamento en Torrellano;apartamento-en-torrellano;Torrellano, Costa Blanca;Torrellano;Costa Blanca;Murcia;España;Villa;En venta € 150.000;150000;LR-028;En venta € 150.000;https://lrcostahomes.com/es/property/apartment-in-torrellano/;0;2;2;70;Este encantador apartamento en planta baja ofrece una entrada privada, lo que garantiza privacidad y comodidad. Con una superficie de 70 m², cada rincón está diseñado para maximizar el espacio y la funcionalidad. El luminoso salón es perfecto para relajarse o recibir invitados, mientras que la cocina independiente le permite disfrutar de sus momentos culinarios. La propiedad cuenta con dos acogedoras habitaciones, ideales para descansar después de un largo día. Además, el baño completo está equipado con todo lo necesario para su comodidad. Salga al exterior y disfrute de la pequeña terraza, un lugar perfecto para tomar el sol o disfrutar de un café por la mañana. El apartamento también ofrece acceso a un patio interior. La plaza de aparcamiento incluida en el precio es una gran ventaja en esta zona. Construido en 2003, el apartamento se encuentra en buen estado y cuenta con un armario empotrado que optimiza el espacio de almacenamiento. Gracias a su orientación sur, disfrutarás de luz natural durante todo el día.;https://lrcostahomes.com/wp-content/uploads/2026/06/WhatsApp-Image-2026-06-16-at-13.30.50-1.jpeg;"[""https://lrcostahomes.com/wp-content/uploads/2026/06/WhatsApp-Image-2026-06-16-at-13.30.50-1.jpeg"", ""https://lrcostahomes.com/wp-content/uploads/2026/06/WhatsApp-Image-2026-06-16-at-13.30.50-2.jpeg"", ""https://lrcostahomes.com/wp-content/uploads/2026/06/WhatsApp-Image-2026-06-16-at-13.30.50-3.jpeg"", ""https://lrcostahomes.com/wp-content/uploads/2026/06/WhatsApp-Image-2026-06-16-at-13.30.50-4.jpeg"", ""https://lrcostahomes.com/wp-content/uploads/2026/06/WhatsApp-Image-2026-06-16-at-13.30.50-5.jpeg"", ""https://lrcostahomes.com/wp-content/uploads/2026/06/WhatsApp-Image-2026-06-16-at-13.30.50-6.jpeg"", ""https://lrcostahomes.com/wp-content/uploads/2026/06/WhatsApp-Image-2026-06-16-at-13.30.50.jpeg"", ""https://lrcostahomes.com/wp-content/uploads/2026/06/WhatsApp-Image-2026-06-16-at-13.30.51-1.jpeg"", ""https://lrcostahomes.com/wp-content/uploads/2026/06/WhatsApp-Image-2026-06-16-at-13.40.10.jpeg"", ""https://lrcostahomes.com/wp-content/uploads/2026/06/WhatsApp-Image-2026-06-16-at-13.42.01.jpeg""]";Selección Vivienda Nova;draft;capture;;https://lrcostahomes.com/es/property/apartment-in-torrellano/;ref;MARTINEZ;"[""Lift"", ""Estacionamiento""]";38.291925021458;-0.57921341225496;no
Apartamento en San Vicente del Raspeig;apartamento-en-san-vicente-del-raspeig;San Vicente del Raspeig, Costa Blanca;San Vicente del Raspeig;Costa Blanca;Murcia;España;Villa;En venta € 152.000;152000;LR-027;En venta € 152.000;https://lrcostahomes.com/es/property/apartment-in-san-vicente-del-raspeig/;0;3;3;66;Encantador apartamento ubicado en el tranquilo barrio de San Vicente del Raspeig. Esta propiedad cuenta con una superficie construida de 66 m² y se encuentra en perfectas condiciones para entrar a vivir, lo que representa una excelente oportunidad tanto para familias como para inversores. El apartamento dispone de tres habitaciones individuales, ideales para dormir o estudiar, además de un baño completo funcional. Su diseño totalmente exterior garantiza luz natural durante todo el día, creando un ambiente cálido y acogedor. Estratégicamente situado cerca de servicios esenciales como supermercados, colegios y transporte público, este apartamento combina la comodidad urbana con la tranquilidad residencial.;https://lrcostahomes.com/wp-content/uploads/2026/06/53939-56906699-1493527517.jpg.webp;"[""https://lrcostahomes.com/wp-content/uploads/2026/06/53939-56906699-1493527517.jpg.webp"", ""https://lrcostahomes.com/wp-content/uploads/2026/06/53939-56906699-1493527518.jpg.webp"", ""https://lrcostahomes.com/wp-content/uploads/2026/06/53939-56906699-1493527519.jpg.webp"", ""https://lrcostahomes.com/wp-content/uploads/2026/06/53939-56906699-1493527520.jpg.webp"", ""https://lrcostahomes.com/wp-content/uploads/2026/06/53939-56906699-1493527521.jpg.webp"", ""https://lrcostahomes.com/wp-content/uploads/2026/06/53939-56906699-1493527522.jpg.webp"", ""https://lrcostahomes.com/wp-content/uploads/2026/06/53939-56906699-1493527523.jpg.webp"", ""https://lrcostahomes.com/wp-content/uploads/2026/06/53939-56906699-1493527524.jpg.webp"", ""https://lrcostahomes.com/wp-content/uploads/2026/06/53939-56906699-1493527525.jpg.webp"", ""https://lrcostahomes.com/wp-content/uploads/2026/06/53939-56906699-1493527526.jpg.webp"", ""https://lrcostahomes.com/wp-content/uploads/2026/06/53939-56906699-1493527527.jpg.webp"", ""https://lrcostahomes.com/wp-content/uploads/2026/06/53939-56906699-1493527528.jpg.webp"", ""https://lrcostahomes.com/wp-content/uploads/2026/06/53939-56906699-1493527529.jpg.webp"", ""https://lrcostahomes.com/wp-content/uploads/2026/06/53939-56906699-1493527531.jpg.webp""]";Selección Vivienda Nova;draft;capture;;https://lrcostahomes.com/es/property/apartment-in-san-vicente-del-raspeig/;ref;MARTINEZ;"[""Lift""]";38.398950915336;-0.52156082025002;no
Apartamento en Santa Pola cerca de la playa.;apartamento-en-santa-pola-cerca-de-la-playa;Santa Pola, Costa Blanca;Santa Pola;Costa Blanca;Murcia;España;Villa;En venta € 148.000;148000;LR-026;En venta € 148.000;https://lrcostahomes.com/es/property/apartment-in-santa-pola-near-to-the-beach/;0;3;3;85;Encantador apartamento amueblado de 3 habitaciones (quinta planta, sin ascensor) situado a pocos pasos de la famosa playa. Este luminoso salón, de 18 m², invita a la relajación y al disfrute en familia. La espaciosa terraza ofrece vistas parciales al mar, perfectas para disfrutar del clima mediterráneo. Equipado con aire acondicionado split que proporciona calefacción y refrigeración, este hogar garantiza confort durante todo el año. Dos de las habitaciones cuentan con armarios empotrados. La propiedad ha sido renovada recientemente por completo. Vivir en Santa Pola significa elegir una vida de calidad junto al mar. Un lugar perfecto para disfrutar del clima, la luz y el estilo de vida.;https://lrcostahomes.com/wp-content/uploads/2026/06/37330-56339670-1495677626.jpg.webp;"[""https://lrcostahomes.com/wp-content/uploads/2026/06/37330-56339670-1495677626.jpg.webp"", ""https://lrcostahomes.com/wp-content/uploads/2026/06/37330-56339670-1495677629.jpg.webp"", ""https://lrcostahomes.com/wp-content/uploads/2026/06/37330-56339670-1495677624.jpg.webp"", ""https://lrcostahomes.com/wp-content/uploads/2026/06/37330-56339670-1495677630.jpg.webp"", ""https://lrcostahomes.com/wp-content/uploads/2026/06/37330-56339670-1495677631.jpg.webp"", ""https://lrcostahomes.com/wp-content/uploads/2026/06/37330-56339670-1495677632.jpg.webp"", ""https://lrcostahomes.com/wp-content/uploads/2026/06/37330-56339670-1495677633.jpg.webp"", ""https://lrcostahomes.com/wp-content/uploads/2026/06/37330-56339670-1495677635.jpg.webp"", ""https://lrcostahomes.com/wp-content/uploads/2026/06/37330-56339670-1495677636.jpg.webp"", ""https://lrcostahomes.com/wp-content/uploads/2026/06/37330-56339670-1495677639.jpg.webp"", ""https://lrcostahomes.com/wp-content/uploads/2026/06/37330-56339670-1495677642.jpg.webp"", ""https://lrcostahomes.com/wp-content/uploads/2026/06/37330-56339670-1495677644.jpg.webp"", ""https://lrcostahomes.com/wp-content/uploads/2026/06/37330-56339670-1495677645.jpg.webp"", ""https://lrcostahomes.com/wp-content/uploads/2026/06/37330-56339670-1495677647.jpg.webp"", ""https://lrcostahomes.com/wp-content/uploads/2026/06/37330-56339670-1495677648.jpg.webp"", ""https://lrcostahomes.com/wp-content/uploads/2026/06/37330-56339670-1495677650.jpg.webp"", ""https://lrcostahomes.com/wp-content/uploads/2026/06/37330-56339670-1495677651.jpg.webp"", ""https://lrcostahomes.com/wp-content/uploads/2026/06/37330-56339670-1495677655.jpg.webp"", ""https://lrcostahomes.com/wp-content/uploads/2026/06/37330-56339670-1495677656.jpg.webp"", ""https://lrcostahomes.com/wp-content/uploads/2026/06/37330-56339670-1495677657.jpg.webp"", ""https://lrcostahomes.com/wp-content/uploads/2026/06/37330-56339670-1495677660.jpg.webp""]";Selección Vivienda Nova;draft;capture;;https://lrcostahomes.com/es/property/apartment-in-santa-pola-near-to-the-beach/;ref;MARTINEZ;[];38.187742225659;-0.59061699976908;no
Apartamento cerca del centro;apartamento-cerca-del-centro;Santa Pola, Costa Blanca;Santa Pola;Costa Blanca;Murcia;España;Villa;En venta € 130.000;130000;LR-025;En venta € 130.000;https://lrcostahomes.com/es/property/apartment-near-to-center/;0;3;3;60;Apartamento espacioso en una zona tranquila. A pocos pasos del centro de Santa Pola, que ofrece una gran variedad de tiendas, restaurantes, servicios y la playa. Este espacioso apartamento cuenta con suelos de baldosas en toda la vivienda y paredes blancas. Además, incluye un baño reformado y una práctica cocina con amplio espacio de almacenamiento. El amplio dormitorio principal da a un encantador balcón con vistas a los alrededores.;https://lrcostahomes.com/wp-content/uploads/2026/06/1-1.webp;"[""https://lrcostahomes.com/wp-content/uploads/2026/06/1-1.webp"", ""https://lrcostahomes.com/wp-content/uploads/2026/06/1-2.webp"", ""https://lrcostahomes.com/wp-content/uploads/2026/06/1-3.webp"", ""https://lrcostahomes.com/wp-content/uploads/2026/06/1-4.webp"", ""https://lrcostahomes.com/wp-content/uploads/2026/06/1-5.webp"", ""https://lrcostahomes.com/wp-content/uploads/2026/06/1-6.webp"", ""https://lrcostahomes.com/wp-content/uploads/2026/06/1-7.webp"", ""https://lrcostahomes.com/wp-content/uploads/2026/06/1-8.webp"", ""https://lrcostahomes.com/wp-content/uploads/2026/06/1-9.webp"", ""https://lrcostahomes.com/wp-content/uploads/2026/06/1-10.webp"", ""https://lrcostahomes.com/wp-content/uploads/2026/06/1-11.webp""]";Selección Vivienda Nova;draft;capture;;https://lrcostahomes.com/es/property/apartment-near-to-center/;ref;MARTINEZ;[];38.193238876623;-0.56732596702253;no
Apartamento en Santa Pola;apartamento-en-santa-pola;Santa Pola, Costa Blanca;Santa Pola;Costa Blanca;Murcia;España;Villa;En venta € 142.000;142000;Ninguna;En venta € 142.000;https://lrcostahomes.com/es/property/apartment-in-santa-pola/;0;0;0;1;"Descubra este encantador apartamento ubicado en la codiciada zona de Santa Pola. Con una superficie construida de 75 m², esta propiedad se encuentra en buen estado y tiene orientación sur, lo que garantiza luz natural durante todo el día. El apartamento cuenta con un acogedor salón de 16 m², perfecto para disfrutar del tiempo en familia o recibir invitados. La cocina independiente tiene un tamaño ideal de 10 m² y ofrece un amplio espacio para todas sus necesidades culinarias. Este atractivo apartamento cuenta con tres dormitorios: un amplio dormitorio principal con cama doble y dos cómodos dormitorios individuales; además, incluye un baño completo totalmente equipado. A tan solo unos pasos del mar (80 metros), vivir aquí significa tener acceso inmediato a las playas de aguas cristalinas que caracterizan a esta hermosa localidad costera. Su ubicación es inmejorable gracias a las comodidades cercanas, como las paradas de autobús, que ofrecen conexiones rápidas con otras zonas locales y las principales atracciones turísticas.";https://lrcostahomes.com/wp-content/uploads/2026/06/76208-57027364-1498434921.jpg.webp;"[""https://lrcostahomes.com/wp-content/uploads/2026/06/76208-57027364-1498434921.jpg.webp"", ""https://lrcostahomes.com/wp-content/uploads/2026/06/76208-57027364-1498434922.jpg.webp"", ""https://lrcostahomes.com/wp-content/uploads/2026/06/76208-57027364-1498434923.jpg.webp"", ""https://lrcostahomes.com/wp-content/uploads/2026/06/76208-57027364-1498434924.jpg.webp"", ""https://lrcostahomes.com/wp-content/uploads/2026/06/76208-57027364-1498434925.jpg.webp"", ""https://lrcostahomes.com/wp-content/uploads/2026/06/76208-57027364-1498434926.jpg.webp"", ""https://lrcostahomes.com/wp-content/uploads/2026/06/76208-57027364-1498434927.jpg.webp"", ""https://lrcostahomes.com/wp-content/uploads/2026/06/76208-57027364-1498434928.jpg.webp"", ""https://lrcostahomes.com/wp-content/uploads/2026/06/76208-57027364-1498434929.jpg.webp"", ""https://lrcostahomes.com/wp-content/uploads/2026/06/76208-57027364-1498434930.jpg.webp"", ""https://lrcostahomes.com/wp-content/uploads/2026/06/76208-57027364-1498434931.jpg.webp"", ""https://lrcostahomes.com/wp-content/uploads/2026/06/76208-57027364-1498434932.jpg.webp"", ""https://lrcostahomes.com/wp-content/uploads/2026/06/76208-57027364-1498434933.jpg.webp""]";Selección Vivienda Nova;draft;capture;;https://lrcostahomes.com/es/property/apartment-in-santa-pola/;ref;MARTINEZ;[];38.194547969407;-0.55964472596026;no
Apartamento cerca de la playa;apartamento-cerca-de-la-playa;Santa Pola, Costa Blanca;Santa Pola;Costa Blanca;Alicante;España;Villa;En venta € 135.500;135500;LR-023;En venta € 135.500;https://lrcostahomes.com/es/property/apartment-near-to-the-beach/;0;2;2;60;A tan solo 5 minutos a pie de la playa, les presentamos este acogedor apartamento en la cuarta planta de un edificio sin ascensor, ideal para quienes buscan tranquilidad, comodidad y la brisa mediterránea. Un diseño y unos detalles que te enamorarán: – Luminoso salón-comedor con acceso directo a un balcón donde podrá disfrutar del sol y del ambiente costero. – Encantadora cocina de estilo vintage con una práctica galería acristalada que aporta luz y funcionalidad. – Dormitorio principal doble con ventanas de aluminio, perfecto para un descanso tranquilo. – Habitación individual, también con ventana de aluminio, ideal como dormitorio para adolescentes, despacho o espacio multifuncional. – Baño totalmente reformado, moderno y funcional con ducha a ras de suelo. Ubicación inmejorable, rodeada de servicios y tiendas, y a pocos pasos del mar. Perfecta como residencia permanente, segunda vivienda o inversión.;https://lrcostahomes.com/wp-content/uploads/2026/06/88030-57038612-1498909388.jpg.webp;"[""https://lrcostahomes.com/wp-content/uploads/2026/06/88030-57038612-1498909388.jpg.webp"", ""https://lrcostahomes.com/wp-content/uploads/2026/06/88030-57038612-1498909387.jpg.webp"", ""https://lrcostahomes.com/wp-content/uploads/2026/06/88030-57038612-1498909385.jpg.webp"", ""https://lrcostahomes.com/wp-content/uploads/2026/06/88030-57038612-1498909389.jpg.webp"", ""https://lrcostahomes.com/wp-content/uploads/2026/06/88030-57038612-1498909390.jpg.webp"", ""https://lrcostahomes.com/wp-content/uploads/2026/06/88030-57038612-1498909391.jpg.webp"", ""https://lrcostahomes.com/wp-content/uploads/2026/06/88030-57038612-1498909392.jpg.webp"", ""https://lrcostahomes.com/wp-content/uploads/2026/06/88030-57038612-1498909393.jpg.webp"", ""https://lrcostahomes.com/wp-content/uploads/2026/06/88030-57038612-1498909384.jpg.webp""]";Selección Vivienda Nova;draft;capture;;https://lrcostahomes.com/es/property/apartment-near-to-the-beach/;ref;MARTINEZ;[];38.197169100273;-0.54558743438037;no
Apartamento en Santa Pola;apartamento-en-santa-pola;Santa Pola, Costa Blanca;Santa Pola;Costa Blanca;Murcia;España;Villa;En venta € 143.000;143000;LR-022;En venta € 143.000;https://lrcostahomes.com/es/property/apartamento-en-santa-pola/;0;3;3;70;Descubra este encantador piso de 73 m² ubicado en primera planta en Santa Pola, a solo unos pasos del puerto, la playa y el emblemático castillo. Una vivienda con carácter que combina la esencia con todas las comodidades que necesitas para disfrutar de la vida costera. Esta amplia vivienda cuenta con 3 dormitorios perfectos para familias o inversores, salón, cocina independiente funcional y 1 baño completo. Los armarios empotrados te ofrecen soluciones inteligentes de almacenaje. Además, dispone de un balcón donde disfrutar del exterior y la brisa marina, así como una galería lavadero adicional para ampliar tus espacios de convivencia. Los gastos comunitarios son reducidos, lo que supone un ahorro significativo en tu economía doméstica. Aunque no dispone de ascensor (primera planta exterior), la accesibilidad es directa y práctica. Rodeada de todo tipo de servicios: comercios, restaurantes, farmacias,….;https://lrcostahomes.com/wp-content/uploads/2026/06/WhatsApp-Image-2026-06-12-at-17.14.59-1.jpeg;"[""https://lrcostahomes.com/wp-content/uploads/2026/06/WhatsApp-Image-2026-06-12-at-17.14.59-1.jpeg"", ""https://lrcostahomes.com/wp-content/uploads/2026/06/WhatsApp-Image-2026-06-12-at-17.14.59-2.jpeg"", ""https://lrcostahomes.com/wp-content/uploads/2026/06/WhatsApp-Image-2026-06-12-at-17.14.59.jpeg"", ""https://lrcostahomes.com/wp-content/uploads/2026/06/WhatsApp-Image-2026-06-12-at-17.15.00-1.jpeg"", ""https://lrcostahomes.com/wp-content/uploads/2026/06/WhatsApp-Image-2026-06-12-at-17.15.00-2.jpeg"", ""https://lrcostahomes.com/wp-content/uploads/2026/06/WhatsApp-Image-2026-06-12-at-17.15.00-3.jpeg"", ""https://lrcostahomes.com/wp-content/uploads/2026/06/WhatsApp-Image-2026-06-12-at-17.15.00.jpeg"", ""https://lrcostahomes.com/wp-content/uploads/2026/06/WhatsApp-Image-2026-06-12-at-17.20.06.jpeg"", ""https://lrcostahomes.com/wp-content/uploads/2026/06/WhatsApp-Image-2026-06-12-at-17.20.30.jpeg""]";Selección Vivienda Nova;draft;capture;;https://lrcostahomes.com/es/property/apartamento-en-santa-pola/;ref;MARTINEZ;[];38.195083964443;-0.56079895092765;no
Bungalow en Gran Alacant;bungalow-en-gran-alacant;Santa Pola-Gran Alacant, Costa Blanca;Santa Pola-Gran Alacant;Costa Blanca;Murcia;España;Villa;En venta € 157.000;157000;LR-021;En venta € 157.000;https://lrcostahomes.com/es/property/bungalow-en-gran-alacant/;0;3;3;62;Bonito bungalow de 3 dormitorios en un complejo con preciosa piscina comunitaria. Planta baja con jardín y entrada para coche, salón-comedor, cocina, 3 dormitorios, 1 baño y terraza. 5 minutos hasta la playa y en 1 km hasta todos los servicios.;https://lrcostahomes.com/wp-content/uploads/2026/06/22063_xl.jpg;"[""https://lrcostahomes.com/wp-content/uploads/2026/06/22063_xl.jpg"", ""https://lrcostahomes.com/wp-content/uploads/2026/06/22064_xl.jpg"", ""https://lrcostahomes.com/wp-content/uploads/2026/06/22065_xl.jpg"", ""https://lrcostahomes.com/wp-content/uploads/2026/06/22067_xl.jpg"", ""https://lrcostahomes.com/wp-content/uploads/2026/06/22068_xl.jpg"", ""https://lrcostahomes.com/wp-content/uploads/2026/06/22069_xl.jpg"", ""https://lrcostahomes.com/wp-content/uploads/2026/06/22070_xl.jpg"", ""https://lrcostahomes.com/wp-content/uploads/2026/06/22071_xl.jpg"", ""https://lrcostahomes.com/wp-content/uploads/2026/06/22073_xl.jpg"", ""https://lrcostahomes.com/wp-content/uploads/2026/06/22074_xl.jpg"", ""https://lrcostahomes.com/wp-content/uploads/2026/06/22075_xl.jpg"", ""https://lrcostahomes.com/wp-content/uploads/2026/06/resale-bungalow-santa-pola-gran-alacant_22060_xl.jpg"", ""https://lrcostahomes.com/wp-content/uploads/2026/06/resale-bungalow-santa-pola-gran-alacant_22061_xl.jpg"", ""https://lrcostahomes.com/wp-content/uploads/2026/06/resale-bungalow-santa-pola-gran-alacant_22062_xl.jpg""]";Selección Vivienda Nova;draft;capture;;https://lrcostahomes.com/es/property/bungalow-en-gran-alacant/;ref;MARTINEZ;"[""jardín"", ""Estacionamiento"", ""Piscina""]";38.203224714852;-0.5119178103427;no
Villa independiente con terreno;villa-independiente-con-terreno;Orihuela, Costa Blanca;Orihuela;Costa Blanca;Murcia;España;Villa;En venta € 160.000;160000;LR-020;En venta € 160.000;https://lrcostahomes.com/es/property/detached-villa-with-land/;0;3;3;240;"Propiedad rural con casa para reformar y 12,689 m² de terreno en Huerta de Desamparados. Si busca espacio, privacidad y la oportunidad de crear una auténtica casa de campo a su medida, esta propiedad ofrece características cada vez más difíciles de encontrar. Ubicada entre la hermosa ciudad universitaria de Murcia y la localidad de Orihuela. Situada en un entorno rural consolidado, rodeada de naturaleza y tierras de cultivo, la propiedad ofrece la paz y la tranquilidad de la vida en el campo, a la vez que goza de buenas conexiones y está cerca de todos los servicios esenciales. La propiedad se asienta sobre una parcela de 12,689 m², tradicionalmente utilizada para el cultivo de hortalizas, con tierra fértil y un sistema de riego alimentado por su propia bomba con toma de agua directa del río vecino; un valor añadido significativo para cualquiera que desee continuar con la actividad agrícola, desarrollar un estilo de vida autosuficiente o simplemente disfrutar de una gran parcela de tierra. Dentro de la parcela hay una superficie construida total de 240 m², distribuida entre la casa principal y un edificio de almacenamiento contiguo. La casa actualmente consta de: 3 dormitorios 1 Baño cocina hogar Además, la propiedad cuenta con las siguientes ventajas: gran edificio de almacenamiento contiguo área del porche plaza de aparcamiento / cochera suministro eléctrico conectado acceso por carretera asfaltada Camino de acceso con alumbrado público zona residencial vallada Importante: la casa necesita reformas. Es un proyecto para hacerlo uno mismo. Una excelente oportunidad para compradores que deseen diseñar y adaptar la propiedad según sus propias necesidades, aprovechando una estructura ya establecida y legalmente registrada.";https://lrcostahomes.com/wp-content/uploads/2026/06/DJI_0001.jpg;"[""https://lrcostahomes.com/wp-content/uploads/2026/06/DJI_0001.jpg"", ""https://lrcostahomes.com/wp-content/uploads/2026/06/DJI_0009.jpg"", ""https://lrcostahomes.com/wp-content/uploads/2026/06/DJI_0032.jpg"", ""https://lrcostahomes.com/wp-content/uploads/2026/06/DJI_0038.jpg"", ""https://lrcostahomes.com/wp-content/uploads/2026/06/DSC06440.jpg"", ""https://lrcostahomes.com/wp-content/uploads/2026/06/DSC06445.jpg"", ""https://lrcostahomes.com/wp-content/uploads/2026/06/DSC06451.jpg"", ""https://lrcostahomes.com/wp-content/uploads/2026/06/DSC06458.jpg"", ""https://lrcostahomes.com/wp-content/uploads/2026/06/DSC06460.jpg"", ""https://lrcostahomes.com/wp-content/uploads/2026/06/DSC06470.jpg"", ""https://lrcostahomes.com/wp-content/uploads/2026/06/Food1Oranges.jpg"", ""https://lrcostahomes.com/wp-content/uploads/2026/06/Pedrera.jpg"", ""https://lrcostahomes.com/wp-content/uploads/2026/06/Pedrera4.jpg""]";Selección Vivienda Nova;draft;capture;;https://lrcostahomes.com/es/property/detached-villa-with-land/;ref;MARTINEZ;"[""Chimenea"", ""Estacionamiento""]";38.079309437926;-0.96599122728666;no
Casa en venta en La Murada;casa-en-venta-en-la-murada;La Murada, Costa Blanca;La Murada;Costa Blanca;Murcia;España;Villa;En venta € 173.000;173000;LR-019;En venta € 173.000;https://lrcostahomes.com/es/property/house-for-sale-in-la-murada/;0;3;3;350;En un pintoresco barrio cerca de La Murada se encuentra esta encantadora propiedad que combina el encanto rural con la comodidad de una casa con gran potencial. Ubicada en una amplia parcela de aproximadamente 13,000 m², la casa principal cuenta con dos dormitorios, un baño completo, una cocina con chimenea y un acogedor salón-comedor que irradia calidez y personalidad. Junto a la casa principal se encuentra una segunda vivienda, probablemente parte de la estructura original, que ofrece un dormitorio, salón-comedor, cocina y baño, ideal para invitados o para crear un espacio independiente. La propiedad también incluye dos dependencias bien construidas, ideales para almacenamiento, talleres o para adaptarlas a nuevos usos según sea necesario. Un patio central conecta los diferentes espacios y conduce a una terraza arbolada justo enfrente de la casa, creando un lugar perfecto para disfrutar de la tranquilidad del entorno. La casa necesita reformas, lo que ofrece la oportunidad perfecta para personalizarla a su gusto y transformarla en la casa de sus sueños, aprovechando su excelente distribución y gran potencial. La propiedad está en regla, con toda la documentación en regla, lo que garantiza una compra segura y sin complicaciones. El entorno, rodeado de naturaleza y con un paisaje que invita a la tranquilidad, convierte esta finca en una oportunidad única para quienes buscan espacio, privacidad y un proyecto con infinitas posibilidades.;https://lrcostahomes.com/wp-content/uploads/2026/06/WhatsApp-Image-2026-06-11-at-12.36.08-1.jpeg;"[""https://lrcostahomes.com/wp-content/uploads/2026/06/WhatsApp-Image-2026-06-11-at-12.36.08-1.jpeg"", ""https://lrcostahomes.com/wp-content/uploads/2026/06/WhatsApp-Image-2026-06-11-at-12.36.08.jpeg"", ""https://lrcostahomes.com/wp-content/uploads/2026/06/WhatsApp-Image-2026-06-11-at-12.36.09-1.jpeg"", ""https://lrcostahomes.com/wp-content/uploads/2026/06/WhatsApp-Image-2026-06-11-at-12.36.09-2.jpeg"", ""https://lrcostahomes.com/wp-content/uploads/2026/06/WhatsApp-Image-2026-06-11-at-12.36.09-3.jpeg"", ""https://lrcostahomes.com/wp-content/uploads/2026/06/WhatsApp-Image-2026-06-11-at-12.36.09.jpeg"", ""https://lrcostahomes.com/wp-content/uploads/2026/06/WhatsApp-Image-2026-06-11-at-12.36.10-1.jpeg"", ""https://lrcostahomes.com/wp-content/uploads/2026/06/WhatsApp-Image-2026-06-11-at-12.36.10-2.jpeg"", ""https://lrcostahomes.com/wp-content/uploads/2026/06/WhatsApp-Image-2026-06-11-at-12.36.10-3.jpeg"", ""https://lrcostahomes.com/wp-content/uploads/2026/06/WhatsApp-Image-2026-06-11-at-12.36.10-4.jpeg"", ""https://lrcostahomes.com/wp-content/uploads/2026/06/WhatsApp-Image-2026-06-11-at-12.36.10-5.jpeg"", ""https://lrcostahomes.com/wp-content/uploads/2026/06/WhatsApp-Image-2026-06-11-at-12.36.10.jpeg"", ""https://lrcostahomes.com/wp-content/uploads/2026/06/WhatsApp-Image-2026-06-11-at-12.36.11-1.jpeg"", ""https://lrcostahomes.com/wp-content/uploads/2026/06/WhatsApp-Image-2026-06-11-at-12.36.11-2.jpeg"", ""https://lrcostahomes.com/wp-content/uploads/2026/06/WhatsApp-Image-2026-06-11-at-12.36.11-3.jpeg"", ""https://lrcostahomes.com/wp-content/uploads/2026/06/WhatsApp-Image-2026-06-11-at-12.36.11-4.jpeg"", ""https://lrcostahomes.com/wp-content/uploads/2026/06/WhatsApp-Image-2026-06-11-at-12.36.11.jpeg"", ""https://lrcostahomes.com/wp-content/uploads/2026/06/WhatsApp-Image-2026-06-11-at-12.36.12-1.jpeg"", ""https://lrcostahomes.com/wp-content/uploads/2026/06/WhatsApp-Image-2026-06-11-at-12.36.12-2.jpeg"", ""https://lrcostahomes.com/wp-content/uploads/2026/06/WhatsApp-Image-2026-06-11-at-12.36.12.jpeg""]";Selección Vivienda Nova;draft;capture;;https://lrcostahomes.com/es/property/house-for-sale-in-la-murada/;ref;MARTINEZ;"[""jardín"", ""Estacionamiento"", ""Trastero""]";38.082423913851;-0.92773984313505;no
Villa rural en Redovan;villa-rural-en-redovan;Redovan, Costa Blanca;Redovan;Costa Blanca;Murcia;España;Villa;En venta € 187.000;187000;LR-018;En venta € 187.000;https://lrcostahomes.com/es/property/rustic-house/;0;2;2;157;Espacio, confort y elegancia en plena campiña. En medio del sereno paisaje de Redován, descubra una exclusiva casa de campo diseñada para quienes buscan una combinación de lujo y conexión con la naturaleza. Esta es su oportunidad de formar parte de algo verdaderamente especial. Características excepcionales: – 1 pozo – 2 amplias habitaciones: Espacios luminosos y vistas al paisaje circundante. – 1 baño moderno y elegante: con acabados de alta calidad y un diseño pensado para relajarte. – Acogedor salón: El lugar perfecto para desconectar y disfrutar de momentos únicos. – Cocina equipada: Amplia y con todo lo necesario para tus experiencias culinarias. Dimensiones del sueño: No solo le ofrecemos una casa, le ofrecemos un reino. Con 157 m² de construcción meticulosa, cada rincón de esta casa ha sido diseñado pensando en su comodidad. Pero el verdadero tesoro reside en su impresionante terreno de 5000 m². Cultive un jardín, instale una piscina, cree un área de juegos o simplemente disfrute de la amplitud y la privacidad que este terreno le ofrece. Imagínese atardeceres pintorescos desde su terraza, mañanas frescas rodeado de vegetación y noches bajo un manto de estrellas, todo en su propio pedazo de paraíso.;https://lrcostahomes.com/wp-content/uploads/2026/06/WhatsApp-Image-2026-06-10-at-22.50.53.jpeg;"[""https://lrcostahomes.com/wp-content/uploads/2026/06/WhatsApp-Image-2026-06-10-at-22.50.53.jpeg"", ""https://lrcostahomes.com/wp-content/uploads/2026/06/WhatsApp-Image-2026-06-10-at-22.50.57-4.jpeg"", ""https://lrcostahomes.com/wp-content/uploads/2026/06/WhatsApp-Image-2026-06-10-at-22.50.53-1.jpeg"", ""https://lrcostahomes.com/wp-content/uploads/2026/06/WhatsApp-Image-2026-06-10-at-22.50.54-1.jpeg"", ""https://lrcostahomes.com/wp-content/uploads/2026/06/WhatsApp-Image-2026-06-10-at-22.50.54-2.jpeg"", ""https://lrcostahomes.com/wp-content/uploads/2026/06/WhatsApp-Image-2026-06-10-at-22.50.54.jpeg"", ""https://lrcostahomes.com/wp-content/uploads/2026/06/WhatsApp-Image-2026-06-10-at-22.50.57-1.jpeg"", ""https://lrcostahomes.com/wp-content/uploads/2026/06/WhatsApp-Image-2026-06-10-at-22.50.57-2.jpeg"", ""https://lrcostahomes.com/wp-content/uploads/2026/06/WhatsApp-Image-2026-06-10-at-22.50.57-3.jpeg"", ""https://lrcostahomes.com/wp-content/uploads/2026/06/WhatsApp-Image-2026-06-10-at-22.50.57-5.jpeg"", ""https://lrcostahomes.com/wp-content/uploads/2026/06/WhatsApp-Image-2026-06-10-at-22.50.57-6.jpeg"", ""https://lrcostahomes.com/wp-content/uploads/2026/06/WhatsApp-Image-2026-06-10-at-22.50.57.jpeg"", ""https://lrcostahomes.com/wp-content/uploads/2026/06/WhatsApp-Image-2026-06-10-at-22.50.58-1.jpeg"", ""https://lrcostahomes.com/wp-content/uploads/2026/06/WhatsApp-Image-2026-06-10-at-22.50.58-2.jpeg"", ""https://lrcostahomes.com/wp-content/uploads/2026/06/WhatsApp-Image-2026-06-10-at-22.50.58-3.jpeg"", ""https://lrcostahomes.com/wp-content/uploads/2026/06/WhatsApp-Image-2026-06-10-at-22.50.58-5.jpeg"", ""https://lrcostahomes.com/wp-content/uploads/2026/06/WhatsApp-Image-2026-06-10-at-22.50.58.jpeg"", ""https://lrcostahomes.com/wp-content/uploads/2026/06/WhatsApp-Image-2026-06-10-at-22.50.59-1.jpeg"", ""https://lrcostahomes.com/wp-content/uploads/2026/06/WhatsApp-Image-2026-06-10-at-22.50.59-2.jpeg"", ""https://lrcostahomes.com/wp-content/uploads/2026/06/WhatsApp-Image-2026-06-10-at-22.50.59-3.jpeg"", ""https://lrcostahomes.com/wp-content/uploads/2026/06/WhatsApp-Image-2026-06-10-at-22.50.59-4.jpeg"", ""https://lrcostahomes.com/wp-content/uploads/2026/06/WhatsApp-Image-2026-06-10-at-22.50.59-5.jpeg"", ""https://lrcostahomes.com/wp-content/uploads/2026/06/WhatsApp-Image-2026-06-10-at-22.50.59-6.jpeg"", ""https://lrcostahomes.com/wp-content/uploads/2026/06/WhatsApp-Image-2026-06-10-at-22.50.59.jpeg"", ""https://lrcostahomes.com/wp-content/uploads/2026/06/WhatsApp-Image-2026-06-10-at-22.51.00-1.jpeg"", ""https://lrcostahomes.com/wp-content/uploads/2026/06/WhatsApp-Image-2026-06-10-at-22.51.00-2.jpeg"", ""https://lrcostahomes.com/wp-content/uploads/2026/06/WhatsApp-Image-2026-06-10-at-22.51.00.jpeg""]";Selección Vivienda Nova;draft;capture;;https://lrcostahomes.com/es/property/rustic-house/;ref;MARTINEZ;"[""Chimenea"", ""jardín"", ""Estacionamiento"", ""Trastero""]";38.110886709012;-0.89821770726193;no
Villa en Villena;villa-en-villena;Villena, Costa Blanca;Villena;Costa Blanca;Murcia;España;Villa;En venta € 160.000;160000;LR-017;En venta € 160.000;https://lrcostahomes.com/es/property/10036-2/;0;7;7;210;Nos complace presentar esta importante villa de siete dormitorios, idealmente ubicada a solo 3 km de la ciudad de Villena, ubicada en una zona tranquila pero bien comunicada. La propiedad principal ofrece más de 200 m² de alojamiento, que comprende dos amplias salas de estar, siete dormitorios, un baño familiar completo y un aseo para invitados adicional, lo que proporciona un amplio espacio para familias numerosas, viviendas familiares extendidas o potencial de alquiler. El exterior de la villa sigue impresionando. Una cocina de verano con baño completo ofrece un excelente potencial para convertirse en un anexo independiente para invitados o una casita. La parcela completamente vallada garantiza privacidad y seguridad, mientras que la piscina subterránea, acristalada, crea un espacio atractivo y seguro para disfrutar de los cálidos meses de verano. Una gran terraza cubierta ofrece el entorno perfecto para relajarse y descansar mientras disfruta de las vistas abiertas a la montaña, ideal para cenar al aire libre o entretenerse. Información importante: La propiedad se vio afectada por un terremoto hace varios años, lo que provocó grietas estructurales.;https://lrcostahomes.com/wp-content/uploads/2026/06/w_pool.jpeg;"[""https://lrcostahomes.com/wp-content/uploads/2026/06/w_pool.jpeg"", ""https://lrcostahomes.com/wp-content/uploads/2026/06/w_whatsapp-image-2026-01-15-at-12.46.57.jpeg"", ""https://lrcostahomes.com/wp-content/uploads/2026/06/w_whatsapp-image-2026-01-15-at-12.46.59-1-.jpeg"", ""https://lrcostahomes.com/wp-content/uploads/2026/06/w_whatsapp-image-2026-01-15-at-12.46.59-2-.jpeg"", ""https://lrcostahomes.com/wp-content/uploads/2026/06/w_whatsapp-image-2026-01-15-at-12.47.00.jpeg"", ""https://lrcostahomes.com/wp-content/uploads/2026/06/w_whatsapp-image-2026-01-15-at-12.47.00-1-.jpeg"", ""https://lrcostahomes.com/wp-content/uploads/2026/06/w_whatsapp-image-2026-01-15-at-12.47.01.jpeg"", ""https://lrcostahomes.com/wp-content/uploads/2026/06/w_whatsapp-image-2026-01-15-at-12.47.01-1-.jpeg"", ""https://lrcostahomes.com/wp-content/uploads/2026/06/w_whatsapp-image-2026-01-15-at-12.47.01-2-.jpeg"", ""https://lrcostahomes.com/wp-content/uploads/2026/06/w_whatsapp-image-2026-01-15-at-12.47.01-3-.jpeg"", ""https://lrcostahomes.com/wp-content/uploads/2026/06/w_whatsapp-image-2026-01-15-at-12.47.02.jpeg"", ""https://lrcostahomes.com/wp-content/uploads/2026/06/w_whatsapp-image-2026-01-15-at-12.47.03.jpeg"", ""https://lrcostahomes.com/wp-content/uploads/2026/06/w_whatsapp-image-2026-01-15-at-12.47.04.jpeg"", ""https://lrcostahomes.com/wp-content/uploads/2026/06/w_whatsapp-image-2026-01-15-at-12.47.04-1-.jpeg"", ""https://lrcostahomes.com/wp-content/uploads/2026/06/w_whatsapp-image-2026-01-15-at-12.47.04-2-.jpeg"", ""https://lrcostahomes.com/wp-content/uploads/2026/06/w_whatsapp-image-2026-01-15-at-12.47.08.jpeg"", ""https://lrcostahomes.com/wp-content/uploads/2026/06/w_whatsapp-image-2026-01-15-at-12.47.08-1-.jpeg"", ""https://lrcostahomes.com/wp-content/uploads/2026/06/w_whatsapp-image-2026-01-15-at-12.47.09-1-.jpeg"", ""https://lrcostahomes.com/wp-content/uploads/2026/06/w_whatsapp-image-2026-01-15-at-12.47.09-3-.jpeg"", ""https://lrcostahomes.com/wp-content/uploads/2026/06/w_whatsapp-image-2026-01-15-at-12.47.10.jpeg"", ""https://lrcostahomes.com/wp-content/uploads/2026/06/w_whatsapp-image-2026-01-15-at-12.47.10-1-.jpeg"", ""https://lrcostahomes.com/wp-content/uploads/2026/06/w_whatsapp-image-2026-01-15-at-12.47.10-2-.jpeg"", ""https://lrcostahomes.com/wp-content/uploads/2026/06/w_whatsapp-image-2026-01-15-at-12.47.10-3-.jpeg"", ""https://lrcostahomes.com/wp-content/uploads/2026/06/w_whatsapp-image-2026-01-15-at-12.47.11-1-.jpeg"", ""https://lrcostahomes.com/wp-content/uploads/2026/06/w_whatsapp-image-2026-01-15-at-12.47.11-2-.jpeg"", ""https://lrcostahomes.com/wp-content/uploads/2026/06/w_whatsapp-image-2026-01-15-at-12.47.11-3-.jpeg"", ""https://lrcostahomes.com/wp-content/uploads/2026/06/w_whatsapp-image-2026-01-15-at-12.47.11-4-.jpeg"", ""https://lrcostahomes.com/wp-content/uploads/2026/06/w_whatsapp-image-2026-01-15-at-12.47.12-1-.jpeg"", ""https://lrcostahomes.com/wp-content/uploads/2026/06/w_whatsapp-image-2026-01-15-at-12.47.13.jpeg"", ""https://lrcostahomes.com/wp-content/uploads/2026/06/w_whatsapp-image-2026-01-15-at-12.47.13-1-.jpeg""]";Selección Vivienda Nova;draft;capture;;https://lrcostahomes.com/es/property/10036-2/;ref;MARTINEZ;"[""jardín"", ""Cuarto de lavandería"", ""Estacionamiento"", ""Piscina""]";38.627760324354;-0.85118644145833;no
Casa de campo en Gea y Truyols;casa-de-campo-en-gea-y-truyols;Gea y Truyols, Costa Calida;Gea y Truyols;Costa Cálida;Murcia;España;Villa;En venta € 175.000;175000;LR-016;En venta € 175.000;https://lrcostahomes.com/es/property/country-house-in-gea-y-truyols/;0;4;4;326;Esta fabulosa propiedad se encuentra en una parcela de 1,264 m2 y ofrece vistas espectaculares del paisaje y la naturaleza circundantes. Al entrar en la casa, encontrará dos dormitorios —uno a cada lado— de estilo tradicional español. A continuación, accederá a un amplio comedor con chimenea, el corazón de la casa, que conecta con el resto de las estancias. En la sala de estar también se encuentra la cocina, desde la cual se puede acceder a los otros dos dormitorios, al baño y a un porche con baldosas, ideal para sentarse al aire libre y disfrutar de una agradable tarde con familiares o amigos. En el exterior, hay dos construcciones adicionales que pueden utilizarse para distintos fines, como garaje o habitaciones extra. Una de ellas, acondicionada como salón, también cuenta con chimenea. La piscina es muy grande, está completamente revestida de azulejos y ofrece unas vistas increíbles del campo. Justo al lado, hay un jardín con un gallinero y varios árboles frutales, como olivos e higueras. Excelente accesibilidad, cerca de todos los servicios, en una ubicación tranquila y espléndida. La propiedad cuenta con electricidad, agua y fosa séptica. También dispone de dos cisternas de agua.;https://lrcostahomes.com/wp-content/uploads/2026/06/WhatsApp-Image-2026-06-10-at-21.52.59-1.jpeg;"[""https://lrcostahomes.com/wp-content/uploads/2026/06/WhatsApp-Image-2026-06-10-at-21.52.59-1.jpeg"", ""https://lrcostahomes.com/wp-content/uploads/2026/06/WhatsApp-Image-2026-06-10-at-21.52.59.jpeg"", ""https://lrcostahomes.com/wp-content/uploads/2026/06/WhatsApp-Image-2026-06-10-at-21.53.00-1.jpeg"", ""https://lrcostahomes.com/wp-content/uploads/2026/06/WhatsApp-Image-2026-06-10-at-21.53.00-2.jpeg"", ""https://lrcostahomes.com/wp-content/uploads/2026/06/WhatsApp-Image-2026-06-10-at-21.53.00.jpeg"", ""https://lrcostahomes.com/wp-content/uploads/2026/06/WhatsApp-Image-2026-06-10-at-21.53.02.jpeg"", ""https://lrcostahomes.com/wp-content/uploads/2026/06/WhatsApp-Image-2026-06-10-at-21.53.03-1.jpeg"", ""https://lrcostahomes.com/wp-content/uploads/2026/06/WhatsApp-Image-2026-06-10-at-21.53.03-2.jpeg"", ""https://lrcostahomes.com/wp-content/uploads/2026/06/WhatsApp-Image-2026-06-10-at-21.53.03-3.jpeg"", ""https://lrcostahomes.com/wp-content/uploads/2026/06/WhatsApp-Image-2026-06-10-at-21.53.03-4.jpeg"", ""https://lrcostahomes.com/wp-content/uploads/2026/06/WhatsApp-Image-2026-06-10-at-21.53.03-5.jpeg"", ""https://lrcostahomes.com/wp-content/uploads/2026/06/WhatsApp-Image-2026-06-10-at-21.53.03.jpeg"", ""https://lrcostahomes.com/wp-content/uploads/2026/06/WhatsApp-Image-2026-06-10-at-21.53.04-1.jpeg"", ""https://lrcostahomes.com/wp-content/uploads/2026/06/WhatsApp-Image-2026-06-10-at-21.53.04-2.jpeg"", ""https://lrcostahomes.com/wp-content/uploads/2026/06/WhatsApp-Image-2026-06-10-at-21.53.04-3.jpeg"", ""https://lrcostahomes.com/wp-content/uploads/2026/06/WhatsApp-Image-2026-06-10-at-21.53.04-4.jpeg"", ""https://lrcostahomes.com/wp-content/uploads/2026/06/WhatsApp-Image-2026-06-10-at-21.53.04-5.jpeg"", ""https://lrcostahomes.com/wp-content/uploads/2026/06/WhatsApp-Image-2026-06-10-at-21.53.04.jpeg"", ""https://lrcostahomes.com/wp-content/uploads/2026/06/WhatsApp-Image-2026-06-10-at-21.53.05-1.jpeg"", ""https://lrcostahomes.com/wp-content/uploads/2026/06/WhatsApp-Image-2026-06-10-at-21.53.05-2.jpeg"", ""https://lrcostahomes.com/wp-content/uploads/2026/06/WhatsApp-Image-2026-06-10-at-21.53.05-3.jpeg"", ""https://lrcostahomes.com/wp-content/uploads/2026/06/WhatsApp-Image-2026-06-10-at-21.53.05.jpeg"", ""https://lrcostahomes.com/wp-content/uploads/2026/06/WhatsApp-Image-2026-06-10-at-21.53.06-1.jpeg"", ""https://lrcostahomes.com/wp-content/uploads/2026/06/WhatsApp-Image-2026-06-10-at-21.53.06-2.jpeg"", ""https://lrcostahomes.com/wp-content/uploads/2026/06/WhatsApp-Image-2026-06-10-at-21.53.06-3.jpeg"", ""https://lrcostahomes.com/wp-content/uploads/2026/06/WhatsApp-Image-2026-06-10-at-21.53.06-4.jpeg"", ""https://lrcostahomes.com/wp-content/uploads/2026/06/WhatsApp-Image-2026-06-10-at-21.53.06-5.jpeg"", ""https://lrcostahomes.com/wp-content/uploads/2026/06/WhatsApp-Image-2026-06-10-at-21.53.06.jpeg"", ""https://lrcostahomes.com/wp-content/uploads/2026/06/WhatsApp-Image-2026-06-10-at-21.53.07-1.jpeg"", ""https://lrcostahomes.com/wp-content/uploads/2026/06/WhatsApp-Image-2026-06-10-at-21.53.07-2.jpeg""]";Selección Vivienda Nova;draft;capture;;https://lrcostahomes.com/es/property/country-house-in-gea-y-truyols/;ref;MARTINEZ;"[""Chimenea"", ""jardín"", ""Estacionamiento"", ""Trastero"", ""Piscina""]";37.855114530181;-1.0437212117294;no
Villa de campo;villa-de-campo;Lorca, Costa Calida;Lorca;Costa Cálida;Murcia;España;Villa;En venta € 174.000;174000;LR-015;En venta € 174.000;https://lrcostahomes.com/es/property/9948-2/;0;3;3;169;Imagínese despertar con el suave canto de los pájaros, el aroma a pino en el aire y la cálida caricia del sol naciente sobre las montañas. Bienvenido a un rincón sereno de La Parroquia, Lorca, donde el tiempo se detiene y la vida se siente maravillosamente sencilla. Situada en una amplia parcela de 2,300 m², esta propiedad ofrece la combinación perfecta de comodidad, privacidad y armonía con la naturaleza. Esta encantadora residencia de 120 m² ha sido cuidadosamente diseñada para brindar comodidad y calidez a diario. En su interior, tres amplias habitaciones invitan a la relajación, mientras que dos baños completos garantizan la comodidad de la familia o los invitados. Un versátil loft de 30 m² corona la casa: un espacio inspirador y luminoso, perfecto para transformarlo en un estudio de artista, un acogedor rincón de lectura o una habitación de invitados adicional. El salón y el comedor son luminosos y acogedores, con una chimenea como elemento central: el lugar ideal para reunirse en las noches frescas. La cocina, totalmente equipada, cuenta con electrodomésticos nuevos con garantía (lavavajillas, lavadora, frigorífico), lo que convierte cocinar en un verdadero placer. Cada rincón de esta casa irradia confort y tranquilidad, con toques modernos como aire acondicionado (bomba de calor), internet de banda ancha y un completo sistema de alarma, que le permitirán relajarse y disfrutar de cada momento. Salga al exterior y descubra la esencia del estilo de vida mediterráneo. Disfrute de comidas tranquilas bajo el sol con la barbacoa integrada, relájese en la amplia terraza o imagine la piscina de sus sueños: la propiedad ofrece el espacio perfecto para ello. Rodeado de naturaleza, el paisaje cambia con las estaciones: desde los delicados tonos rosados ​​de los almendros en flor hasta los colores dorados del verano. Es el lugar ideal para redescubrir el significado de respirar hondo y vivir la vida al máximo. Esta propiedad no solo es hermosa, sino también responsable y vanguardista. Alimentada por 12 paneles solares (7.2 kW) y cinco baterías de almacenamiento, ofrece total independencia energética y un impacto ambiental mínimo. El agua se suministra desde un embalse privado, lo que garantiza la fiabilidad y la sostenibilidad durante todo el año.;https://lrcostahomes.com/wp-content/uploads/2026/06/WhatsApp-Image-2026-06-10-at-20.51.46-1.jpeg;"[""https://lrcostahomes.com/wp-content/uploads/2026/06/WhatsApp-Image-2026-06-10-at-20.51.46-1.jpeg"", ""https://lrcostahomes.com/wp-content/uploads/2026/06/WhatsApp-Image-2026-06-10-at-20.51.46-2.jpeg"", ""https://lrcostahomes.com/wp-content/uploads/2026/06/WhatsApp-Image-2026-06-10-at-20.51.46.jpeg"", ""https://lrcostahomes.com/wp-content/uploads/2026/06/WhatsApp-Image-2026-06-10-at-20.51.47-1.jpeg"", ""https://lrcostahomes.com/wp-content/uploads/2026/06/WhatsApp-Image-2026-06-10-at-20.51.47.jpeg"", ""https://lrcostahomes.com/wp-content/uploads/2026/06/WhatsApp-Image-2026-06-10-at-20.51.49-1.jpeg"", ""https://lrcostahomes.com/wp-content/uploads/2026/06/WhatsApp-Image-2026-06-10-at-20.51.49.jpeg"", ""https://lrcostahomes.com/wp-content/uploads/2026/06/WhatsApp-Image-2026-06-10-at-20.51.50-1.jpeg"", ""https://lrcostahomes.com/wp-content/uploads/2026/06/WhatsApp-Image-2026-06-10-at-20.51.50-2.jpeg"", ""https://lrcostahomes.com/wp-content/uploads/2026/06/WhatsApp-Image-2026-06-10-at-20.51.50-3.jpeg"", ""https://lrcostahomes.com/wp-content/uploads/2026/06/WhatsApp-Image-2026-06-10-at-20.51.50-4.jpeg"", ""https://lrcostahomes.com/wp-content/uploads/2026/06/WhatsApp-Image-2026-06-10-at-20.51.50-5.jpeg"", ""https://lrcostahomes.com/wp-content/uploads/2026/06/WhatsApp-Image-2026-06-10-at-20.51.50-6.jpeg"", ""https://lrcostahomes.com/wp-content/uploads/2026/06/WhatsApp-Image-2026-06-10-at-20.51.50.jpeg"", ""https://lrcostahomes.com/wp-content/uploads/2026/06/WhatsApp-Image-2026-06-10-at-20.51.51-1.jpeg"", ""https://lrcostahomes.com/wp-content/uploads/2026/06/WhatsApp-Image-2026-06-10-at-20.51.51-2.jpeg"", ""https://lrcostahomes.com/wp-content/uploads/2026/06/WhatsApp-Image-2026-06-10-at-20.51.51-3.jpeg"", ""https://lrcostahomes.com/wp-content/uploads/2026/06/WhatsApp-Image-2026-06-10-at-20.51.51-4.jpeg"", ""https://lrcostahomes.com/wp-content/uploads/2026/06/WhatsApp-Image-2026-06-10-at-20.51.51-5.jpeg"", ""https://lrcostahomes.com/wp-content/uploads/2026/06/WhatsApp-Image-2026-06-10-at-20.51.51-6.jpeg"", ""https://lrcostahomes.com/wp-content/uploads/2026/06/WhatsApp-Image-2026-06-10-at-20.51.51-7.jpeg"", ""https://lrcostahomes.com/wp-content/uploads/2026/06/WhatsApp-Image-2026-06-10-at-20.51.51.jpeg"", ""https://lrcostahomes.com/wp-content/uploads/2026/06/WhatsApp-Image-2026-06-10-at-20.51.52-1.jpeg"", ""https://lrcostahomes.com/wp-content/uploads/2026/06/WhatsApp-Image-2026-06-10-at-20.51.52-2.jpeg"", ""https://lrcostahomes.com/wp-content/uploads/2026/06/WhatsApp-Image-2026-06-10-at-20.51.52-3.jpeg"", ""https://lrcostahomes.com/wp-content/uploads/2026/06/WhatsApp-Image-2026-06-10-at-20.51.52-4.jpeg"", ""https://lrcostahomes.com/wp-content/uploads/2026/06/WhatsApp-Image-2026-06-10-at-20.51.52-5.jpeg"", ""https://lrcostahomes.com/wp-content/uploads/2026/06/WhatsApp-Image-2026-06-10-at-20.51.52-6.jpeg"", ""https://lrcostahomes.com/wp-content/uploads/2026/06/WhatsApp-Image-2026-06-10-at-20.51.52-7.jpeg"", ""https://lrcostahomes.com/wp-content/uploads/2026/06/WhatsApp-Image-2026-06-10-at-20.51.52.jpeg""]";Selección Vivienda Nova;draft;capture;;https://lrcostahomes.com/es/property/9948-2/;ref;MARTINEZ;"[""Chimenea"", ""jardín"", ""Estacionamiento"", ""Trastero""]";37.721563974131;-1.8550070787203;no
Apartamento en primera línea de playa con vistas al mar.;apartamento-en-primera-l-nea-de-playa-con-vistas-al-mar;Lo Pagan, Costa Calida;Lo Pagán;Costa Cálida;Murcia;España;Villa;En venta € 309.000;309000;LR-014;En venta € 309.000;https://lrcostahomes.com/es/property/beachfront-apartment-with-sea-views/;0;3;3;99;Apartamento frente al mar con vistas al mar en Lo Pagan Apartamento de tres habitaciones, como nuevo, en un edificio con ascensor, ¡justo en primera línea de playa! Descubra esta impresionante propiedad frente al mar, donde el sonido de las olas y la brisa marina crean una atmósfera verdaderamente única.;https://lrcostahomes.com/wp-content/uploads/2026/06/d696a380e01fa7696a380e01ff4.jpeg;"[""https://lrcostahomes.com/wp-content/uploads/2026/06/d696a380e01fa7696a380e01ff4.jpeg"", ""https://lrcostahomes.com/wp-content/uploads/2026/06/WhatsApp-Image-2026-06-10-at-18.45.17.jpeg"", ""https://lrcostahomes.com/wp-content/uploads/2026/06/WhatsApp-Image-2026-06-10-at-18.45.18.jpeg"", ""https://lrcostahomes.com/wp-content/uploads/2026/06/WhatsApp-Image-2026-06-10-at-18.45.18-3.jpeg"", ""https://lrcostahomes.com/wp-content/uploads/2026/06/WhatsApp-Image-2026-06-10-at-18.45.18-2.jpeg"", ""https://lrcostahomes.com/wp-content/uploads/2026/06/WhatsApp-Image-2026-06-10-at-18.45.18-1.jpeg"", ""https://lrcostahomes.com/wp-content/uploads/2026/06/WhatsApp-Image-2026-06-10-at-18.45.17-4.jpeg"", ""https://lrcostahomes.com/wp-content/uploads/2026/06/WhatsApp-Image-2026-06-10-at-18.45.17-3.jpeg"", ""https://lrcostahomes.com/wp-content/uploads/2026/06/d696a380c3dfc2696a380c3e006.jpeg"", ""https://lrcostahomes.com/wp-content/uploads/2026/06/WhatsApp-Image-2026-06-10-at-18.45.17-2.jpeg"", ""https://lrcostahomes.com/wp-content/uploads/2026/06/WhatsApp-Image-2026-06-10-at-18.45.17-1.jpeg"", ""https://lrcostahomes.com/wp-content/uploads/2026/06/WhatsApp-Image-2026-06-10-at-18.45.16.jpeg"", ""https://lrcostahomes.com/wp-content/uploads/2026/06/WhatsApp-Image-2026-06-10-at-18.45.16-2.jpeg"", ""https://lrcostahomes.com/wp-content/uploads/2026/06/WhatsApp-Image-2026-06-10-at-18.45.16-1.jpeg"", ""https://lrcostahomes.com/wp-content/uploads/2026/06/WhatsApp-Image-2026-06-10-at-18.45.15-2.jpeg""]";Selección Vivienda Nova;draft;capture;;https://lrcostahomes.com/es/property/beachfront-apartment-with-sea-views/;ref;MARTINEZ;[];37.826677646613;-0.77566796446938;no
Ático con vistas al mar;tico-con-vistas-al-mar;Lo Pagan, Costa Calida;Lo Pagán;Costa Cálida;Murcia;España;Villa;En venta € 239.900;239900;LR-013;En venta € 239.900;https://lrcostahomes.com/es/property/penthouse-with-sea-views/;0;2;2;68;Este espectacular ático con vistas al Mar Menor ofrece algunas de las mejores panorámicas de Lo Pagán. Este apartamento es la oportunidad perfecta para relajarse contemplando el mar y los barcos, lejos del ajetreo diario. Ubicado en la última planta, cuenta con ascensor y varias terrazas comunitarias. Recientemente renovado por completo, este inmueble es ideal para quienes buscan un oasis de tranquilidad junto al mar.;https://lrcostahomes.com/wp-content/uploads/2026/06/WhatsApp-Image-2026-06-10-at-17.53.11-1.jpeg;"[""https://lrcostahomes.com/wp-content/uploads/2026/06/WhatsApp-Image-2026-06-10-at-17.53.11-1.jpeg"", ""https://lrcostahomes.com/wp-content/uploads/2026/06/WhatsApp-Image-2026-06-10-at-17.53.07.jpeg"", ""https://lrcostahomes.com/wp-content/uploads/2026/06/WhatsApp-Image-2026-06-10-at-17.53.08.jpeg"", ""https://lrcostahomes.com/wp-content/uploads/2026/06/WhatsApp-Image-2026-06-10-at-17.53.09-1.jpeg"", ""https://lrcostahomes.com/wp-content/uploads/2026/06/WhatsApp-Image-2026-06-10-at-17.53.09-2.jpeg"", ""https://lrcostahomes.com/wp-content/uploads/2026/06/WhatsApp-Image-2026-06-10-at-17.53.09.jpeg"", ""https://lrcostahomes.com/wp-content/uploads/2026/06/WhatsApp-Image-2026-06-10-at-17.53.10-1.jpeg"", ""https://lrcostahomes.com/wp-content/uploads/2026/06/WhatsApp-Image-2026-06-10-at-17.53.10-2.jpeg"", ""https://lrcostahomes.com/wp-content/uploads/2026/06/WhatsApp-Image-2026-06-10-at-17.53.10-3.jpeg"", ""https://lrcostahomes.com/wp-content/uploads/2026/06/WhatsApp-Image-2026-06-10-at-17.53.10-4.jpeg"", ""https://lrcostahomes.com/wp-content/uploads/2026/06/WhatsApp-Image-2026-06-10-at-17.53.10-5.jpeg"", ""https://lrcostahomes.com/wp-content/uploads/2026/06/WhatsApp-Image-2026-06-10-at-17.53.10-6.jpeg"", ""https://lrcostahomes.com/wp-content/uploads/2026/06/WhatsApp-Image-2026-06-10-at-17.53.10-7.jpeg"", ""https://lrcostahomes.com/wp-content/uploads/2026/06/WhatsApp-Image-2026-06-10-at-17.53.10.jpeg"", ""https://lrcostahomes.com/wp-content/uploads/2026/06/WhatsApp-Image-2026-06-10-at-17.53.11.jpeg"", ""https://lrcostahomes.com/wp-content/uploads/2026/06/WhatsApp-Image-2026-06-10-at-17.54.54.jpeg""]";Selección Vivienda Nova;draft;capture;;https://lrcostahomes.com/es/property/penthouse-with-sea-views/;ref;MARTINEZ;[];37.826312805999;-0.77614054179575;no
Apartamento con vistas al mar;apartamento-con-vistas-al-mar;Lo Pagan, Costa Calida;Lo Pagán;Costa Cálida;Murcia;España;Villa;En venta € 310.000;310000;LR-012;En venta € 310.000;https://lrcostahomes.com/es/property/apartment-with-sea-views/;0;2;2;83;Nos complace ofrecer a la venta esta increíble propiedad de 2 dormitorios y 2 baños con, posiblemente, las mejores vistas de toda la zona. Triple orientación. Salón-comedor diáfano. 2 amplios dormitorios, uno de ellos con baño en suite. Cocina enorme. La propiedad también cuenta con ascensor y plaza de aparcamiento privada. Se recomienda encarecidamente visitar este apartamento.;https://lrcostahomes.com/wp-content/uploads/2026/06/PHOTO-2025-11-28-13-56-48_8-1.jpg;"[""https://lrcostahomes.com/wp-content/uploads/2026/06/PHOTO-2025-11-28-13-56-48_8-1.jpg"", ""https://lrcostahomes.com/wp-content/uploads/2026/06/PHOTO-2025-11-28-13-56-48_12.jpg"", ""https://lrcostahomes.com/wp-content/uploads/2026/06/PHOTO-2025-11-28-13-56-48_11-1.jpg"", ""https://lrcostahomes.com/wp-content/uploads/2026/06/PHOTO-2025-11-28-13-56-47_21.jpg"", ""https://lrcostahomes.com/wp-content/uploads/2026/06/PHOTO-2025-11-28-13-56-48_1-1.jpg"", ""https://lrcostahomes.com/wp-content/uploads/2026/06/PHOTO-2025-11-28-13-56-48_2-1.jpg"", ""https://lrcostahomes.com/wp-content/uploads/2026/06/PHOTO-2025-11-28-13-56-48_3-1.jpg"", ""https://lrcostahomes.com/wp-content/uploads/2026/06/PHOTO-2025-11-28-13-56-48_4-1.jpg"", ""https://lrcostahomes.com/wp-content/uploads/2026/06/PHOTO-2025-11-28-13-56-48_7-1.jpg"", ""https://lrcostahomes.com/wp-content/uploads/2026/06/PHOTO-2025-11-28-13-56-47_1.jpg"", ""https://lrcostahomes.com/wp-content/uploads/2026/06/PHOTO-2025-11-28-13-56-47_2.jpg"", ""https://lrcostahomes.com/wp-content/uploads/2026/06/PHOTO-2025-11-28-13-56-47_3.jpg"", ""https://lrcostahomes.com/wp-content/uploads/2026/06/PHOTO-2025-11-28-13-56-47_4.jpg"", ""https://lrcostahomes.com/wp-content/uploads/2026/06/PHOTO-2025-11-28-13-56-47_5.jpg"", ""https://lrcostahomes.com/wp-content/uploads/2026/06/PHOTO-2025-11-28-13-56-47_6.jpg"", ""https://lrcostahomes.com/wp-content/uploads/2026/06/PHOTO-2025-11-28-13-56-47_7.jpg"", ""https://lrcostahomes.com/wp-content/uploads/2026/06/PHOTO-2025-11-28-13-56-47_8.jpg"", ""https://lrcostahomes.com/wp-content/uploads/2026/06/PHOTO-2025-11-28-13-56-47_10.jpg"", ""https://lrcostahomes.com/wp-content/uploads/2026/06/PHOTO-2025-11-28-13-56-47_15.jpg"", ""https://lrcostahomes.com/wp-content/uploads/2026/06/PHOTO-2025-11-28-13-56-47_18.jpg"", ""https://lrcostahomes.com/wp-content/uploads/2026/06/PHOTO-2025-11-28-13-56-47_19.jpg"", ""https://lrcostahomes.com/wp-content/uploads/2026/06/PHOTO-2025-11-28-13-56-48-1.jpg"", ""https://lrcostahomes.com/wp-content/uploads/2026/06/PHOTO-2025-11-28-13-56-48_14.jpg""]";Selección Vivienda Nova;draft;capture;;https://lrcostahomes.com/es/property/apartment-with-sea-views/;ref;MARTINEZ;"[""Estacionamiento""]";37.826431668726;-0.77557511601533;no
UN APARTAMENTO DE LUJO EN LO PAGAN;un-apartamento-de-lujo-en-lo-pagan;Lo Pagan, Costa Calida;Lo Pagán;Costa Cálida;Murcia;España;Villa;En venta € 294.950;294950;LR-011;En venta € 294.950;https://lrcostahomes.com/es/property/a-luxuarious-apartment-in-lo-pagan/;0;3;3;109;"Apartamento de lujo totalmente reformado de 3 dormitorios y 2 baños. Se vende completamente amueblado y con impresionantes vistas al puerto deportivo desde el salón/terraza diáfano – Lo Pagán – Murcia. Este lujoso apartamento, situado en la cuarta planta, cuenta con ascensor y ofrece impresionantes vistas al puerto deportivo de Lo Pagán. Decorado y amueblado con un alto nivel de calidad, su nuevo diseño diáfano permite disfrutar al máximo de la cocina, el entretenimiento, las comidas, el relax y la soleada terraza con preciosas vistas al mar y al puerto deportivo. La vivienda cuenta con tres dormitorios (dos de ellos el principal con armarios empotrados), un baño principal con ducha independiente y un baño en suite con bañera exenta y ducha independiente. Además, dispone de un cuarto de servicio para la caldera y la lavadora. La propiedad cuenta con un sistema de aire acondicionado frío/calor de última generación recién instalado en toda la vivienda, además de calefactores de pared en el salón principal y el dormitorio principal. Se recomienda encarecidamente visitar el apartamento para apreciar su alta calidad y sus instalaciones. Se vende completamente amueblado y listo para disfrutar; sería una excelente vivienda para residencia permanente o un magnífico apartamento vacacional.";https://lrcostahomes.com/wp-content/uploads/2026/06/WhatsApp-Image-2026-06-10-at-16.12.07-3.jpeg;"[""https://lrcostahomes.com/wp-content/uploads/2026/06/WhatsApp-Image-2026-06-10-at-16.12.07-3.jpeg"", ""https://lrcostahomes.com/wp-content/uploads/2026/06/WhatsApp-Image-2026-06-10-at-16.12.07-2.jpeg"", ""https://lrcostahomes.com/wp-content/uploads/2026/06/WhatsApp-Image-2026-06-10-at-16.12.06.jpeg"", ""https://lrcostahomes.com/wp-content/uploads/2026/06/WhatsApp-Image-2026-06-10-at-16.12.06-3.jpeg"", ""https://lrcostahomes.com/wp-content/uploads/2026/06/WhatsApp-Image-2026-06-10-at-16.12.08-3.jpeg"", ""https://lrcostahomes.com/wp-content/uploads/2026/06/WhatsApp-Image-2026-06-10-at-16.12.08-4.jpeg"", ""https://lrcostahomes.com/wp-content/uploads/2026/06/WhatsApp-Image-2026-06-10-at-16.12.08-5.jpeg"", ""https://lrcostahomes.com/wp-content/uploads/2026/06/WhatsApp-Image-2026-06-10-at-16.12.05-1.jpeg"", ""https://lrcostahomes.com/wp-content/uploads/2026/06/WhatsApp-Image-2026-06-10-at-16.12.07-4.jpeg"", ""https://lrcostahomes.com/wp-content/uploads/2026/06/WhatsApp-Image-2026-06-10-at-16.12.08-2.jpeg"", ""https://lrcostahomes.com/wp-content/uploads/2026/06/WhatsApp-Image-2026-06-10-at-16.12.07.jpeg"", ""https://lrcostahomes.com/wp-content/uploads/2026/06/WhatsApp-Image-2026-06-10-at-16.12.05-2.jpeg"", ""https://lrcostahomes.com/wp-content/uploads/2026/06/WhatsApp-Image-2026-06-10-at-16.12.05-3.jpeg"", ""https://lrcostahomes.com/wp-content/uploads/2026/06/WhatsApp-Image-2026-06-10-at-16.12.05.jpeg"", ""https://lrcostahomes.com/wp-content/uploads/2026/06/WhatsApp-Image-2026-06-10-at-16.12.06-1.jpeg"", ""https://lrcostahomes.com/wp-content/uploads/2026/06/WhatsApp-Image-2026-06-10-at-16.12.07-1.jpeg"", ""https://lrcostahomes.com/wp-content/uploads/2026/06/WhatsApp-Image-2026-06-10-at-16.12.08-1.jpeg"", ""https://lrcostahomes.com/wp-content/uploads/2026/06/WhatsApp-Image-2026-06-10-at-16.12.08.jpeg""]";Selección Vivienda Nova;draft;capture;;https://lrcostahomes.com/es/property/a-luxuarious-apartment-in-lo-pagan/;ref;MARTINEZ;[];37.826498035553;-0.77562089485287;no
Apartamento reformado a tan solo 30 m del mar.;apartamento-reformado-a-tan-solo-30-m-del-mar;Lo Pagan, Costa Calida;Lo Pagán;Costa Cálida;Murcia;España;Villa;En venta € 249.000;249000;LR-010;En venta € 249.000;https://lrcostahomes.com/es/property/renovated-apartment-just-30-m-from-the-sea/;0;3;3;95;Este apartamento totalmente reformado se encuentra a tan solo 30 metros de la playa en Lo Pagán, San Pedro del Pinatar. Reformado en 2025 por un interiorista profesional, ofrece 94.58 m² de superficie habitable en la cuarta planta con acceso por ascensor, e incluye tres dormitorios y dos baños con acabados modernos y funcionales. La reforma incluye aire acondicionado, ventiladores de techo, cocina totalmente equipada, iluminación decorativa y muebles de diseño, todo incluido en la venta. Su excelente ubicación, cerca de la playa, restaurantes de moda y el centro de San Pedro del Pinatar, junto con el largo paseo marítimo frente al edificio, lo convierte en el lugar ideal para disfrutar del estilo de vida mediterráneo.;https://lrcostahomes.com/wp-content/uploads/2026/06/WhatsApp-Image-2026-06-10-at-15.31.06-2.jpeg;"[""https://lrcostahomes.com/wp-content/uploads/2026/06/WhatsApp-Image-2026-06-10-at-15.31.06-2.jpeg"", ""https://lrcostahomes.com/wp-content/uploads/2026/06/WhatsApp-Image-2026-06-10-at-15.31.06-1.jpeg"", ""https://lrcostahomes.com/wp-content/uploads/2026/06/WhatsApp-Image-2026-06-10-at-15.31.02-1.jpeg"", ""https://lrcostahomes.com/wp-content/uploads/2026/06/WhatsApp-Image-2026-06-10-at-15.31.03.jpeg"", ""https://lrcostahomes.com/wp-content/uploads/2026/06/WhatsApp-Image-2026-06-10-at-15.31.02.jpeg"", ""https://lrcostahomes.com/wp-content/uploads/2026/06/WhatsApp-Image-2026-06-10-at-15.31.03-1.jpeg"", ""https://lrcostahomes.com/wp-content/uploads/2026/06/WhatsApp-Image-2026-06-10-at-15.31.04-1.jpeg"", ""https://lrcostahomes.com/wp-content/uploads/2026/06/WhatsApp-Image-2026-06-10-at-15.31.03-2.jpeg"", ""https://lrcostahomes.com/wp-content/uploads/2026/06/WhatsApp-Image-2026-06-10-at-15.31.05-4.jpeg"", ""https://lrcostahomes.com/wp-content/uploads/2026/06/WhatsApp-Image-2026-06-10-at-15.31.04-2.jpeg"", ""https://lrcostahomes.com/wp-content/uploads/2026/06/WhatsApp-Image-2026-06-10-at-15.31.04.jpeg"", ""https://lrcostahomes.com/wp-content/uploads/2026/06/WhatsApp-Image-2026-06-10-at-15.31.05-1.jpeg"", ""https://lrcostahomes.com/wp-content/uploads/2026/06/WhatsApp-Image-2026-06-10-at-15.31.05-2.jpeg"", ""https://lrcostahomes.com/wp-content/uploads/2026/06/WhatsApp-Image-2026-06-10-at-15.31.05-3.jpeg"", ""https://lrcostahomes.com/wp-content/uploads/2026/06/WhatsApp-Image-2026-06-10-at-15.31.05-5.jpeg"", ""https://lrcostahomes.com/wp-content/uploads/2026/06/WhatsApp-Image-2026-06-10-at-15.31.05.jpeg"", ""https://lrcostahomes.com/wp-content/uploads/2026/06/WhatsApp-Image-2026-06-10-at-15.31.06.jpeg""]";Selección Vivienda Nova;draft;capture;;https://lrcostahomes.com/es/property/renovated-apartment-just-30-m-from-the-sea/;ref;MARTINEZ;[];37.82599106793;-0.77535978968373;no
Apartamento en San Pedro del Pinatar;apartamento-en-san-pedro-del-pinatar;Lo Pagan, Costa Calida;Lo Pagán;Costa Cálida;Murcia;España;Villa;En venta € 240.000;240000;LR-009;En venta € 240.000;https://lrcostahomes.com/es/property/apartment-en-san-pedro-del-pinatar/;0;3;3;95;Vive el mar como nunca antes, frente a la playa – Lo Pagán Imagínese despertar cada día con el sonido del mar, abrir las ventanas y sentir la brisa mediterránea entrar en su hogar. Este apartamento frente al mar en Lo Pagán le ofrece esa experiencia única: vivir como si estuviera inmerso en el océano. Principales características: 3 dormitorios 1 Baño Amplia cocina independiente Amplio y luminoso salón-comedor Apartamento situado en la segunda planta (sin ascensor). La distribución es cómoda y funcional, con habitaciones amplias y luminosas, ideales para vivir todo el año o disfrutar de estancias prolongadas junto al mar.;https://lrcostahomes.com/wp-content/uploads/2026/06/WhatsApp-Image-2026-06-10-at-13.50.57-1.jpeg;"[""https://lrcostahomes.com/wp-content/uploads/2026/06/WhatsApp-Image-2026-06-10-at-13.50.57-1.jpeg"", ""https://lrcostahomes.com/wp-content/uploads/2026/06/WhatsApp-Image-2026-06-10-at-13.50.57.jpeg"", ""https://lrcostahomes.com/wp-content/uploads/2026/06/WhatsApp-Image-2026-06-10-at-13.44.01.jpeg"", ""https://lrcostahomes.com/wp-content/uploads/2026/06/WhatsApp-Image-2026-06-10-at-13.44.00-1.jpeg"", ""https://lrcostahomes.com/wp-content/uploads/2026/06/WhatsApp-Image-2026-06-10-at-13.44.00.jpeg"", ""https://lrcostahomes.com/wp-content/uploads/2026/06/WhatsApp-Image-2026-06-10-at-13.44.01-1.jpeg"", ""https://lrcostahomes.com/wp-content/uploads/2026/06/WhatsApp-Image-2026-06-10-at-13.44.01-2.jpeg"", ""https://lrcostahomes.com/wp-content/uploads/2026/06/WhatsApp-Image-2026-06-10-at-13.44.01-3.jpeg"", ""https://lrcostahomes.com/wp-content/uploads/2026/06/WhatsApp-Image-2026-06-10-at-13.44.02-2.jpeg""]";Selección Vivienda Nova;draft;capture;;https://lrcostahomes.com/es/property/apartment-en-san-pedro-del-pinatar/;ref;MARTINEZ;[];37.827640349758;-0.77645499556028;no
Apartamento en San Pedro de Pinatar;apartamento-en-san-pedro-de-pinatar;San Pedro de Pinatar, Costa Calida;San Pedro de Pinatar;Costa Cálida;Murcia;España;Villa;En venta € 280.000;280000;LR-008;En venta € 280.000;https://lrcostahomes.com/es/property/apartment-in-san-pedro-de-pinatar/;0;3;3;90;"Situado en la encantadora localidad de San Pedro del Pinatar, este magnífico apartamento en primera línea de playa ofrece vistas espectaculares y acceso directo a la hermosa laguna del Mar Menor. Con una superficie construida de 90 m², este inmueble cuenta con una distribución funcional, incluyendo dos luminosas habitaciones dobles y una habitación individual ideal para relajarse o como espacio adicional. El baño es amplio y práctico para el uso diario. Su orientación sur garantiza abundante luz natural durante todo el día, creando un ambiente cálido y acogedor. El estado original de la propiedad ofrece a los futuros propietarios la oportunidad perfecta para personalizar cada rincón a su gusto. También cuenta con aparcamiento privado e instalaciones exteriores impecablemente mantenidas. En las inmediaciones encontrará paradas de autobús para acceder fácilmente a otros lugares importantes, así como centros comerciales con una gran variedad de restaurantes y tiendas locales; excelentes colegios que ofrecen una educación de calidad para los niños; hospitales que garantizan una atención médica rápida; y zonas de juegos infantiles perfectas para familias con niños pequeños, que fomentan actividades saludables al aire libre.";https://lrcostahomes.com/wp-content/uploads/2026/06/WhatsApp-Image-2026-06-10-at-13.12.15.jpeg;"[""https://lrcostahomes.com/wp-content/uploads/2026/06/WhatsApp-Image-2026-06-10-at-13.12.15.jpeg"", ""https://lrcostahomes.com/wp-content/uploads/2026/06/WhatsApp-Image-2026-06-10-at-13.12.14-1.jpeg"", ""https://lrcostahomes.com/wp-content/uploads/2026/06/WhatsApp-Image-2026-06-10-at-13.12.14.jpeg"", ""https://lrcostahomes.com/wp-content/uploads/2026/06/WhatsApp-Image-2026-06-10-at-13.12.15-1.jpeg"", ""https://lrcostahomes.com/wp-content/uploads/2026/06/WhatsApp-Image-2026-06-10-at-13.12.15-2.jpeg"", ""https://lrcostahomes.com/wp-content/uploads/2026/06/WhatsApp-Image-2026-06-10-at-13.12.17-1.jpeg"", ""https://lrcostahomes.com/wp-content/uploads/2026/06/WhatsApp-Image-2026-06-10-at-13.12.17-2.jpeg"", ""https://lrcostahomes.com/wp-content/uploads/2026/06/WhatsApp-Image-2026-06-10-at-13.12.17.jpeg"", ""https://lrcostahomes.com/wp-content/uploads/2026/06/WhatsApp-Image-2026-06-10-at-13.12.18-1.jpeg"", ""https://lrcostahomes.com/wp-content/uploads/2026/06/WhatsApp-Image-2026-06-10-at-13.12.18-2.jpeg"", ""https://lrcostahomes.com/wp-content/uploads/2026/06/WhatsApp-Image-2026-06-10-at-13.12.18-3.jpeg"", ""https://lrcostahomes.com/wp-content/uploads/2026/06/WhatsApp-Image-2026-06-10-at-13.12.18-4.jpeg"", ""https://lrcostahomes.com/wp-content/uploads/2026/06/WhatsApp-Image-2026-06-10-at-13.12.18.jpeg"", ""https://lrcostahomes.com/wp-content/uploads/2026/06/WhatsApp-Image-2026-06-10-at-13.12.19-1.jpeg"", ""https://lrcostahomes.com/wp-content/uploads/2026/06/WhatsApp-Image-2026-06-10-at-13.12.19-2.jpeg"", ""https://lrcostahomes.com/wp-content/uploads/2026/06/WhatsApp-Image-2026-06-10-at-13.12.19-3.jpeg"", ""https://lrcostahomes.com/wp-content/uploads/2026/06/WhatsApp-Image-2026-06-10-at-13.12.19-4.jpeg"", ""https://lrcostahomes.com/wp-content/uploads/2026/06/WhatsApp-Image-2026-06-10-at-13.12.19-5.jpeg"", ""https://lrcostahomes.com/wp-content/uploads/2026/06/WhatsApp-Image-2026-06-10-at-13.12.19-6.jpeg"", ""https://lrcostahomes.com/wp-content/uploads/2026/06/WhatsApp-Image-2026-06-10-at-13.12.19.jpeg""]";Selección Vivienda Nova;draft;capture;;https://lrcostahomes.com/es/property/apartment-in-san-pedro-de-pinatar/;ref;MARTINEZ;"[""Estacionamiento""]";37.82968422273;-0.77686381849152;no
Apartamento en Lo Pagan;apartamento-en-lo-pagan;Lo Pagan, Costa Calida;Lo Pagán;Costa Cálida;Murcia;España;Villa;€ 209.000;209000;LR-007;€ 209.000;https://lrcostahomes.com/es/property/apartment-in-lo-pagan/;0;2;2;100;"Les presentamos este fantástico apartamento en la primera planta, con orientación este, ideal para disfrutar de la luz natural desde primera hora de la mañana. Su balcón, con vistas despejadas a un parque y al mar, es uno de sus mayores atractivos: un espacio perfecto para comenzar el día con tranquilidad o relajarse al final del día contemplando el entorno. El apartamento cuenta con un amplio y luminoso salón-comedor con una distribución cómoda y acogedora. La cocina ha sido completamente reformada y ofrece acceso directo a una práctica zona de lavandería independiente, lo que facilita la vida diaria. Tiene dos dormitorios y dos baños completos. La propiedad ha sido renovada recientemente; solo faltan los baños por terminar. En la parte superior del edificio, encontrarás un solárium comunitario con impresionantes vistas panorámicas, el lugar ideal para disfrutar del sol y del aire fresco. Ubicado en una zona cercana a todos los servicios, este apartamento combina comodidad, buena ubicación y una excelente oportunidad de inversión o residencia permanente.";https://lrcostahomes.com/wp-content/uploads/2026/06/WhatsApp-Image-2026-06-10-at-12.43.59-1.jpeg;"[""https://lrcostahomes.com/wp-content/uploads/2026/06/WhatsApp-Image-2026-06-10-at-12.43.59-1.jpeg"", ""https://lrcostahomes.com/wp-content/uploads/2026/06/WhatsApp-Image-2026-06-10-at-12.43.57-1.jpeg"", ""https://lrcostahomes.com/wp-content/uploads/2026/06/WhatsApp-Image-2026-06-10-at-12.43.55-1.jpeg"", ""https://lrcostahomes.com/wp-content/uploads/2026/06/WhatsApp-Image-2026-06-10-at-12.43.51.jpeg"", ""https://lrcostahomes.com/wp-content/uploads/2026/06/WhatsApp-Image-2026-06-10-at-12.43.53.jpeg"", ""https://lrcostahomes.com/wp-content/uploads/2026/06/WhatsApp-Image-2026-06-10-at-12.43.52-1.jpeg"", ""https://lrcostahomes.com/wp-content/uploads/2026/06/WhatsApp-Image-2026-06-10-at-12.43.52.jpeg"", ""https://lrcostahomes.com/wp-content/uploads/2026/06/WhatsApp-Image-2026-06-10-at-12.43.53-1.jpeg"", ""https://lrcostahomes.com/wp-content/uploads/2026/06/WhatsApp-Image-2026-06-10-at-12.43.54-1.jpeg"", ""https://lrcostahomes.com/wp-content/uploads/2026/06/WhatsApp-Image-2026-06-10-at-12.43.54-2.jpeg"", ""https://lrcostahomes.com/wp-content/uploads/2026/06/WhatsApp-Image-2026-06-10-at-12.43.56-1.jpeg"", ""https://lrcostahomes.com/wp-content/uploads/2026/06/WhatsApp-Image-2026-06-10-at-12.43.54.jpeg"", ""https://lrcostahomes.com/wp-content/uploads/2026/06/WhatsApp-Image-2026-06-10-at-12.43.55.jpeg"", ""https://lrcostahomes.com/wp-content/uploads/2026/06/WhatsApp-Image-2026-06-10-at-12.43.56.jpeg"", ""https://lrcostahomes.com/wp-content/uploads/2026/06/WhatsApp-Image-2026-06-10-at-12.43.58-1.jpeg"", ""https://lrcostahomes.com/wp-content/uploads/2026/06/WhatsApp-Image-2026-06-10-at-12.43.58.jpeg"", ""https://lrcostahomes.com/wp-content/uploads/2026/06/WhatsApp-Image-2026-06-10-at-12.43.51-1.jpeg"", ""https://lrcostahomes.com/wp-content/uploads/2026/06/WhatsApp-Image-2026-06-10-at-12.43.59.jpeg""]";Selección Vivienda Nova;draft;capture;;https://lrcostahomes.com/es/property/apartment-in-lo-pagan/;ref;MARTINEZ;"[""Trastero""]";37.825666530982;-0.7756875684645;no
Magnífico apartamento en Lo Pagan;magn-fico-apartamento-en-lo-pagan;Lo Pagan, Costa Calida;Lo Pagán;Costa Cálida;Alicante;España;Villa;En venta € 245.900;245900;LR-006;En venta € 245.900;https://lrcostahomes.com/es/property/wonderful-apartment-in-lo-pagan/;0;3;3;127;"Descubra este maravilloso apartamento ubicado en la exclusiva zona de Lo Pagán. Esta propiedad se encuentra a tan solo 100 metros del mar y ofrece una superficie construida de 127 m² y una superficie útil de 120 m². El apartamento cuenta con una distribución funcional con un dormitorio doble y dos dormitorios individuales, ideal para disfrutar del tiempo en familia o con amigos. Además, dispone de dos baños completos para mayor comodidad; lo más importante es que incluye una plaza de aparcamiento y un trastero sin coste adicional. Su orientación suroeste permite aprovechar al máximo la luz natural durante todo el día e invita a relajarse en la terraza mientras se disfruta de las encantadoras vistas del puerto deportivo, el paseo marítimo de La Mota y las salinas de San Pedro del Pinatar; también se encuentra muy cerca de los famosos baños de barro terapéuticos del Mar Menor. Este apartamento no solo destaca por sus comodidades interiores, sino también por su ubicación estratégica junto a importantes centros comerciales y prestigiosos colegios, lo que lo convierte en una opción aún más atractiva tanto para residencia permanente como para inversión. Para mayor tranquilidad, también cuenta con fácil acceso al transporte público y a hospitales a poca distancia, lo que sin duda la convierte en una excelente opción inmobiliaria.";https://lrcostahomes.com/wp-content/uploads/2026/06/WhatsApp-Image-2026-06-10-at-11.12.06.jpeg;"[""https://lrcostahomes.com/wp-content/uploads/2026/06/WhatsApp-Image-2026-06-10-at-11.12.06.jpeg"", ""https://lrcostahomes.com/wp-content/uploads/2026/06/WhatsApp-Image-2026-06-10-at-11.12.05-1.jpeg"", ""https://lrcostahomes.com/wp-content/uploads/2026/06/WhatsApp-Image-2026-06-10-at-11.12.05-3.jpeg"", ""https://lrcostahomes.com/wp-content/uploads/2026/06/WhatsApp-Image-2026-06-10-at-11.12.05.jpeg"", ""https://lrcostahomes.com/wp-content/uploads/2026/06/WhatsApp-Image-2026-06-10-at-11.12.05-2.jpeg"", ""https://lrcostahomes.com/wp-content/uploads/2026/06/WhatsApp-Image-2026-06-10-at-11.12.06-1.jpeg"", ""https://lrcostahomes.com/wp-content/uploads/2026/06/WhatsApp-Image-2026-06-10-at-11.12.06-2.jpeg"", ""https://lrcostahomes.com/wp-content/uploads/2026/06/WhatsApp-Image-2026-06-10-at-11.12.06-3.jpeg"", ""https://lrcostahomes.com/wp-content/uploads/2026/06/WhatsApp-Image-2026-06-10-at-11.12.06-4.jpeg"", ""https://lrcostahomes.com/wp-content/uploads/2026/06/WhatsApp-Image-2026-06-10-at-11.12.06-5.jpeg"", ""https://lrcostahomes.com/wp-content/uploads/2026/06/WhatsApp-Image-2026-06-10-at-11.12.07.jpeg"", ""https://lrcostahomes.com/wp-content/uploads/2026/06/WhatsApp-Image-2026-06-10-at-11.12.07-1.jpeg"", ""https://lrcostahomes.com/wp-content/uploads/2026/06/WhatsApp-Image-2026-06-10-at-11.12.08-1.jpeg"", ""https://lrcostahomes.com/wp-content/uploads/2026/06/WhatsApp-Image-2026-06-10-at-11.12.08.jpeg"", ""https://lrcostahomes.com/wp-content/uploads/2026/06/WhatsApp-Image-2026-06-10-at-11.12.08-2.jpeg"", ""https://lrcostahomes.com/wp-content/uploads/2026/06/WhatsApp-Image-2026-06-10-at-11.12.09-1.jpeg"", ""https://lrcostahomes.com/wp-content/uploads/2026/06/WhatsApp-Image-2026-06-10-at-11.12.09-2.jpeg"", ""https://lrcostahomes.com/wp-content/uploads/2026/06/WhatsApp-Image-2026-06-10-at-11.12.09-3.jpeg"", ""https://lrcostahomes.com/wp-content/uploads/2026/06/WhatsApp-Image-2026-06-10-at-11.12.09-4.jpeg"", ""https://lrcostahomes.com/wp-content/uploads/2026/06/WhatsApp-Image-2026-06-10-at-11.12.09-5.jpeg"", ""https://lrcostahomes.com/wp-content/uploads/2026/06/WhatsApp-Image-2026-06-10-at-11.12.09.jpeg"", ""https://lrcostahomes.com/wp-content/uploads/2026/06/WhatsApp-Image-2026-06-10-at-11.12.10-2.jpeg"", ""https://lrcostahomes.com/wp-content/uploads/2026/06/WhatsApp-Image-2026-06-10-at-11.12.10-3.jpeg"", ""https://lrcostahomes.com/wp-content/uploads/2026/06/WhatsApp-Image-2026-06-10-at-11.12.10-4.jpeg"", ""https://lrcostahomes.com/wp-content/uploads/2026/06/WhatsApp-Image-2026-06-10-at-11.12.10-5.jpeg"", ""https://lrcostahomes.com/wp-content/uploads/2026/06/WhatsApp-Image-2026-06-10-at-11.12.10-1.jpeg"", ""https://lrcostahomes.com/wp-content/uploads/2026/06/WhatsApp-Image-2026-06-10-at-11.12.09-6.jpeg"", ""https://lrcostahomes.com/wp-content/uploads/2026/06/WhatsApp-Image-2026-06-10-at-11.12.10.jpeg""]";Selección Vivienda Nova;draft;capture;;https://lrcostahomes.com/es/property/wonderful-apartment-in-lo-pagan/;ref;MARTINEZ;"[""Estacionamiento"", ""Trastero""]";37.827021672404;-0.77638792102219;no
Precioso apartamento junto a la playa.;precioso-apartamento-junto-a-la-playa;Mar Azul, Torrevieja;Mar Azul;Torrevieja;Murcia;España;Villa;En venta € 144.900 € 146.500;144900;LR-005;En venta € 144.900 € 146.500;https://lrcostahomes.com/es/property/beautiful-apartment-next-to-the-beach/;0;1;1;43;Precioso apartamento a tan solo 300 metros de la playa, con un dormitorio, un baño y 43 metros cuadrados de superficie habitable. El apartamento cuenta con todo lo necesario para una estancia confortable o unas vacaciones. Está ubicado en el tranquilo barrio de Mar Azul, cerca de todos los servicios, y ofrece un espectacular paseo marítimo de 16 kilómetros con vistas increíbles.;https://lrcostahomes.com/wp-content/uploads/2026/06/WhatsApp-Image-2026-06-10-at-09.07.36.jpeg;"[""https://lrcostahomes.com/wp-content/uploads/2026/06/WhatsApp-Image-2026-06-10-at-09.07.36.jpeg"", ""https://lrcostahomes.com/wp-content/uploads/2026/06/WhatsApp-Image-2026-06-10-at-09.07.37.jpeg"", ""https://lrcostahomes.com/wp-content/uploads/2026/06/WhatsApp-Image-2026-06-10-at-09.07.33.jpeg"", ""https://lrcostahomes.com/wp-content/uploads/2026/06/WhatsApp-Image-2026-06-10-at-09.07.34-1.jpeg"", ""https://lrcostahomes.com/wp-content/uploads/2026/06/WhatsApp-Image-2026-06-10-at-09.07.34-2.jpeg"", ""https://lrcostahomes.com/wp-content/uploads/2026/06/WhatsApp-Image-2026-06-10-at-09.07.34-3.jpeg"", ""https://lrcostahomes.com/wp-content/uploads/2026/06/WhatsApp-Image-2026-06-10-at-09.07.34-4.jpeg"", ""https://lrcostahomes.com/wp-content/uploads/2026/06/WhatsApp-Image-2026-06-10-at-09.07.34.jpeg"", ""https://lrcostahomes.com/wp-content/uploads/2026/06/WhatsApp-Image-2026-06-10-at-09.07.35-1.jpeg"", ""https://lrcostahomes.com/wp-content/uploads/2026/06/WhatsApp-Image-2026-06-10-at-09.07.35-2.jpeg"", ""https://lrcostahomes.com/wp-content/uploads/2026/06/WhatsApp-Image-2026-06-10-at-09.07.35.jpeg"", ""https://lrcostahomes.com/wp-content/uploads/2026/06/WhatsApp-Image-2026-06-10-at-09.07.36-1.jpeg"", ""https://lrcostahomes.com/wp-content/uploads/2026/06/WhatsApp-Image-2026-06-10-at-09.07.36-2.jpeg"", ""https://lrcostahomes.com/wp-content/uploads/2026/06/WhatsApp-Image-2026-06-10-at-09.07.36-3.jpeg"", ""https://lrcostahomes.com/wp-content/uploads/2026/06/WhatsApp-Image-2026-06-10-at-09.07.36-4.jpeg"", ""https://lrcostahomes.com/wp-content/uploads/2026/06/WhatsApp-Image-2026-06-10-at-09.07.37-2.jpeg"", ""https://lrcostahomes.com/wp-content/uploads/2026/06/WhatsApp-Image-2026-06-10-at-09.07.37-3.jpeg"", ""https://lrcostahomes.com/wp-content/uploads/2026/06/WhatsApp-Image-2026-06-10-at-09.07.37-4.jpeg"", ""https://lrcostahomes.com/wp-content/uploads/2026/06/WhatsApp-Image-2026-06-10-at-09.07.35-3.jpeg"", ""https://lrcostahomes.com/wp-content/uploads/2026/06/WhatsApp-Image-2026-06-10-at-09.07.35-4.jpeg"", ""https://lrcostahomes.com/wp-content/uploads/2026/06/WhatsApp-Image-2026-06-10-at-09.07.37-1.jpeg"", ""https://lrcostahomes.com/wp-content/uploads/2026/06/WhatsApp-Image-2026-06-10-at-09.07.38-1.jpeg"", ""https://lrcostahomes.com/wp-content/uploads/2026/06/WhatsApp-Image-2026-06-10-at-09.07.38-2.jpeg"", ""https://lrcostahomes.com/wp-content/uploads/2026/06/WhatsApp-Image-2026-06-10-at-09.07.38-3.jpeg"", ""https://lrcostahomes.com/wp-content/uploads/2026/06/WhatsApp-Image-2026-06-10-at-09.07.38.jpeg"", ""https://lrcostahomes.com/wp-content/uploads/2026/06/WhatsApp-Image-2026-06-10-at-09.07.39.jpeg""]";Selección Vivienda Nova;draft;capture;;https://lrcostahomes.com/es/property/beautiful-apartment-next-to-the-beach/;ref;MARTINEZ;[];37.958073143299;-0.70289415691663;no
Casa rural;casa-rural;La Zarza, Costa Calida;La Zarza;Costa Cálida;Murcia;España;Villa;En venta € 158.000;158000;LR-004;En venta € 158.000;https://lrcostahomes.com/es/property/country-house/;0;3;3;182;Nos complace presentar esta encantadora casa de campo ubicada en un hermoso entorno rural, con impresionantes vistas de 360 ​​grados a la campiña y las ondulantes colinas. Ofreciendo paz, privacidad y un entorno espectacular, esta propiedad es ideal para quienes buscan un estilo de vida tranquilo en contacto con la naturaleza. Al entrar a la casa, se accede a un acogedor salón, que, a través de un arco, se conecta con un segundo salón-comedor con una chimenea tradicional, ideal para disfrutar de veladas acogedoras. Desde el primer salón, se accede a dos amplios dormitorios dobles, mientras que desde el segundo salón se accede a un tercer dormitorio doble y a una cocina más pequeña con una amplia encimera y espacio de almacenamiento. Esta cocina, más pequeña, ofrece un excelente potencial para convertirse en un segundo baño si se desea. A lo largo del pasillo, encontrará una segunda cocina mucho más grande, un baño familiar y un gran armario/guardarropa, que proporciona un espacio práctico para la vida diaria. Desde la cocina principal, una puerta conduce a la parte trasera de la propiedad, a un impresionante garaje de 6 x 10 m. Este versátil espacio podría integrarse fácilmente en la casa principal (sujeto a permisos), lo que ofrece la posibilidad de ampliar significativamente la vivienda. En el exterior, la propiedad se asienta sobre una amplia parcela vallada que rodea la casa, mientras que el resto del terreno es amplio y abierto. Hay amplio espacio para instalar una piscina (sujeto a permisos) y disfrutar plenamente de las excepcionales vistas panorámicas de las colinas y el paisaje del parque nacional. En la parte inferior del terreno hay tres casas cueva que necesitan una renovación completa y que ofrecen un potencial interesante para alojamiento adicional, espacios para invitados o proyectos únicos. La propiedad cuenta con agua corriente y electricidad, además de un pozo de recogida de agua de lluvia. Se accede por una carretera asfaltada, con solo los últimos 100 metros por un camino de grava. Si bien hay algunas propiedades vecinas, están lo suficientemente alejadas como para mantener una gran privacidad.;https://lrcostahomes.com/wp-content/uploads/2026/06/w_e646e8a5-cf44-4fef-85bc-af764cf6eb46.jpg;"[""https://lrcostahomes.com/wp-content/uploads/2026/06/w_e646e8a5-cf44-4fef-85bc-af764cf6eb46.jpg"", ""https://lrcostahomes.com/wp-content/uploads/2026/06/w_0a52d82e-026a-4921-8445-ea897050a0c8.jpg"", ""https://lrcostahomes.com/wp-content/uploads/2026/06/w_3d3bf533-b57f-41ca-b55f-3de8aa157832.jpg"", ""https://lrcostahomes.com/wp-content/uploads/2026/06/w_b6d58d52-0e80-4f89-bd52-436c78c0cfd3.jpg"", ""https://lrcostahomes.com/wp-content/uploads/2026/06/w_f37df4d8-1d75-4a99-bb17-ef4d67ceaddb.jpg"", ""https://lrcostahomes.com/wp-content/uploads/2026/06/w_ea0c00b1-9879-4624-966c-96cd074d10b7.jpg"", ""https://lrcostahomes.com/wp-content/uploads/2026/06/w_e28549f7-75be-4d05-8e60-8ed50d13b3a0.jpg"", ""https://lrcostahomes.com/wp-content/uploads/2026/06/w_d22fc6eb-d281-47f3-ac48-e8b6c60f5e4b.jpg"", ""https://lrcostahomes.com/wp-content/uploads/2026/06/w_d9bfd64e-d7d0-4fc6-b08b-114a729cac0d.jpg"", ""https://lrcostahomes.com/wp-content/uploads/2026/06/w_cf301de2-af9a-4321-8cb3-19d5dc0a8d63.jpg"", ""https://lrcostahomes.com/wp-content/uploads/2026/06/w_cef6e0ab-b187-4816-8ffa-95ba127459cb.jpg"", ""https://lrcostahomes.com/wp-content/uploads/2026/06/w_aa36f312-f04b-46a5-8166-04582baf3314.jpg"", ""https://lrcostahomes.com/wp-content/uploads/2026/06/w_08006268-e878-45df-8ea7-2ab9c8b3dbf7.jpg"", ""https://lrcostahomes.com/wp-content/uploads/2026/06/w_23311fa4-bfff-4e3a-8f63-56899e32859c.jpg"", ""https://lrcostahomes.com/wp-content/uploads/2026/06/w_7827cd24-868c-4b94-80ff-0f0d503f6da3.jpg"", ""https://lrcostahomes.com/wp-content/uploads/2026/06/w_01662dfe-8bec-44e6-8b9d-7c161f9f249f.jpg"", ""https://lrcostahomes.com/wp-content/uploads/2026/06/w_0e25701b-5ca6-4950-8965-feb268ff3743.jpg"", ""https://lrcostahomes.com/wp-content/uploads/2026/06/w_0e8ee1ed-1a8e-42da-a3b1-34f2362a4bcb.jpg"", ""https://lrcostahomes.com/wp-content/uploads/2026/06/w_76d91832-e21e-42e3-9e5f-ef88b8809164.jpg"", ""https://lrcostahomes.com/wp-content/uploads/2026/06/w_35892b71-9978-4442-a596-1d0cc0da6641.jpg"", ""https://lrcostahomes.com/wp-content/uploads/2026/06/w_c4a52907-89f6-40a7-9241-69b371a6725f.jpg"", ""https://lrcostahomes.com/wp-content/uploads/2026/06/w_78f8132b-56d3-4713-8d72-1ace031ce489.jpg""]";Selección Vivienda Nova;draft;capture;;https://lrcostahomes.com/es/property/country-house/;ref;MARTINEZ;"[""jardín""]";37.976101117076;-0.67986081481474;no
Casa de campo independiente;casa-de-campo-independiente;Cañada de la Lena, Murcia;Cañada de la Lena;Murcia;Murcia;España;Villa;En venta € 180.000;180000;LR-003;En venta € 180.000;https://lrcostahomes.com/es/property/detached-country-house/;0;3;3;135;Casa de campo independiente y bien presentada, con 3 dormitorios y 3 baños, ubicada cerca del pueblo de Cañada de la Leña, a tan solo 10 minutos en coche de la localidad de Pinoso, que cuenta con todos los servicios. La propiedad se asienta sobre una parcela de 1,114 m² completamente vallada y cuenta con jardines paisajísticos, aparcamiento privado, garaje para un coche y un trastero que actualmente se utiliza como lavadero. También dispone de una pequeña piscina privada que se beneficiaría de una modernización. En su interior, la casa cuenta con una amplia cocina, un espacioso salón con chimenea, tres dormitorios, dos baños completos, un aseo de cortesía independiente y una terraza cubierta ideal para disfrutar del aire libre. Tanto la propiedad como los jardines se encuentran en perfecto estado de conservación. La vivienda cuenta con electricidad y agua corriente, fosa séptica y conexión a internet fiable. El pueblo de Cañada de la Leña se encuentra a poca distancia a pie.;https://lrcostahomes.com/wp-content/uploads/2026/06/WhatsApp-Image-2026-06-09-at-20.37.29.jpeg;"[""https://lrcostahomes.com/wp-content/uploads/2026/06/WhatsApp-Image-2026-06-09-at-20.37.29.jpeg"", ""https://lrcostahomes.com/wp-content/uploads/2026/06/WhatsApp-Image-2026-06-09-at-20.37.27-3.jpeg"", ""https://lrcostahomes.com/wp-content/uploads/2026/06/WhatsApp-Image-2026-06-09-at-20.37.24-2.jpeg"", ""https://lrcostahomes.com/wp-content/uploads/2026/06/WhatsApp-Image-2026-06-09-at-20.37.28.jpeg"", ""https://lrcostahomes.com/wp-content/uploads/2026/06/WhatsApp-Image-2026-06-09-at-20.37.29-1.jpeg"", ""https://lrcostahomes.com/wp-content/uploads/2026/06/WhatsApp-Image-2026-06-09-at-20.37.24-1.jpeg"", ""https://lrcostahomes.com/wp-content/uploads/2026/06/WhatsApp-Image-2026-06-09-at-20.37.24.jpeg"", ""https://lrcostahomes.com/wp-content/uploads/2026/06/WhatsApp-Image-2026-06-09-at-20.37.24-4.jpeg"", ""https://lrcostahomes.com/wp-content/uploads/2026/06/WhatsApp-Image-2026-06-09-at-20.37.24-3.jpeg"", ""https://lrcostahomes.com/wp-content/uploads/2026/06/WhatsApp-Image-2026-06-09-at-20.37.26.jpeg"", ""https://lrcostahomes.com/wp-content/uploads/2026/06/WhatsApp-Image-2026-06-09-at-20.37.27-2.jpeg"", ""https://lrcostahomes.com/wp-content/uploads/2026/06/WhatsApp-Image-2026-06-09-at-20.37.26-3.jpeg"", ""https://lrcostahomes.com/wp-content/uploads/2026/06/WhatsApp-Image-2026-06-09-at-20.37.26-2.jpeg"", ""https://lrcostahomes.com/wp-content/uploads/2026/06/WhatsApp-Image-2026-06-09-at-20.37.26-1.jpeg"", ""https://lrcostahomes.com/wp-content/uploads/2026/06/WhatsApp-Image-2026-06-09-at-20.37.27.jpeg"", ""https://lrcostahomes.com/wp-content/uploads/2026/06/WhatsApp-Image-2026-06-09-at-20.37.28-2.jpeg"", ""https://lrcostahomes.com/wp-content/uploads/2026/06/WhatsApp-Image-2026-06-09-at-20.37.28-1.jpeg"", ""https://lrcostahomes.com/wp-content/uploads/2026/06/WhatsApp-Image-2026-06-09-at-20.37.28-3.jpeg"", ""https://lrcostahomes.com/wp-content/uploads/2026/06/WhatsApp-Image-2026-06-09-at-20.37.27-4.jpeg"", ""https://lrcostahomes.com/wp-content/uploads/2026/06/WhatsApp-Image-2026-06-09-at-20.37.28-4.jpeg"", ""https://lrcostahomes.com/wp-content/uploads/2026/06/WhatsApp-Image-2026-06-09-at-20.37.28-5.jpeg"", ""https://lrcostahomes.com/wp-content/uploads/2026/06/WhatsApp-Image-2026-06-09-at-20.37.27-1.jpeg""]";Selección Vivienda Nova;draft;capture;;https://lrcostahomes.com/es/property/detached-country-house/;ref;MARTINEZ;"[""jardín"", ""Cuarto de lavandería"", ""Piscina""]";37.976101117076;-0.67986081481474;no
Villa rural en Oria;villa-rural-en-oria;Oria, Costa de Almería;Oria;Costa de Almería;Murcia;España;Villa;En venta € 193.000;193000;LR-002;En venta € 193.000;https://lrcostahomes.com/es/property/country-villa-in-oria/;0;3;3;116;Bienvenido a esta casa bellamente presentada y excepcionalmente bien mantenida, que ofrece un alojamiento espacioso, encanto tradicional y una vida cotidiana cómoda. Al entrar en la propiedad, nos recibe un recibidor luminoso y acogedor que marca de inmediato el estilo del resto de la casa. La vivienda cuenta con cálidos suelos de baldosas de terracota en toda la casa, atractivas puertas de madera y una distribución práctica diseñada para la vida familiar. Al pasar al salón principal, encontramos un espacio amplio y confortable, centrado en una atractiva chimenea. Los grandes ventanales permiten que la luz natural inunde la estancia, creando un ambiente cálido y acogedor. Hay espacio suficiente tanto para relajarse como para recibir invitados, convirtiéndolo en el corazón del hogar. Desde la sala de estar, accedemos a la cocina totalmente equipada. Esta cuenta con una gran cantidad de armarios de madera maciza, amplias encimeras, cocina integrada y espacio para todos los electrodomésticos modernos. Su práctico diseño en forma de L proporciona un espacio de trabajo eficiente, a la vez que conserva una estética tradicional y atemporal. La vivienda se distribuye alrededor de un pasillo central, lo que facilita el acceso a las habitaciones. Todas son luminosas y espaciosas, con abundante luz natural y espacio suficiente para armarios y muebles adicionales. Sus generosas dimensiones las hacen ideales para la vida familiar, para alojar invitados o incluso como despacho. Siguiendo por la propiedad, llegamos al baño familiar, que está bien equipado y presenta un estilo limpio y neutro. La distribución ha sido diseñada para ser práctica y fácil de usar, dando servicio a las habitaciones de forma conveniente. En toda la casa, la carpintería de madera de alta calidad, los arcos tradicionales y la decoración neutra crean una sensación de calidez y carácter, a la vez que ofrecen un lienzo en blanco para la personalización. Al salir al exterior, la propiedad revela un espacio al aire libre amplio y privado, diseñado para facilitar el mantenimiento y aprovechar al máximo su tranquilo entorno rural y sus hermosas vistas a la montaña. Un amplio camino de hormigón rodea la casa, ofreciendo un espacioso aparcamiento fuera de la vía pública para varios vehículos, autocaravanas o visitas. Los jardines ofrecen una excelente accesibilidad y mucho espacio para disfrutar al aire libre, reuniones familiares o simplemente relajarse bajo el sol español. Los jardines cuentan con una variedad de árboles maduros, plantas con flores y un diseño paisajístico mediterráneo, creando atractivos rincones de color y sombra durante todo el año. La posición elevada de la parcela permite disfrutar de preciosas vistas del campo circundante y las colinas cercanas, brindando una maravillosa sensación de privacidad y tranquilidad.;https://lrcostahomes.com/wp-content/uploads/2026/06/RRP_300526_Oria_Almeria_Detached-Villa_14.jpeg;"[""https://lrcostahomes.com/wp-content/uploads/2026/06/RRP_300526_Oria_Almeria_Detached-Villa_14.jpeg"", ""https://lrcostahomes.com/wp-content/uploads/2026/06/RRP_300526_Oria_Almeria_Detached-Villa_10-1.jpeg"", ""https://lrcostahomes.com/wp-content/uploads/2026/06/RRP_300526_Oria_Almeria_Detached-Villa_10-2.jpeg"", ""https://lrcostahomes.com/wp-content/uploads/2026/06/RRP_300526_Oria_Almeria_Detached-Villa_10-3.jpeg"", ""https://lrcostahomes.com/wp-content/uploads/2026/06/RRP_300526_Oria_Almeria_Detached-Villa_10-4.jpeg"", ""https://lrcostahomes.com/wp-content/uploads/2026/06/RRP_300526_Oria_Almeria_Detached-Villa_11-1.jpeg"", ""https://lrcostahomes.com/wp-content/uploads/2026/06/RRP_300526_Oria_Almeria_Detached-Villa_11-2.jpeg"", ""https://lrcostahomes.com/wp-content/uploads/2026/06/RRP_300526_Oria_Almeria_Detached-Villa_11-3.jpeg"", ""https://lrcostahomes.com/wp-content/uploads/2026/06/RRP_300526_Oria_Almeria_Detached-Villa_11-4.jpeg"", ""https://lrcostahomes.com/wp-content/uploads/2026/06/RRP_300526_Oria_Almeria_Detached-Villa_11-5.jpeg"", ""https://lrcostahomes.com/wp-content/uploads/2026/06/RRP_300526_Oria_Almeria_Detached-Villa_11.jpeg"", ""https://lrcostahomes.com/wp-content/uploads/2026/06/RRP_300526_Oria_Almeria_Detached-Villa_12-1.jpeg"", ""https://lrcostahomes.com/wp-content/uploads/2026/06/RRP_300526_Oria_Almeria_Detached-Villa_12-2.jpeg"", ""https://lrcostahomes.com/wp-content/uploads/2026/06/RRP_300526_Oria_Almeria_Detached-Villa_12-3.jpeg"", ""https://lrcostahomes.com/wp-content/uploads/2026/06/RRP_300526_Oria_Almeria_Detached-Villa_12-4.jpeg"", ""https://lrcostahomes.com/wp-content/uploads/2026/06/RRP_300526_Oria_Almeria_Detached-Villa_12-5.jpeg"", ""https://lrcostahomes.com/wp-content/uploads/2026/06/RRP_300526_Oria_Almeria_Detached-Villa_12.jpeg"", ""https://lrcostahomes.com/wp-content/uploads/2026/06/RRP_300526_Oria_Almeria_Detached-Villa_13-1.jpeg"", ""https://lrcostahomes.com/wp-content/uploads/2026/06/RRP_300526_Oria_Almeria_Detached-Villa_13-2.jpeg"", ""https://lrcostahomes.com/wp-content/uploads/2026/06/RRP_300526_Oria_Almeria_Detached-Villa_13-3.jpeg"", ""https://lrcostahomes.com/wp-content/uploads/2026/06/RRP_300526_Oria_Almeria_Detached-Villa_13.jpeg"", ""https://lrcostahomes.com/wp-content/uploads/2026/06/RRP_300526_Oria_Almeria_Detached-Villa_14-1.jpeg"", ""https://lrcostahomes.com/wp-content/uploads/2026/06/RRP_300526_Oria_Almeria_Detached-Villa_14-2.jpeg"", ""https://lrcostahomes.com/wp-content/uploads/2026/06/RRP_300526_Oria_Almeria_Detached-Villa_14-3.jpeg"", ""https://lrcostahomes.com/wp-content/uploads/2026/06/RRP_300526_Oria_Almeria_Detached-Villa_14-4.jpeg"", ""https://lrcostahomes.com/wp-content/uploads/2026/06/RRP_300526_Oria_Almeria_Detached-Villa_15-1.jpeg"", ""https://lrcostahomes.com/wp-content/uploads/2026/06/RRP_300526_Oria_Almeria_Detached-Villa_15.jpeg""]";Selección Vivienda Nova;draft;capture;;https://lrcostahomes.com/es/property/country-villa-in-oria/;ref;MARTINEZ;"[""jardín""]";37.976101117076;-0.67986081481474;no
Villa independiente en venta en Oria;villa-independiente-en-venta-en-oria;Oria, Costa de Almeria;Oria;Costa de Almería;Murcia;España;Villa;En venta € 192.000;192000;LR-001;En venta € 192.000;https://lrcostahomes.com/es/property/detached-villa-for-sale-in-oria/;0;3;3;93;Encantadora casa de campo con vistas panorámicas a la montaña y amplios espacios exteriores. Enclavada en un tranquilo entorno rural y rodeada de un paisaje impresionante, esta encantadora propiedad ofrece un alojamiento confortable, amplios espacios exteriores y espectaculares vistas panorámicas. Tanto si busca una residencia permanente, una escapada vacacional o un refugio de paz en el corazón de la campiña almería, esta preciosa casa representa una excelente oportunidad. Al entrar, le da la bienvenida una sala de estar luminosa y acogedora, donde una chimenea tradicional crea un ambiente cálido y confortable durante los meses más fríos. Además, cuenta con una estufa de pellets. Los grandes ventanales inundan la estancia de luz natural, ampliando la sensación de espacio y convirtiéndola en un lugar ideal tanto para relajarse como para recibir invitados. Desde el salón se accede a la cocina independiente totalmente equipada, que ofrece amplio espacio de almacenamiento y una superficie de trabajo práctica para el día a día. La propiedad cuenta con tres amplias habitaciones dobles, todas bien proporcionadas y con mucha luz natural. Un baño familiar está equipado con ducha, lavabo e inodoro. La segunda habitación se utiliza actualmente como comedor, pero podría reconvertirse fácilmente en dormitorio. Vida al aire libre en su máxima expresión Diseñada para aprovechar al máximo su entorno idílico, la propiedad ofrece un equilibrio perfecto entre funcionalidad y ocio. En la parte delantera, dispone de un amplio espacio de estacionamiento para varios vehículos, mientras que en la parte trasera, un encantador patio ofrece el escenario ideal para comer al aire libre, recibir invitados o simplemente disfrutar de la tranquilidad del lugar. Una escalera conduce al impresionante solárium en la azotea, desde donde se despliegan vistas panorámicas de 360º verdaderamente espectaculares de las montañas y el paisaje circundante. Desde disfrutar de un café al amanecer hasta contemplar atardeceres inolvidables, esta terraza elevada es uno de los elementos más destacados de la propiedad. Situada en una generosa parcela de aproximadamente 1,555 m², la vivienda cuenta con jardines consolidados y un amplio espacio exterior, con espacio suficiente para instalar una piscina elevada si se desea.;https://lrcostahomes.com/wp-content/uploads/2026/06/24-b59ea83f0a74727dc1499d2a7ec80eaa.jpg;"[""https://lrcostahomes.com/wp-content/uploads/2026/06/24-b59ea83f0a74727dc1499d2a7ec80eaa.jpg"", ""https://lrcostahomes.com/wp-content/uploads/2026/06/33-11fdf6ae05664fc894c9e105da64bc69.jpg"", ""https://lrcostahomes.com/wp-content/uploads/2026/06/30-bcd86c17734f15cafe3fe93603e95380.jpg"", ""https://lrcostahomes.com/wp-content/uploads/2026/06/29-c7a3e74fefce9818ab123ff8202bfe91.jpg"", ""https://lrcostahomes.com/wp-content/uploads/2026/06/28-c30e6db73e32fc2603d3031b21c6cf16.jpg"", ""https://lrcostahomes.com/wp-content/uploads/2026/06/27-778e659b5066574812f492fef11bd546.jpg"", ""https://lrcostahomes.com/wp-content/uploads/2026/06/25-60adaea672e9982c1153a45fa45260c3.jpg"", ""https://lrcostahomes.com/wp-content/uploads/2026/06/2-3c674067db687cc5fc07f68cdcb46212.jpg"", ""https://lrcostahomes.com/wp-content/uploads/2026/06/3-644887ed831e8682853ff700c7704b89.jpg"", ""https://lrcostahomes.com/wp-content/uploads/2026/06/4-498bdfab4a7fcf25df40c2176acd63a0.jpg"", ""https://lrcostahomes.com/wp-content/uploads/2026/06/5-9a73ad0a57b4354c2b6c8eec813cdbf8.jpg"", ""https://lrcostahomes.com/wp-content/uploads/2026/06/6-fa543ff60f4e104718a0562ed3ccbf30.jpg"", ""https://lrcostahomes.com/wp-content/uploads/2026/06/7-9d1c36982be8358e21ef303f14c1e73d.jpg"", ""https://lrcostahomes.com/wp-content/uploads/2026/06/8-486e0113f924038db3f76992aac3bb44.jpg"", ""https://lrcostahomes.com/wp-content/uploads/2026/06/9-ba0c67ecbb388dd113c14271dae4c6a3.jpg"", ""https://lrcostahomes.com/wp-content/uploads/2026/06/10-75bef5f12e72a6d65f05a48dacffbe42.jpg"", ""https://lrcostahomes.com/wp-content/uploads/2026/06/11-4d8aa6e612c0d8ce985b634e45aeea7a.jpg"", ""https://lrcostahomes.com/wp-content/uploads/2026/06/12-9d2414e6554ff283a7dbb3894364f2bd.jpg"", ""https://lrcostahomes.com/wp-content/uploads/2026/06/13-4d2745f4b54ae0f12c2baa3e2bd744e0.jpg"", ""https://lrcostahomes.com/wp-content/uploads/2026/06/14-53d6c5e1565b8c19faf7091edaa35fd0.jpg"", ""https://lrcostahomes.com/wp-content/uploads/2026/06/16-933207cc311deb5b807001b3861e3675.jpg"", ""https://lrcostahomes.com/wp-content/uploads/2026/06/17-856b3cbd19f4ef6b1212b9e6a31d3f2b.jpg"", ""https://lrcostahomes.com/wp-content/uploads/2026/06/18-7e396d2404f089e443e1364dd027f7c0.jpg"", ""https://lrcostahomes.com/wp-content/uploads/2026/06/19-aaab0d39405c5276cdabb22e4d3de260.jpg"", ""https://lrcostahomes.com/wp-content/uploads/2026/06/20-dd082b8bf3ceda5f05e79fcc311eef7b.jpg"", ""https://lrcostahomes.com/wp-content/uploads/2026/06/21-f5a13f81a89852e4b600afcf6809e91e.jpg"", ""https://lrcostahomes.com/wp-content/uploads/2026/06/22-864061d7ff0201b881095f0b5aa938f1.jpg"", ""https://lrcostahomes.com/wp-content/uploads/2026/06/23-dd2eb9b1a42c65cb7fe96a99b81acb74.jpg"", ""https://lrcostahomes.com/wp-content/uploads/2026/06/1-7020804132f1cd48fa7d0a6cde6ac64b.jpg""]";Selección Vivienda Nova;draft;capture;;https://lrcostahomes.com/es/property/detached-villa-for-sale-in-oria/;ref;MARTINEZ;"[""Chimenea"", ""jardín""]";37.976101117076;-0.67986081481474;no
Apartamentos céntricos en Torrevieja;apartamenos-centricos;Centro de Torrevieja;Torrevieja;Centro;Alicante;España;Villa;Obra Nueva € 279.000;279000;;Obra Nueva € 279.000;https://lrcostahomes.com/es/property/apartamenos-centricos/;0;3;3;1;Edificio de 12 viviendas + garaje opcional + piscina en terraza Excelente ubicación Junto a la Iglesia, Ayuntamiento y la Plaza de la Constitución, en el centro de Torrevieja. 3 dormitorios, 2 baños. Precios desde 279.000€ PRECIOSAS VISTAS, CERCA DEL MAR, ZONAS COMUNES.;https://lrcostahomes.com/wp-content/uploads/2026/05/Unknown-1.jpeg;"[""https://lrcostahomes.com/wp-content/uploads/2026/05/Unknown-1.jpeg"", ""https://lrcostahomes.com/wp-content/uploads/2026/05/Unknown-7.jpeg"", ""https://lrcostahomes.com/wp-content/uploads/2026/05/Unknown-6.jpeg"", ""https://lrcostahomes.com/wp-content/uploads/2026/05/Unknown-4.jpeg"", ""https://lrcostahomes.com/wp-content/uploads/2026/05/Unknown.jpeg""]";Nueva oportunidad;draft;capture;;https://lrcostahomes.com/es/property/apartamenos-centricos/;ref;MARTINEZ;[];;;no
OBRA NUEVA, AGUAS NUEVAS.;obra-nueva-aguas-nuevas;Calle Diana, Torre del Moro, Cabo Cervera-Playa la Mata, Torrevieja, La Vega Baja, Alicante, Comunidad Valenciana, 03188, España;Calle Diana;Torre del Moro, Cabo Cervera-Playa la Mata, Torrevieja, La Vega Baja, Alicante, Comunidad Valenciana, 03188, España;Alicante;España;Villa;Obra Nueva € 290.000;290000;Propiedad RH-9482;Obra Nueva € 290.000;https://lrcostahomes.com/es/property/obra-nueva-aguas-nuevas/;0;23;23;65;¡¡¡NUEVA PROMOCIÓN!!!! ESTA NUEVA PROMOCION, OFRECE APARTAMENTOS DE 2-3 DORMITORIOS CON 2 BANOS. LOS APARTAMENTON HAN SIDO DISENADOS PARA OFRECER COMODIDAD Y CONVIVENCIA, CON EXELENTE ACABADOS, Y UNA DISTRIBUCION QUE PERMITE DISFRUTAR AL MAXIMODE LAS ZONAS COMUNES DEL COMPLEJO. TODAS LAS VIVIENDAS CUENTAN CON AMPLIAS TERRAZAS, JARDINES PRIVADOSEN LA PLANTA BAJA Y SOLARIUMS EN LOS ATICOS CON ACCESO DESDE EL INTERIOR DE LA VIVIENDA. ES UNA URBANIZACION CERRADA, SITUADA A 700 M DE LA PLAYA DE LA MATA. LAS ZONAS COMUNES INCLUYEN PISCINAS EN CASCADA, Y JARDINES PAISAJISTICOS. APARTAMENTOS CON 2 DORMITORIOS CON SUPERFICIE CONSTRUIDA DESDE 65M2 MAS TERRAZAS DE 26M2 DESDE: 290,000€;https://lrcostahomes.com/wp-content/uploads/2026/05/WhatsApp-Image-2026-05-06-at-13.45.02-3.jpeg;"[""https://lrcostahomes.com/wp-content/uploads/2026/05/WhatsApp-Image-2026-05-06-at-13.45.02-3.jpeg"", ""https://lrcostahomes.com/wp-content/uploads/2026/05/WhatsApp-Image-2026-05-06-at-13.45.02-3-1.jpeg"", ""https://lrcostahomes.com/wp-content/uploads/2026/05/WhatsApp-Image-2026-05-06-at-13.45.02-4.jpeg"", ""https://lrcostahomes.com/wp-content/uploads/2026/05/WhatsApp-Image-2026-05-06-at-13.45.02.jpeg"", ""https://lrcostahomes.com/wp-content/uploads/2026/05/WhatsApp-Image-2026-05-06-at-13.45.03-1.jpeg"", ""https://lrcostahomes.com/wp-content/uploads/2026/05/WhatsApp-Image-2026-05-06-at-13.45.03-2.jpeg"", ""https://lrcostahomes.com/wp-content/uploads/2026/05/WhatsApp-Image-2026-05-06-at-13.45.03-3.jpeg"", ""https://lrcostahomes.com/wp-content/uploads/2026/05/WhatsApp-Image-2026-05-06-at-13.45.03-4.jpeg"", ""https://lrcostahomes.com/wp-content/uploads/2026/05/WhatsApp-Image-2026-05-06-at-13.45.03.jpeg"", ""https://lrcostahomes.com/wp-content/uploads/2026/05/WhatsApp-Image-2026-05-06-at-13.45.04-1.jpeg"", ""https://lrcostahomes.com/wp-content/uploads/2026/05/WhatsApp-Image-2026-05-06-at-13.45.04-2.jpeg"", ""https://lrcostahomes.com/wp-content/uploads/2026/05/WhatsApp-Image-2026-05-06-at-13.45.04.jpeg""]";Selección Vivienda Nova;draft;capture;;https://lrcostahomes.com/es/property/obra-nueva-aguas-nuevas/;ref;MARTINEZ;[];38.0021294;-0.6592038;no
Casa esencial;casa-esencial;Finestrat, La Marina Baixa, Alicante, Comunidad Valenciana, España;Finestrat;La Marina Baixa, Alicante, Comunidad Valenciana, España;Alicante;España;Villa;Obra Nueva € 885.000;885000;Ninguna;Obra Nueva € 885.000;https://lrcostahomes.com/es/property/essential-house/;0;3;3;169;Propiedad seleccionada en Calpe. Consulta sus detalles y disponibilidad.;https://lrcostahomes.com/wp-content/uploads/2026/04/FOTO-GENERAL-FACHADA-Y-PISCINA-100.jpeg;"[""https://lrcostahomes.com/wp-content/uploads/2026/04/FOTO-GENERAL-FACHADA-Y-PISCINA-100.jpeg"", ""https://lrcostahomes.com/wp-content/uploads/2026/04/l-r-costa-homes-essential-foto-2-salon-100.jpeg"", ""https://lrcostahomes.com/wp-content/uploads/2026/04/FOTO-BANO-2-100.jpeg"", ""https://lrcostahomes.com/wp-content/uploads/2026/04/FOTO-BANO-3-100.jpeg"", ""https://lrcostahomes.com/wp-content/uploads/2026/04/FOTO-BANO-PRINCIPAL-100.jpeg"", ""https://lrcostahomes.com/wp-content/uploads/2026/04/FOTO-DORMITORIO-2-100.jpeg"", ""https://lrcostahomes.com/wp-content/uploads/2026/04/foto-1.jpg"", ""https://lrcostahomes.com/wp-content/uploads/2026/04/foto-2.jpg""]";Selección Vivienda Nova;draft;capture;;https://lrcostahomes.com/es/property/essential-house/;ref;MARTINEZ;[];38.5679236;-0.2122319;no
Casa unifamiliar en Florida 5, Pinecrest;casa-unifamiliar-en-florida-5-pinecrest;Pinecrest, Miami-Dade County, Florida;Pinecrest;Condado de Miami-Dade;Florida;Estados Unidos;Villa;€ 580.000;580000;RH-2017-02;€ 580.000;https://lrcostahomes.com/es/property/single-home-at-florida-5-pinecrest/;0;4;4;5500;Preciosa casa en una calle tranquila y arbolada. La ampliación y renovación crean una distribución ideal con una elegante suite principal, un vestidor espacioso y un baño encantador. La sala de estar formal cuenta con chimenea y puertas francesas que dan a un precioso jardín exuberante. La casa incluye un comedor formal, una elegante cocina con techos de vigas de madera, un luminoso desayunador junto a la sala familiar con vistas a la magnífica piscina y al patio. Detalles como molduras, pared de piedra coralina, pisos de mármol y madera noble, entrada de mármol envejecido y un encantador porche delantero crean un ambiente maravilloso.;https://lrcostahomes.com/wp-content/uploads/2017/06/exterior-03.jpg;"[""https://lrcostahomes.com/wp-content/uploads/2017/06/exterior-03.jpg"", ""https://lrcostahomes.com/wp-content/uploads/2017/06/bathroom-02.jpg"", ""https://lrcostahomes.com/wp-content/uploads/2017/06/bedroom-02.jpg""]";Selección Vivienda Nova;draft;capture;;https://lrcostahomes.com/es/property/single-home-at-florida-5-pinecrest/;ref;MARTINEZ;"[""Calefacción central"", ""Alarma de incendios"", ""Chimenea""]";25.670112690946;-80.310605182895;no
