title;slug;address;city;zone;province;country;type;price;priceValue;referenceCode;sourcePrice;sourceUrl;sortOrder;bedrooms;bathrooms;surface;description;imageUrl;gallery;tag;status;linkMode;vendorId;externalUrl;referralParameter;referralCode
Apartamentos, bungalows y villas;apartamentos-bungalows-y-villas;Vera Playa;Vera Playa;Vera Playa;Alicante;España;Villa;Obra Nueva € 249.000;249000;de;Obra Nueva € 249.000;https://lrcostahomes.com/es/property/apartments-bungalows-and-villas/;0;3;2;70;El más grande y diverso…;https://lrcostahomes.com/wp-content/uploads/2026/04/l-r-costa-homes-513.png;"[""https://lrcostahomes.com/wp-content/uploads/2026/04/l-r-costa-homes-513.png"", ""https://lrcostahomes.com/wp-content/uploads/2026/04/l-r-costa-homes-511.png"", ""https://lrcostahomes.com/wp-content/uploads/2026/09/1-Apt-1240x720.jpg"", ""https://lrcostahomes.com/wp-content/uploads/2026/09/Central-outdoor-swimming-pool-Apt-1240x720.jpeg"", ""https://lrcostahomes.com/wp-content/uploads/2026/09/2-Apt-1240x720.jpg"", ""https://lrcostahomes.com/wp-content/uploads/2026/09/3-Apt-1240x720.jpg"", ""https://lrcostahomes.com/wp-content/uploads/2026/09/4-Apt-1240x720.jpg"", ""https://lrcostahomes.com/wp-content/uploads/2026/09/5-Apt-1240x720.jpg"", ""https://lrcostahomes.com/wp-content/uploads/2026/09/6-Apt-1240x720.jpg"", ""https://lrcostahomes.com/wp-content/uploads/2026/09/7-Apt-1240x720.jpg"", ""https://lrcostahomes.com/wp-content/uploads/2026/09/8-Apt-1240x720.jpg"", ""https://lrcostahomes.com/wp-content/uploads/2026/09/Heated-indoor-swimming-pool-Apt-1240x720.jpeg"", ""https://lrcostahomes.com/wp-content/uploads/2026/09/1-Bung-1240x720.jpg"", ""https://lrcostahomes.com/wp-content/uploads/2026/09/2-Bung-1240x720.jpg"", ""https://lrcostahomes.com/wp-content/uploads/2026/09/3-Bung-1240x720.jpg"", ""https://lrcostahomes.com/wp-content/uploads/2026/09/4-Bung-1240x720.jpg"", ""https://lrcostahomes.com/wp-content/uploads/2026/09/5-Bung-1240x720.jpg"", ""https://lrcostahomes.com/wp-content/uploads/2026/09/6-Bung-1240x720.jpg"", ""https://lrcostahomes.com/wp-content/uploads/2026/09/7-Bung-1240x720.jpg"", ""https://lrcostahomes.com/wp-content/uploads/2026/09/1-Apt-488x326.jpg"", ""https://lrcostahomes.com/wp-content/uploads/2026/09/Central-outdoor-swimming-pool-Apt-488x326.jpeg"", ""https://lrcostahomes.com/wp-content/uploads/2026/09/2-Apt-488x326.jpg"", ""https://lrcostahomes.com/wp-content/uploads/2026/09/3-Apt-488x326.jpg"", ""https://lrcostahomes.com/wp-content/uploads/2026/09/4-Apt-488x326.jpg"", ""https://lrcostahomes.com/wp-content/uploads/2026/09/5-Apt-488x326.jpg"", ""https://lrcostahomes.com/wp-content/uploads/2026/09/6-Apt-488x326.jpg"", ""https://lrcostahomes.com/wp-content/uploads/2026/09/7-Apt-488x326.jpg"", ""https://lrcostahomes.com/wp-content/uploads/2026/09/8-Apt-488x326.jpg"", ""https://lrcostahomes.com/wp-content/uploads/2026/09/Heated-indoor-swimming-pool-Apt-488x326.jpeg"", ""https://lrcostahomes.com/wp-content/uploads/2026/09/1-Bung-488x326.jpg""]";Importada de LRCostaHomes;draft;capture;;https://lrcostahomes.com/es/property/apartments-bungalows-and-villas/;ref;MARTINEZ
Local comercial;local-comercial;Calpe;Calpe;Calpe;Alicante;España;Villa;Obra Nueva € 201.000;201000;de;Obra Nueva € 201.000;https://lrcostahomes.com/es/property/business-premises/;0;0;0;93;Hay locales comerciales disponibles en…;https://lrcostahomes.com/wp-content/themes/realhomes/common/images/placeholders/property-thumb-image.jpg;"[""https://lrcostahomes.com/wp-content/themes/realhomes/common/images/placeholders/property-thumb-image.jpg"", ""https://lrcostahomes.com/wp-content/uploads/2026/04/l-r-costa-homes-513.png"", ""https://lrcostahomes.com/wp-content/uploads/2026/04/l-r-costa-homes-511.png"", ""https://lrcostahomes.com/wp-content/uploads/2026/04/FOTO-GENERAL-FACHADA-Y-PISCINA-100-680x510.jpeg"", ""https://lrcostahomes.com/wp-content/uploads/2026/09/1.-Las-torres-680x510.jpg""]";Importada de LRCostaHomes;draft;capture;;https://lrcostahomes.com/es/property/business-premises/;ref;MARTINEZ
Apartamentos en Calpe;apartamentos-en-calpe;Calpe;Calpe;Calpe;Alicante;España;Villa;Obra Nueva € 430.000;430000;de;Obra Nueva € 430.000;https://lrcostahomes.com/es/property/apartments-in-calpe/;0;2;2;102;Un nuevo proyecto exclusivo...;https://lrcostahomes.com/wp-content/uploads/2026/04/l-r-costa-homes-513.png;"[""https://lrcostahomes.com/wp-content/uploads/2026/04/l-r-costa-homes-513.png"", ""https://lrcostahomes.com/wp-content/uploads/2026/04/l-r-costa-homes-511.png"", ""https://lrcostahomes.com/wp-content/uploads/2026/09/1.-Las-torres-1240x720.jpg"", ""https://lrcostahomes.com/wp-content/uploads/2026/09/9.-Piscina-con-Penon-1240x720.jpg"", ""https://lrcostahomes.com/wp-content/uploads/2026/09/6.-Espacio-relax-1240x720.jpg"", ""https://lrcostahomes.com/wp-content/uploads/2026/09/4.-Piscina-Padel-1240x720.jpg"", ""https://lrcostahomes.com/wp-content/uploads/2026/09/7.-Atico-1240x720.jpg"", ""https://lrcostahomes.com/wp-content/uploads/2026/09/11.-Terraza-1240x720.webp"", ""https://lrcostahomes.com/wp-content/uploads/2026/09/260127_Atico-Salon-1240x720.jpg"", ""https://lrcostahomes.com/wp-content/uploads/2026/09/260127_Atico-terazza-con-vista-Penon-1240x720.jpg"", ""https://lrcostahomes.com/wp-content/uploads/2026/09/260127_Atico-Terraza-1240x720.jpg"", ""https://lrcostahomes.com/wp-content/uploads/2026/09/260127_Atico-1240x720.jpg"", ""https://lrcostahomes.com/wp-content/uploads/2026/09/260127_tipo-A-1240x720.jpg"", ""https://lrcostahomes.com/wp-content/uploads/2026/09/8.-Torre-noche-1240x720.jpg"", ""https://lrcostahomes.com/wp-content/uploads/2026/09/2.-Foto-aerea-de-la-zona-1240x720.jpg"", ""https://lrcostahomes.com/wp-content/uploads/2026/09/1.-Las-torres-488x326.jpg"", ""https://lrcostahomes.com/wp-content/uploads/2026/09/9.-Piscina-con-Penon-488x326.jpg"", ""https://lrcostahomes.com/wp-content/uploads/2026/09/6.-Espacio-relax-488x326.jpg"", ""https://lrcostahomes.com/wp-content/uploads/2026/09/4.-Piscina-Padel-488x326.jpg"", ""https://lrcostahomes.com/wp-content/uploads/2026/09/7.-Atico-488x326.jpg"", ""https://lrcostahomes.com/wp-content/uploads/2026/09/11.-Terraza-488x326.webp"", ""https://lrcostahomes.com/wp-content/uploads/2026/09/260127_Atico-Salon-488x326.jpg"", ""https://lrcostahomes.com/wp-content/uploads/2026/09/260127_Atico-terazza-con-vista-Penon-488x326.jpg"", ""https://lrcostahomes.com/wp-content/uploads/2026/09/260127_Atico-Terraza-488x326.jpg"", ""https://lrcostahomes.com/wp-content/uploads/2026/09/260127_Atico-488x326.jpg"", ""https://lrcostahomes.com/wp-content/uploads/2026/09/260127_tipo-A-488x326.jpg"", ""https://lrcostahomes.com/wp-content/uploads/2026/09/8.-Torre-noche-488x326.jpg"", ""https://lrcostahomes.com/wp-content/uploads/2026/09/2.-Foto-aerea-de-la-zona-488x326.jpg"", ""https://lrcostahomes.com/wp-content/uploads/2026/06/88030-57038612-1498909388.jpg-680x510.webp"", ""https://lrcostahomes.com/wp-content/uploads/2026/07/6-12-680x510.jpg""]";Importada de LRCostaHomes;draft;capture;;https://lrcostahomes.com/es/property/apartments-in-calpe/;ref;MARTINEZ
Apartamento en Calpe;apartamento-en-calpe;Calpe;Calpe;Calpe;Alicante;España;Villa;Obra Nueva € 670.000;670000;de;Obra Nueva € 670.000;https://lrcostahomes.com/es/property/apartment-in-calpe/;0;3;2;104;Uno de los lugares más exclusivos de Calpe…;https://lrcostahomes.com/wp-content/uploads/2026/04/l-r-costa-homes-513.png;"[""https://lrcostahomes.com/wp-content/uploads/2026/04/l-r-costa-homes-513.png"", ""https://lrcostahomes.com/wp-content/uploads/2026/04/l-r-costa-homes-511.png"", ""https://lrcostahomes.com/wp-content/uploads/2026/08/salon-7-1240x720.png"", ""https://lrcostahomes.com/wp-content/uploads/2026/08/comedor-salon-1-1240x720.png"", ""https://lrcostahomes.com/wp-content/uploads/2026/08/comedor-5-1240x720.png"", ""https://lrcostahomes.com/wp-content/uploads/2026/08/comedor-6-1240x720.png"", ""https://lrcostahomes.com/wp-content/uploads/2026/08/comedor-1-1240x720.png"", ""https://lrcostahomes.com/wp-content/uploads/2026/08/comedor-1240x720.png"", ""https://lrcostahomes.com/wp-content/uploads/2026/08/cocina-1240x720.png"", ""https://lrcostahomes.com/wp-content/uploads/2026/08/cocina-1-1240x720.png"", ""https://lrcostahomes.com/wp-content/uploads/2026/08/bano-en-suite-1240x720.png"", ""https://lrcostahomes.com/wp-content/uploads/2026/08/Bedroom-2-1240x720.png"", ""https://lrcostahomes.com/wp-content/uploads/2026/08/habitacion-2-1240x720.png"", ""https://lrcostahomes.com/wp-content/uploads/2026/08/habitacion-5-1240x720.png"", ""https://lrcostahomes.com/wp-content/uploads/2026/08/habitacion-no3-1240x720.png"", ""https://lrcostahomes.com/wp-content/uploads/2026/08/habitacion-no3_1-1240x720.png"", ""https://lrcostahomes.com/wp-content/uploads/2026/08/habitacion-1240x720.png"", ""https://lrcostahomes.com/wp-content/uploads/2026/08/Master-bedroom_1-1240x720.png"", ""https://lrcostahomes.com/wp-content/uploads/2026/08/salon-1-1240x720.png"", ""https://lrcostahomes.com/wp-content/uploads/2026/08/salon-5-1240x720.png"", ""https://lrcostahomes.com/wp-content/uploads/2026/08/vertical-1-1240x720.jpg"", ""https://lrcostahomes.com/wp-content/uploads/2026/08/salon-7-488x326.png"", ""https://lrcostahomes.com/wp-content/uploads/2026/08/comedor-salon-1-488x326.png"", ""https://lrcostahomes.com/wp-content/uploads/2026/08/comedor-5-488x326.png"", ""https://lrcostahomes.com/wp-content/uploads/2026/08/comedor-6-488x326.png"", ""https://lrcostahomes.com/wp-content/uploads/2026/08/comedor-1-488x326.png"", ""https://lrcostahomes.com/wp-content/uploads/2026/08/comedor-488x326.png"", ""https://lrcostahomes.com/wp-content/uploads/2026/08/cocina-488x326.png"", ""https://lrcostahomes.com/wp-content/uploads/2026/08/cocina-1-488x326.png"", ""https://lrcostahomes.com/wp-content/uploads/2026/08/bano-en-suite-488x326.png""]";Importada de LRCostaHomes;draft;capture;;https://lrcostahomes.com/es/property/apartment-in-calpe/;ref;MARTINEZ
Villas adosadas;villas-adosadas;Calpe;Calpe;Calpe;Alicante;España;Villa;Obra Nueva € 369.900;369900;de;Obra Nueva € 369.900;https://lrcostahomes.com/es/property/semi-detached-villas/;0;3;3;113;Villas premium en Santiago de…;https://lrcostahomes.com/wp-content/uploads/2026/04/l-r-costa-homes-513.png;"[""https://lrcostahomes.com/wp-content/uploads/2026/04/l-r-costa-homes-513.png"", ""https://lrcostahomes.com/wp-content/uploads/2026/04/l-r-costa-homes-511.png"", ""https://lrcostahomes.com/wp-content/uploads/2026/08/6-3-1240x720.jpg"", ""https://lrcostahomes.com/wp-content/uploads/2026/08/3-3-1240x720.jpg"", ""https://lrcostahomes.com/wp-content/uploads/2026/08/1-2-1240x720.jpg"", ""https://lrcostahomes.com/wp-content/uploads/2026/08/13-2-1240x720.jpg"", ""https://lrcostahomes.com/wp-content/uploads/2026/08/16-1240x720.jpg"", ""https://lrcostahomes.com/wp-content/uploads/2026/08/17-1-1240x720.jpg"", ""https://lrcostahomes.com/wp-content/uploads/2026/08/18-1240x720.jpg"", ""https://lrcostahomes.com/wp-content/uploads/2026/08/19-1240x720.jpg"", ""https://lrcostahomes.com/wp-content/uploads/2026/08/20-2-1240x720.jpg"", ""https://lrcostahomes.com/wp-content/uploads/2026/08/21-1-1240x720.jpg"", ""https://lrcostahomes.com/wp-content/uploads/2026/08/15-2-1240x720.jpg"", ""https://lrcostahomes.com/wp-content/uploads/2026/08/6-3-488x326.jpg"", ""https://lrcostahomes.com/wp-content/uploads/2026/08/3-3-488x326.jpg"", ""https://lrcostahomes.com/wp-content/uploads/2026/08/1-2-488x326.jpg"", ""https://lrcostahomes.com/wp-content/uploads/2026/08/13-2-488x326.jpg"", ""https://lrcostahomes.com/wp-content/uploads/2026/08/16-488x326.jpg"", ""https://lrcostahomes.com/wp-content/uploads/2026/08/17-1-488x326.jpg"", ""https://lrcostahomes.com/wp-content/uploads/2026/08/18-488x326.jpg"", ""https://lrcostahomes.com/wp-content/uploads/2026/08/19-488x326.jpg"", ""https://lrcostahomes.com/wp-content/uploads/2026/08/20-2-488x326.jpg"", ""https://lrcostahomes.com/wp-content/uploads/2026/08/21-1-488x326.jpg"", ""https://lrcostahomes.com/wp-content/uploads/2026/08/15-2-488x326.jpg"", ""https://lrcostahomes.com/wp-content/uploads/2026/08/salon-7-680x510.png"", ""https://lrcostahomes.com/wp-content/uploads/2026/07/1-39-680x510.jpg""]";Importada de LRCostaHomes;draft;capture;;https://lrcostahomes.com/es/property/semi-detached-villas/;ref;MARTINEZ
Villa;villa;Orihuela;Torre Pacheco;Torre Pacheco;Murcia;España;Villa;Obra Nueva € 330.000;330000;de;Obra Nueva € 330.000;https://lrcostahomes.com/es/property/villa-11/;0;3;2;96;Villa de una sola planta con 3 dormitorios en…;https://lrcostahomes.com/wp-content/uploads/2026/04/l-r-costa-homes-513.png;"[""https://lrcostahomes.com/wp-content/uploads/2026/04/l-r-costa-homes-513.png"", ""https://lrcostahomes.com/wp-content/uploads/2026/04/l-r-costa-homes-511.png"", ""https://lrcostahomes.com/wp-content/uploads/2026/08/1-1-1240x720.jpg"", ""https://lrcostahomes.com/wp-content/uploads/2026/08/3-2-1240x720.jpg"", ""https://lrcostahomes.com/wp-content/uploads/2026/08/4-1-1240x720.jpg"", ""https://lrcostahomes.com/wp-content/uploads/2026/08/5-1-1240x720.jpg"", ""https://lrcostahomes.com/wp-content/uploads/2026/08/6-2-1240x720.jpg"", ""https://lrcostahomes.com/wp-content/uploads/2026/08/7-1-1240x720.jpg"", ""https://lrcostahomes.com/wp-content/uploads/2026/08/8-1-1240x720.jpg"", ""https://lrcostahomes.com/wp-content/uploads/2026/08/9-2-1240x720.jpg"", ""https://lrcostahomes.com/wp-content/uploads/2026/08/10-1-1240x720.jpg"", ""https://lrcostahomes.com/wp-content/uploads/2026/08/11-1-1240x720.jpg"", ""https://lrcostahomes.com/wp-content/uploads/2026/08/12-1240x720.jpg"", ""https://lrcostahomes.com/wp-content/uploads/2026/08/13-1-1240x720.jpg"", ""https://lrcostahomes.com/wp-content/uploads/2026/08/14-1240x720.jpg"", ""https://lrcostahomes.com/wp-content/uploads/2026/08/15-1-1240x720.jpg"", ""https://lrcostahomes.com/wp-content/uploads/2026/08/17-1240x720.jpg"", ""https://lrcostahomes.com/wp-content/uploads/2026/08/20-1-1240x720.jpg"", ""https://lrcostahomes.com/wp-content/uploads/2026/08/1-1-488x326.jpg"", ""https://lrcostahomes.com/wp-content/uploads/2026/08/3-2-488x326.jpg"", ""https://lrcostahomes.com/wp-content/uploads/2026/08/4-1-488x326.jpg"", ""https://lrcostahomes.com/wp-content/uploads/2026/08/5-1-488x326.jpg"", ""https://lrcostahomes.com/wp-content/uploads/2026/08/6-2-488x326.jpg"", ""https://lrcostahomes.com/wp-content/uploads/2026/08/7-1-488x326.jpg"", ""https://lrcostahomes.com/wp-content/uploads/2026/08/8-1-488x326.jpg"", ""https://lrcostahomes.com/wp-content/uploads/2026/08/9-2-488x326.jpg"", ""https://lrcostahomes.com/wp-content/uploads/2026/08/10-1-488x326.jpg"", ""https://lrcostahomes.com/wp-content/uploads/2026/08/11-1-488x326.jpg"", ""https://lrcostahomes.com/wp-content/uploads/2026/08/12-488x326.jpg"", ""https://lrcostahomes.com/wp-content/uploads/2026/08/13-1-488x326.jpg""]";Importada de LRCostaHomes;draft;capture;;https://lrcostahomes.com/es/property/villa-11/;ref;MARTINEZ
Bungalows, dúplex y villas;bungalows-d-plex-y-villas;Orihuela;Orihuela;Orihuela;Murcia;España;Villa;Obra Nueva € 409.900;409900;de;Obra Nueva € 409.900;https://lrcostahomes.com/es/property/bungalows-maisonette-and-villas/;0;2;2;175;Residencial ofrece especificaciones de primera calidad…;https://lrcostahomes.com/wp-content/uploads/2026/04/l-r-costa-homes-513.png;"[""https://lrcostahomes.com/wp-content/uploads/2026/04/l-r-costa-homes-513.png"", ""https://lrcostahomes.com/wp-content/uploads/2026/04/l-r-costa-homes-511.png"", ""https://lrcostahomes.com/wp-content/uploads/2026/08/1-1240x720.jpg"", ""https://lrcostahomes.com/wp-content/uploads/2026/08/3-1-1240x720.jpg"", ""https://lrcostahomes.com/wp-content/uploads/2026/08/6-1-1240x720.jpg"", ""https://lrcostahomes.com/wp-content/uploads/2026/08/9-1-1240x720.jpg"", ""https://lrcostahomes.com/wp-content/uploads/2026/08/11-1240x720.jpg"", ""https://lrcostahomes.com/wp-content/uploads/2026/08/13-1240x720.jpg"", ""https://lrcostahomes.com/wp-content/uploads/2026/08/15-1240x720.jpg"", ""https://lrcostahomes.com/wp-content/uploads/2026/08/16-1240x720.jpeg"", ""https://lrcostahomes.com/wp-content/uploads/2026/08/17-1240x720.jpeg"", ""https://lrcostahomes.com/wp-content/uploads/2026/08/18-1240x720.jpeg"", ""https://lrcostahomes.com/wp-content/uploads/2026/08/19-1240x720.jpeg"", ""https://lrcostahomes.com/wp-content/uploads/2026/08/20-1240x720.jpg"", ""https://lrcostahomes.com/wp-content/uploads/2026/08/21-1240x720.jpg"", ""https://lrcostahomes.com/wp-content/uploads/2026/08/1-488x326.jpg"", ""https://lrcostahomes.com/wp-content/uploads/2026/08/3-1-488x326.jpg"", ""https://lrcostahomes.com/wp-content/uploads/2026/08/6-1-488x326.jpg"", ""https://lrcostahomes.com/wp-content/uploads/2026/08/9-1-488x326.jpg"", ""https://lrcostahomes.com/wp-content/uploads/2026/08/11-488x326.jpg"", ""https://lrcostahomes.com/wp-content/uploads/2026/08/13-488x326.jpg"", ""https://lrcostahomes.com/wp-content/uploads/2026/08/15-488x326.jpg"", ""https://lrcostahomes.com/wp-content/uploads/2026/08/16-488x326.jpeg"", ""https://lrcostahomes.com/wp-content/uploads/2026/08/17-488x326.jpeg"", ""https://lrcostahomes.com/wp-content/uploads/2026/08/18-488x326.jpeg"", ""https://lrcostahomes.com/wp-content/uploads/2026/08/19-488x326.jpeg"", ""https://lrcostahomes.com/wp-content/uploads/2026/08/20-488x326.jpg"", ""https://lrcostahomes.com/wp-content/uploads/2026/08/21-488x326.jpg"", ""https://lrcostahomes.com/wp-content/uploads/2026/04/FOTO-GENERAL-FACHADA-Y-PISCINA-100-680x510.jpeg"", ""https://lrcostahomes.com/wp-content/uploads/2026/08/3-680x510.jpg""]";Importada de LRCostaHomes;draft;capture;;https://lrcostahomes.com/es/property/bungalows-maisonette-and-villas/;ref;MARTINEZ
Apartamentos;apartamentos;Orihuela;Orihuela;Orihuela;Murcia;España;Villa;Obra Nueva € 139.900;139900;de;Obra Nueva € 139.900;https://lrcostahomes.com/es/property/apartments-3/;0;1;1;45;Situado a 700 m de…;https://lrcostahomes.com/wp-content/uploads/2026/04/l-r-costa-homes-513.png;"[""https://lrcostahomes.com/wp-content/uploads/2026/04/l-r-costa-homes-513.png"", ""https://lrcostahomes.com/wp-content/uploads/2026/04/l-r-costa-homes-511.png"", ""https://lrcostahomes.com/wp-content/uploads/2026/08/3-1240x720.jpg"", ""https://lrcostahomes.com/wp-content/uploads/2026/08/4-1240x720.jpg"", ""https://lrcostahomes.com/wp-content/uploads/2026/08/5-1240x720.jpg"", ""https://lrcostahomes.com/wp-content/uploads/2026/08/6-1240x720.jpg"", ""https://lrcostahomes.com/wp-content/uploads/2026/08/7-1240x720.jpg"", ""https://lrcostahomes.com/wp-content/uploads/2026/08/8-1024x720.jpg"", ""https://lrcostahomes.com/wp-content/uploads/2026/08/9-1024x720.jpg"", ""https://lrcostahomes.com/wp-content/uploads/2026/08/10-1240x720.jpg"", ""https://lrcostahomes.com/wp-content/uploads/2026/08/2.jpg"", ""https://lrcostahomes.com/wp-content/uploads/2026/08/3-488x326.jpg"", ""https://lrcostahomes.com/wp-content/uploads/2026/08/4-488x326.jpg"", ""https://lrcostahomes.com/wp-content/uploads/2026/08/5-488x326.jpg"", ""https://lrcostahomes.com/wp-content/uploads/2026/08/6-488x326.jpg"", ""https://lrcostahomes.com/wp-content/uploads/2026/08/7-488x326.jpg"", ""https://lrcostahomes.com/wp-content/uploads/2026/08/8-488x326.jpg"", ""https://lrcostahomes.com/wp-content/uploads/2026/08/9-488x326.jpg"", ""https://lrcostahomes.com/wp-content/uploads/2026/08/10-488x326.jpg"", ""https://lrcostahomes.com/wp-content/uploads/2026/08/2-418x326.jpg"", ""https://lrcostahomes.com/wp-content/uploads/2026/06/76208-57027364-1498434924.jpg-600x510.webp"", ""https://lrcostahomes.com/wp-content/uploads/2026/07/1-36-680x510.jpg""]";Importada de LRCostaHomes;draft;capture;;https://lrcostahomes.com/es/property/apartments-3/;ref;MARTINEZ
Áticos;ticos;Orihuela;Orihuela;Orihuela;Murcia;España;Villa;En venta € 949.900;949900;de;En venta € 949.900;https://lrcostahomes.com/es/property/penthouse/;0;3;3;171;La joya de la corona de…;https://lrcostahomes.com/wp-content/uploads/2026/04/l-r-costa-homes-513.png;"[""https://lrcostahomes.com/wp-content/uploads/2026/04/l-r-costa-homes-513.png"", ""https://lrcostahomes.com/wp-content/uploads/2026/04/l-r-costa-homes-511.png"", ""https://lrcostahomes.com/wp-content/uploads/2026/08/1-948x720.png"", ""https://lrcostahomes.com/wp-content/uploads/2026/08/2-853x720.png"", ""https://lrcostahomes.com/wp-content/uploads/2026/08/6-1024x720.png"", ""https://lrcostahomes.com/wp-content/uploads/2026/08/7-1240x720.png"", ""https://lrcostahomes.com/wp-content/uploads/2026/08/8-1240x720.png"", ""https://lrcostahomes.com/wp-content/uploads/2026/08/9-1240x720.png"", ""https://lrcostahomes.com/wp-content/uploads/2026/08/Atico-1.jpg"", ""https://lrcostahomes.com/wp-content/uploads/2026/08/Atico-2-1240x720.jpg"", ""https://lrcostahomes.com/wp-content/uploads/2026/08/Atico-3-1240x720.jpg"", ""https://lrcostahomes.com/wp-content/uploads/2026/08/Atico-4-1024x720.jpg"", ""https://lrcostahomes.com/wp-content/uploads/2026/08/Atico-5-1024x720.jpg"", ""https://lrcostahomes.com/wp-content/uploads/2026/08/Cocina-Atico.jpeg"", ""https://lrcostahomes.com/wp-content/uploads/2026/08/Atico-6-1024x720.jpg"", ""https://lrcostahomes.com/wp-content/uploads/2026/08/1-488x326.png"", ""https://lrcostahomes.com/wp-content/uploads/2026/08/2-488x326.png"", ""https://lrcostahomes.com/wp-content/uploads/2026/08/6-488x326.png"", ""https://lrcostahomes.com/wp-content/uploads/2026/08/7-488x326.png"", ""https://lrcostahomes.com/wp-content/uploads/2026/08/8-488x326.png"", ""https://lrcostahomes.com/wp-content/uploads/2026/08/9-488x326.png"", ""https://lrcostahomes.com/wp-content/uploads/2026/08/Atico-1-488x326.jpg"", ""https://lrcostahomes.com/wp-content/uploads/2026/08/Atico-2-488x326.jpg"", ""https://lrcostahomes.com/wp-content/uploads/2026/08/Atico-3-488x326.jpg"", ""https://lrcostahomes.com/wp-content/uploads/2026/08/Atico-4-488x326.jpg"", ""https://lrcostahomes.com/wp-content/uploads/2026/08/Atico-5-488x326.jpg"", ""https://lrcostahomes.com/wp-content/uploads/2026/08/Cocina-Atico-488x326.jpeg"", ""https://lrcostahomes.com/wp-content/uploads/2026/08/Atico-6-488x326.jpg"", ""https://lrcostahomes.com/wp-content/uploads/2026/06/WhatsApp-Image-2026-06-10-at-13.12.14-680x510.jpeg"", ""https://lrcostahomes.com/wp-content/uploads/2026/06/WhatsApp-Image-2026-02-24-at-11.39.16-2-680x510.jpeg""]";Importada de LRCostaHomes;draft;capture;;https://lrcostahomes.com/es/property/penthouse/;ref;MARTINEZ
Villas de una sola planta;villas-de-una-sola-planta;Orihuela;Orihuela;Orihuela;Murcia;España;Villa;Obra Nueva € 289.900;289900;de;Obra Nueva € 289.900;https://lrcostahomes.com/es/property/one-level-villas/;0;3;2;82;Villas modernas de una sola planta con 3 dormitorios…;https://lrcostahomes.com/wp-content/uploads/2026/04/l-r-costa-homes-513.png;"[""https://lrcostahomes.com/wp-content/uploads/2026/04/l-r-costa-homes-513.png"", ""https://lrcostahomes.com/wp-content/uploads/2026/04/l-r-costa-homes-511.png"", ""https://lrcostahomes.com/wp-content/uploads/2026/07/1-44-1240x720.jpg"", ""https://lrcostahomes.com/wp-content/uploads/2026/07/2-19-1240x720.jpg"", ""https://lrcostahomes.com/wp-content/uploads/2026/07/3-16-1240x720.jpg"", ""https://lrcostahomes.com/wp-content/uploads/2026/07/4-17-1240x720.jpg"", ""https://lrcostahomes.com/wp-content/uploads/2026/07/5-15-1240x720.jpg"", ""https://lrcostahomes.com/wp-content/uploads/2026/07/6-16-1210x720.jpg"", ""https://lrcostahomes.com/wp-content/uploads/2026/07/7-20-1213x720.jpg"", ""https://lrcostahomes.com/wp-content/uploads/2026/07/8-15-1211x720.jpg"", ""https://lrcostahomes.com/wp-content/uploads/2026/07/1-44-488x326.jpg"", ""https://lrcostahomes.com/wp-content/uploads/2026/07/2-19-488x326.jpg"", ""https://lrcostahomes.com/wp-content/uploads/2026/07/3-16-488x326.jpg"", ""https://lrcostahomes.com/wp-content/uploads/2026/07/4-17-488x326.jpg"", ""https://lrcostahomes.com/wp-content/uploads/2026/07/5-15-488x326.jpg"", ""https://lrcostahomes.com/wp-content/uploads/2026/07/6-16-488x326.jpg"", ""https://lrcostahomes.com/wp-content/uploads/2026/07/7-20-488x326.jpg"", ""https://lrcostahomes.com/wp-content/uploads/2026/07/8-15-488x326.jpg"", ""https://lrcostahomes.com/wp-content/uploads/2026/07/4-680x510.png"", ""https://lrcostahomes.com/wp-content/uploads/2026/07/1-39-680x510.jpg""]";Importada de LRCostaHomes;draft;capture;;https://lrcostahomes.com/es/property/one-level-villas/;ref;MARTINEZ
Villa;villa;Orihuela;Los Alcázares;Los Alcázares;Murcia;España;Villa;Obra Nueva € 590.000;590000;de;Obra Nueva € 590.000;https://lrcostahomes.com/es/property/villa-10/;0;3;3;150;Villa en Los Alcázares —…;https://lrcostahomes.com/wp-content/uploads/2026/04/l-r-costa-homes-513.png;"[""https://lrcostahomes.com/wp-content/uploads/2026/04/l-r-costa-homes-513.png"", ""https://lrcostahomes.com/wp-content/uploads/2026/04/l-r-costa-homes-511.png"", ""https://lrcostahomes.com/wp-content/uploads/2026/07/1-2-1240x720.jpeg"", ""https://lrcostahomes.com/wp-content/uploads/2026/07/2-1240x720.jpeg"", ""https://lrcostahomes.com/wp-content/uploads/2026/07/3-1240x720.jpeg"", ""https://lrcostahomes.com/wp-content/uploads/2026/07/4-1240x720.jpeg"", ""https://lrcostahomes.com/wp-content/uploads/2026/07/5-1-1240x720.jpeg"", ""https://lrcostahomes.com/wp-content/uploads/2026/07/6-1-1240x720.jpeg"", ""https://lrcostahomes.com/wp-content/uploads/2026/07/1-2-488x326.jpeg"", ""https://lrcostahomes.com/wp-content/uploads/2026/07/2-488x326.jpeg"", ""https://lrcostahomes.com/wp-content/uploads/2026/07/3-488x326.jpeg"", ""https://lrcostahomes.com/wp-content/uploads/2026/07/4-488x326.jpeg"", ""https://lrcostahomes.com/wp-content/uploads/2026/07/5-1-488x326.jpeg"", ""https://lrcostahomes.com/wp-content/uploads/2026/07/6-1-488x326.jpeg"", ""https://lrcostahomes.com/wp-content/uploads/2026/06/WhatsApp-Image-2026-06-23-at-13.56.12-1-508x510.jpeg"", ""https://lrcostahomes.com/wp-content/uploads/2026/07/1-9-680x510.jpg""]";Importada de LRCostaHomes;draft;capture;;https://lrcostahomes.com/es/property/villa-10/;ref;MARTINEZ
Adosados;adosados;Orihuela;Orihuela;Orihuela;Murcia;España;Villa;Obra Nueva € 269.000;269000;de;Obra Nueva € 269.000;https://lrcostahomes.com/es/property/townhouses/;0;4;3;188;Nuevo desarrollo residencial en…;https://lrcostahomes.com/wp-content/uploads/2026/04/l-r-costa-homes-513.png;"[""https://lrcostahomes.com/wp-content/uploads/2026/04/l-r-costa-homes-513.png"", ""https://lrcostahomes.com/wp-content/uploads/2026/04/l-r-costa-homes-511.png"", ""https://lrcostahomes.com/wp-content/uploads/2026/07/R8-1240x720.jpg"", ""https://lrcostahomes.com/wp-content/uploads/2026/07/010001-1240x720.jpg"", ""https://lrcostahomes.com/wp-content/uploads/2026/07/010002-1240x720.jpg"", ""https://lrcostahomes.com/wp-content/uploads/2026/07/010003-1240x720.jpg"", ""https://lrcostahomes.com/wp-content/uploads/2026/07/010006-1240x720.jpg"", ""https://lrcostahomes.com/wp-content/uploads/2026/07/010007-1240x720.jpg"", ""https://lrcostahomes.com/wp-content/uploads/2026/07/010008-1240x720.jpg"", ""https://lrcostahomes.com/wp-content/uploads/2026/07/010010-1240x720.jpg"", ""https://lrcostahomes.com/wp-content/uploads/2026/07/010011-1240x720.jpg"", ""https://lrcostahomes.com/wp-content/uploads/2026/07/010013-1240x720.jpg"", ""https://lrcostahomes.com/wp-content/uploads/2026/07/010014-1240x720.jpg"", ""https://lrcostahomes.com/wp-content/uploads/2026/07/010016-1240x720.jpg"", ""https://lrcostahomes.com/wp-content/uploads/2026/07/010018-1240x720.jpg"", ""https://lrcostahomes.com/wp-content/uploads/2026/07/010019-1240x720.jpg"", ""https://lrcostahomes.com/wp-content/uploads/2026/07/010020-1240x720.jpg"", ""https://lrcostahomes.com/wp-content/uploads/2026/07/010021-1240x720.jpg"", ""https://lrcostahomes.com/wp-content/uploads/2026/07/010022-1240x720.jpg"", ""https://lrcostahomes.com/wp-content/uploads/2026/07/010023-1240x720.jpg"", ""https://lrcostahomes.com/wp-content/uploads/2026/07/010024-1240x720.jpg"", ""https://lrcostahomes.com/wp-content/uploads/2026/07/010025-1240x720.jpg"", ""https://lrcostahomes.com/wp-content/uploads/2026/07/010026-1240x720.jpg"", ""https://lrcostahomes.com/wp-content/uploads/2026/07/010028-1240x720.jpg"", ""https://lrcostahomes.com/wp-content/uploads/2026/07/010029-1240x720.jpg"", ""https://lrcostahomes.com/wp-content/uploads/2026/07/010030-1240x720.jpg"", ""https://lrcostahomes.com/wp-content/uploads/2026/07/010031-1240x720.jpg"", ""https://lrcostahomes.com/wp-content/uploads/2026/07/010032-1240x720.jpg"", ""https://lrcostahomes.com/wp-content/uploads/2026/07/010033-1240x720.jpg"", ""https://lrcostahomes.com/wp-content/uploads/2026/07/010034-1240x720.jpg""]";Importada de LRCostaHomes;draft;capture;;https://lrcostahomes.com/es/property/townhouses/;ref;MARTINEZ
Edificio completo con 4 apartamentos, materiales de alta calidad.;edificio-completo-con-4-apartamentos-materiales-de-alta-calidad;Orihuela;Orihuela;Orihuela;Murcia;España;Villa;En venta € 1.700.000;1700000;de;En venta € 1.700.000;https://lrcostahomes.com/es/property/complete-building-with-4-apartments-high-quality-materials/;0;12;8;335;Una oportunidad de inversión exclusiva es…;https://lrcostahomes.com/wp-content/uploads/2026/04/l-r-costa-homes-513.png;"[""https://lrcostahomes.com/wp-content/uploads/2026/04/l-r-costa-homes-513.png"", ""https://lrcostahomes.com/wp-content/uploads/2026/04/l-r-costa-homes-511.png"", ""https://lrcostahomes.com/wp-content/uploads/2026/07/2-1-1-1240x720.jpg"", ""https://lrcostahomes.com/wp-content/uploads/2026/07/2-3-1-1240x720.jpg"", ""https://lrcostahomes.com/wp-content/uploads/2026/07/2-2-1-1240x720.jpg"", ""https://lrcostahomes.com/wp-content/uploads/2026/07/2-4-1-1240x720.jpg"", ""https://lrcostahomes.com/wp-content/uploads/2026/07/2-60-1240x720.jpg"", ""https://lrcostahomes.com/wp-content/uploads/2026/07/2-69-1240x720.jpg"", ""https://lrcostahomes.com/wp-content/uploads/2026/07/2-17-1240x720.jpg"", ""https://lrcostahomes.com/wp-content/uploads/2026/07/2-18-1240x720.jpg"", ""https://lrcostahomes.com/wp-content/uploads/2026/07/2-14-1-1240x720.jpg"", ""https://lrcostahomes.com/wp-content/uploads/2026/07/2-16-1240x720.jpg"", ""https://lrcostahomes.com/wp-content/uploads/2026/07/2-6-1-1240x720.jpg"", ""https://lrcostahomes.com/wp-content/uploads/2026/07/2-26-1240x720.jpg"", ""https://lrcostahomes.com/wp-content/uploads/2026/07/2-7-1-1240x720.jpg"", ""https://lrcostahomes.com/wp-content/uploads/2026/07/2-9-1-1240x720.jpg"", ""https://lrcostahomes.com/wp-content/uploads/2026/07/2-10-1-1240x720.jpg"", ""https://lrcostahomes.com/wp-content/uploads/2026/07/2-11-1-1240x720.jpg"", ""https://lrcostahomes.com/wp-content/uploads/2026/07/2-12-1-1240x720.jpg"", ""https://lrcostahomes.com/wp-content/uploads/2026/07/2-13-1-1240x720.jpg"", ""https://lrcostahomes.com/wp-content/uploads/2026/07/2-15-1-1240x720.jpg"", ""https://lrcostahomes.com/wp-content/uploads/2026/07/2-20-1240x720.jpg"", ""https://lrcostahomes.com/wp-content/uploads/2026/07/2-24-1240x720.jpg"", ""https://lrcostahomes.com/wp-content/uploads/2026/07/2-25-1240x720.jpg"", ""https://lrcostahomes.com/wp-content/uploads/2026/07/2-27-1240x720.jpg"", ""https://lrcostahomes.com/wp-content/uploads/2026/07/2-28-1240x720.jpg"", ""https://lrcostahomes.com/wp-content/uploads/2026/07/2-29-1240x720.jpg"", ""https://lrcostahomes.com/wp-content/uploads/2026/07/2-33-1240x720.jpg"", ""https://lrcostahomes.com/wp-content/uploads/2026/07/2-34-1240x720.jpg"", ""https://lrcostahomes.com/wp-content/uploads/2026/07/2-37-1240x720.jpg""]";Importada de LRCostaHomes;draft;capture;;https://lrcostahomes.com/es/property/complete-building-with-4-apartments-high-quality-materials/;ref;MARTINEZ
Casa de estilo cuadrangular;casa-de-estilo-cuadrangular;Orihuela;Orihuela;Orihuela;Murcia;España;Villa;En venta € 230.000;230000;de;En venta € 230.000;https://lrcostahomes.com/es/property/quad-style-house/;0;3;2;72;Encantadora casa de estilo cuadrangular ubicada en…;https://lrcostahomes.com/wp-content/uploads/2026/04/l-r-costa-homes-513.png;"[""https://lrcostahomes.com/wp-content/uploads/2026/04/l-r-costa-homes-513.png"", ""https://lrcostahomes.com/wp-content/uploads/2026/04/l-r-costa-homes-511.png"", ""https://lrcostahomes.com/wp-content/uploads/2026/07/WhatsApp-Image-2026-07-28-at-15.04.08-793x720.jpeg"", ""https://lrcostahomes.com/wp-content/uploads/2026/07/WhatsApp-Image-2026-07-28-at-15.04.08-1.jpeg"", ""https://lrcostahomes.com/wp-content/uploads/2026/07/WhatsApp-Image-2026-07-28-at-15.04.08-2.jpeg"", ""https://lrcostahomes.com/wp-content/uploads/2026/07/WhatsApp-Image-2026-07-28-at-15.04.08-3.jpeg"", ""https://lrcostahomes.com/wp-content/uploads/2026/07/WhatsApp-Image-2026-07-28-at-15.04.08-4.jpeg"", ""https://lrcostahomes.com/wp-content/uploads/2026/07/WhatsApp-Image-2026-07-28-at-15.04.09-1-754x720.jpeg"", ""https://lrcostahomes.com/wp-content/uploads/2026/07/WhatsApp-Image-2026-07-28-at-15.04.09-2.jpeg"", ""https://lrcostahomes.com/wp-content/uploads/2026/07/WhatsApp-Image-2026-07-28-at-15.04.09-3-782x720.jpeg"", ""https://lrcostahomes.com/wp-content/uploads/2026/07/WhatsApp-Image-2026-07-28-at-15.04.09-4-750x720.jpeg"", ""https://lrcostahomes.com/wp-content/uploads/2026/07/WhatsApp-Image-2026-07-28-at-15.04.09-5.jpeg"", ""https://lrcostahomes.com/wp-content/uploads/2026/07/WhatsApp-Image-2026-07-28-at-15.04.09-774x720.jpeg"", ""https://lrcostahomes.com/wp-content/uploads/2026/07/WhatsApp-Image-2026-07-28-at-15.04.10-1.jpeg"", ""https://lrcostahomes.com/wp-content/uploads/2026/07/WhatsApp-Image-2026-07-28-at-15.04.10-2-750x720.jpeg"", ""https://lrcostahomes.com/wp-content/uploads/2026/07/WhatsApp-Image-2026-07-28-at-15.04.10-3-790x720.jpeg"", ""https://lrcostahomes.com/wp-content/uploads/2026/07/WhatsApp-Image-2026-07-28-at-15.04.10-4.jpeg"", ""https://lrcostahomes.com/wp-content/uploads/2026/07/WhatsApp-Image-2026-07-28-at-15.04.10-5.jpeg"", ""https://lrcostahomes.com/wp-content/uploads/2026/07/WhatsApp-Image-2026-07-28-at-15.04.10.jpeg"", ""https://lrcostahomes.com/wp-content/uploads/2026/07/WhatsApp-Image-2026-07-28-at-15.04.10-6-765x720.jpeg"", ""https://lrcostahomes.com/wp-content/uploads/2026/07/WhatsApp-Image-2026-07-28-at-15.04.10-7-752x720.jpeg"", ""https://lrcostahomes.com/wp-content/uploads/2026/07/WhatsApp-Image-2026-07-28-at-15.04.10-8.jpeg"", ""https://lrcostahomes.com/wp-content/uploads/2026/07/WhatsApp-Image-2026-07-28-at-15.04.10-9.jpeg"", ""https://lrcostahomes.com/wp-content/uploads/2026/07/WhatsApp-Image-2026-07-28-at-15.04.08-488x326.jpeg"", ""https://lrcostahomes.com/wp-content/uploads/2026/07/WhatsApp-Image-2026-07-28-at-15.04.08-1-488x326.jpeg"", ""https://lrcostahomes.com/wp-content/uploads/2026/07/WhatsApp-Image-2026-07-28-at-15.04.08-2-488x326.jpeg"", ""https://lrcostahomes.com/wp-content/uploads/2026/07/WhatsApp-Image-2026-07-28-at-15.04.08-3-488x326.jpeg"", ""https://lrcostahomes.com/wp-content/uploads/2026/07/WhatsApp-Image-2026-07-28-at-15.04.08-4-488x326.jpeg"", ""https://lrcostahomes.com/wp-content/uploads/2026/07/WhatsApp-Image-2026-07-28-at-15.04.09-1-488x326.jpeg"", ""https://lrcostahomes.com/wp-content/uploads/2026/07/WhatsApp-Image-2026-07-28-at-15.04.09-2-488x326.jpeg""]";Importada de LRCostaHomes;draft;capture;;https://lrcostahomes.com/es/property/quad-style-house/;ref;MARTINEZ
Villa adosada;villa-adosada;Orihuela;Orihuela;Orihuela;Murcia;España;Villa;En venta € 229.000;229000;de;En venta € 229.000;https://lrcostahomes.com/es/property/semi-detached-villa/;0;3;2;95;Villa adosada ubicada en una…;https://lrcostahomes.com/wp-content/uploads/2026/04/l-r-costa-homes-513.png;"[""https://lrcostahomes.com/wp-content/uploads/2026/04/l-r-costa-homes-513.png"", ""https://lrcostahomes.com/wp-content/uploads/2026/04/l-r-costa-homes-511.png"", ""https://lrcostahomes.com/wp-content/uploads/2026/07/WhatsApp-Image-2026-07-28-at-14.48.22-1.jpeg"", ""https://lrcostahomes.com/wp-content/uploads/2026/07/WhatsApp-Image-2026-07-28-at-14.48.22-2.jpeg"", ""https://lrcostahomes.com/wp-content/uploads/2026/07/WhatsApp-Image-2026-07-28-at-14.48.22-3.jpeg"", ""https://lrcostahomes.com/wp-content/uploads/2026/07/WhatsApp-Image-2026-07-28-at-14.48.22-4.jpeg"", ""https://lrcostahomes.com/wp-content/uploads/2026/07/WhatsApp-Image-2026-07-28-at-14.48.22-5.jpeg"", ""https://lrcostahomes.com/wp-content/uploads/2026/07/WhatsApp-Image-2026-07-28-at-14.48.22-6.jpeg"", ""https://lrcostahomes.com/wp-content/uploads/2026/07/WhatsApp-Image-2026-07-28-at-14.48.22-7.jpeg"", ""https://lrcostahomes.com/wp-content/uploads/2026/07/WhatsApp-Image-2026-07-28-at-14.48.22.jpeg"", ""https://lrcostahomes.com/wp-content/uploads/2026/07/WhatsApp-Image-2026-07-28-at-14.48.23-1.jpeg"", ""https://lrcostahomes.com/wp-content/uploads/2026/07/WhatsApp-Image-2026-07-28-at-14.48.23-2.jpeg"", ""https://lrcostahomes.com/wp-content/uploads/2026/07/WhatsApp-Image-2026-07-28-at-14.48.23-3.jpeg"", ""https://lrcostahomes.com/wp-content/uploads/2026/07/WhatsApp-Image-2026-07-28-at-14.48.23-4.jpeg"", ""https://lrcostahomes.com/wp-content/uploads/2026/07/WhatsApp-Image-2026-07-28-at-14.48.23-5.jpeg"", ""https://lrcostahomes.com/wp-content/uploads/2026/07/WhatsApp-Image-2026-07-28-at-14.48.23-6-757x720.jpeg"", ""https://lrcostahomes.com/wp-content/uploads/2026/07/WhatsApp-Image-2026-07-28-at-14.48.23-7.jpeg"", ""https://lrcostahomes.com/wp-content/uploads/2026/07/WhatsApp-Image-2026-07-28-at-14.48.23-8.jpeg"", ""https://lrcostahomes.com/wp-content/uploads/2026/07/WhatsApp-Image-2026-07-28-at-14.48.23.jpeg"", ""https://lrcostahomes.com/wp-content/uploads/2026/07/WhatsApp-Image-2026-07-28-at-14.48.22-1-488x326.jpeg"", ""https://lrcostahomes.com/wp-content/uploads/2026/07/WhatsApp-Image-2026-07-28-at-14.48.22-2-488x326.jpeg"", ""https://lrcostahomes.com/wp-content/uploads/2026/07/WhatsApp-Image-2026-07-28-at-14.48.22-3-488x326.jpeg"", ""https://lrcostahomes.com/wp-content/uploads/2026/07/WhatsApp-Image-2026-07-28-at-14.48.22-4-488x326.jpeg"", ""https://lrcostahomes.com/wp-content/uploads/2026/07/WhatsApp-Image-2026-07-28-at-14.48.22-5-488x326.jpeg"", ""https://lrcostahomes.com/wp-content/uploads/2026/07/WhatsApp-Image-2026-07-28-at-14.48.22-6-488x326.jpeg"", ""https://lrcostahomes.com/wp-content/uploads/2026/07/WhatsApp-Image-2026-07-28-at-14.48.22-7-488x326.jpeg"", ""https://lrcostahomes.com/wp-content/uploads/2026/07/WhatsApp-Image-2026-07-28-at-14.48.22-488x326.jpeg"", ""https://lrcostahomes.com/wp-content/uploads/2026/07/WhatsApp-Image-2026-07-28-at-14.48.23-1-488x326.jpeg"", ""https://lrcostahomes.com/wp-content/uploads/2026/07/WhatsApp-Image-2026-07-28-at-14.48.23-2-488x326.jpeg"", ""https://lrcostahomes.com/wp-content/uploads/2026/07/WhatsApp-Image-2026-07-28-at-14.48.23-3-488x326.jpeg""]";Importada de LRCostaHomes;draft;capture;;https://lrcostahomes.com/es/property/semi-detached-villa/;ref;MARTINEZ
Adosado;adosado;Orihuela;Orihuela;Orihuela;Murcia;España;Villa;En venta € 220.000;220000;de;En venta € 220.000;https://lrcostahomes.com/es/property/townhouse-2/;0;3;2;95;Preciosa casa adosada de dos plantas totalmente renovada…;https://lrcostahomes.com/wp-content/uploads/2026/04/l-r-costa-homes-513.png;"[""https://lrcostahomes.com/wp-content/uploads/2026/04/l-r-costa-homes-513.png"", ""https://lrcostahomes.com/wp-content/uploads/2026/04/l-r-costa-homes-511.png"", ""https://lrcostahomes.com/wp-content/uploads/2026/07/LWhatsApp-Image-2026-07-28-at-13.30.00-1.jpeg"", ""https://lrcostahomes.com/wp-content/uploads/2026/07/WhatsApp-Image-2026-07-28-at-13.30.00-2.jpeg"", ""https://lrcostahomes.com/wp-content/uploads/2026/07/WhatsApp-Image-2026-07-28-at-13.30.00-4.jpeg"", ""https://lrcostahomes.com/wp-content/uploads/2026/07/WhatsApp-Image-2026-07-28-at-13.30.00-5.jpeg"", ""https://lrcostahomes.com/wp-content/uploads/2026/07/WhatsApp-Image-2026-07-28-at-13.30.00.jpeg"", ""https://lrcostahomes.com/wp-content/uploads/2026/07/WhatsApp-Image-2026-07-28-at-13.30.01-1.jpeg"", ""https://lrcostahomes.com/wp-content/uploads/2026/07/WhatsApp-Image-2026-07-28-at-13.30.01-2.jpeg"", ""https://lrcostahomes.com/wp-content/uploads/2026/07/WhatsApp-Image-2026-07-28-at-13.30.01-3.jpeg"", ""https://lrcostahomes.com/wp-content/uploads/2026/07/WhatsApp-Image-2026-07-28-at-13.30.01-4.jpeg"", ""https://lrcostahomes.com/wp-content/uploads/2026/07/WhatsApp-Image-2026-07-28-at-13.30.01-5.jpeg"", ""https://lrcostahomes.com/wp-content/uploads/2026/07/WhatsApp-Image-2026-07-28-at-13.30.01-6.jpeg"", ""https://lrcostahomes.com/wp-content/uploads/2026/07/WhatsApp-Image-2026-07-28-at-13.30.01-7.jpeg"", ""https://lrcostahomes.com/wp-content/uploads/2026/07/WhatsApp-Image-2026-07-28-at-13.30.01.jpeg"", ""https://lrcostahomes.com/wp-content/uploads/2026/07/WhatsApp-Image-2026-07-28-at-13.30.24-1-945x720.jpeg"", ""https://lrcostahomes.com/wp-content/uploads/2026/07/WhatsApp-Image-2026-07-28-at-13.30.24-2-851x720.jpeg"", ""https://lrcostahomes.com/wp-content/uploads/2026/07/WhatsApp-Image-2026-07-28-at-13.30.24-3-865x720.jpeg"", ""https://lrcostahomes.com/wp-content/uploads/2026/07/WhatsApp-Image-2026-07-28-at-13.30.24-945x720.jpeg"", ""https://lrcostahomes.com/wp-content/uploads/2026/07/WhatsApp-Image-2026-07-28-at-13.30.01-8.jpeg"", ""https://lrcostahomes.com/wp-content/uploads/2026/07/LWhatsApp-Image-2026-07-28-at-13.30.00-1-488x326.jpeg"", ""https://lrcostahomes.com/wp-content/uploads/2026/07/WhatsApp-Image-2026-07-28-at-13.30.00-2-488x326.jpeg"", ""https://lrcostahomes.com/wp-content/uploads/2026/07/WhatsApp-Image-2026-07-28-at-13.30.00-4-488x326.jpeg"", ""https://lrcostahomes.com/wp-content/uploads/2026/07/WhatsApp-Image-2026-07-28-at-13.30.00-5-488x326.jpeg"", ""https://lrcostahomes.com/wp-content/uploads/2026/07/WhatsApp-Image-2026-07-28-at-13.30.00-488x326.jpeg"", ""https://lrcostahomes.com/wp-content/uploads/2026/07/WhatsApp-Image-2026-07-28-at-13.30.01-1-488x326.jpeg"", ""https://lrcostahomes.com/wp-content/uploads/2026/07/WhatsApp-Image-2026-07-28-at-13.30.01-2-488x326.jpeg"", ""https://lrcostahomes.com/wp-content/uploads/2026/07/WhatsApp-Image-2026-07-28-at-13.30.01-3-488x326.jpeg"", ""https://lrcostahomes.com/wp-content/uploads/2026/07/WhatsApp-Image-2026-07-28-at-13.30.01-4-488x326.jpeg"", ""https://lrcostahomes.com/wp-content/uploads/2026/07/WhatsApp-Image-2026-07-28-at-13.30.01-5-488x326.jpeg""]";Importada de LRCostaHomes;draft;capture;;https://lrcostahomes.com/es/property/townhouse-2/;ref;MARTINEZ
Apartamento dúplex;apartamento-d-plex;Orihuela;Orihuela;Orihuela;Murcia;España;Villa;En venta € 225.000;225000;de;En venta € 225.000;https://lrcostahomes.com/es/property/duplex-apartment/;0;3;2;75;Magnífico apartamento dúplex ubicado al lado…;https://lrcostahomes.com/wp-content/uploads/2026/04/l-r-costa-homes-513.png;"[""https://lrcostahomes.com/wp-content/uploads/2026/04/l-r-costa-homes-513.png"", ""https://lrcostahomes.com/wp-content/uploads/2026/04/l-r-costa-homes-511.png"", ""https://lrcostahomes.com/wp-content/uploads/2026/07/WhatsApp-Image-2026-07-28-at-12.34.31-8-copy-1-945x720.jpeg"", ""https://lrcostahomes.com/wp-content/uploads/2026/07/WhatsApp-Image-2026-07-28-at-12.34.30-1.jpeg"", ""https://lrcostahomes.com/wp-content/uploads/2026/07/WhatsApp-Image-2026-07-28-at-12.34.31-1.jpeg"", ""https://lrcostahomes.com/wp-content/uploads/2026/07/WhatsApp-Image-2026-07-28-at-12.34.30.jpeg"", ""https://lrcostahomes.com/wp-content/uploads/2026/07/WhatsApp-Image-2026-07-28-at-12.34.31-4.jpeg"", ""https://lrcostahomes.com/wp-content/uploads/2026/07/WhatsApp-Image-2026-07-28-at-12.34.31-2-945x720.jpeg"", ""https://lrcostahomes.com/wp-content/uploads/2026/07/WhatsApp-Image-2026-07-28-at-12.34.31-3-945x720.jpeg"", ""https://lrcostahomes.com/wp-content/uploads/2026/07/WhatsApp-Image-2026-07-28-at-12.34.31-5.jpeg"", ""https://lrcostahomes.com/wp-content/uploads/2026/07/WhatsApp-Image-2026-07-28-at-12.34.31-6.jpeg"", ""https://lrcostahomes.com/wp-content/uploads/2026/07/WhatsApp-Image-2026-07-28-at-12.34.31-7-copy-1-945x720.jpeg"", ""https://lrcostahomes.com/wp-content/uploads/2026/07/WhatsApp-Image-2026-07-28-at-12.34.31-9-945x720.jpeg"", ""https://lrcostahomes.com/wp-content/uploads/2026/07/WhatsApp-Image-2026-07-28-at-12.34.31-copy-2-945x720.jpeg"", ""https://lrcostahomes.com/wp-content/uploads/2026/07/WhatsApp-Image-2026-07-28-at-12.34.32-copy-2.jpeg"", ""https://lrcostahomes.com/wp-content/uploads/2026/07/WhatsApp-Image-2026-07-28-at-12.34.31-8-copy-1-488x326.jpeg"", ""https://lrcostahomes.com/wp-content/uploads/2026/07/WhatsApp-Image-2026-07-28-at-12.34.30-1-488x326.jpeg"", ""https://lrcostahomes.com/wp-content/uploads/2026/07/WhatsApp-Image-2026-07-28-at-12.34.31-1-488x326.jpeg"", ""https://lrcostahomes.com/wp-content/uploads/2026/07/WhatsApp-Image-2026-07-28-at-12.34.30-488x326.jpeg"", ""https://lrcostahomes.com/wp-content/uploads/2026/07/WhatsApp-Image-2026-07-28-at-12.34.31-4-488x326.jpeg"", ""https://lrcostahomes.com/wp-content/uploads/2026/07/WhatsApp-Image-2026-07-28-at-12.34.31-2-488x326.jpeg"", ""https://lrcostahomes.com/wp-content/uploads/2026/07/WhatsApp-Image-2026-07-28-at-12.34.31-3-488x326.jpeg"", ""https://lrcostahomes.com/wp-content/uploads/2026/07/WhatsApp-Image-2026-07-28-at-12.34.31-5-488x326.jpeg"", ""https://lrcostahomes.com/wp-content/uploads/2026/07/WhatsApp-Image-2026-07-28-at-12.34.31-6-488x326.jpeg"", ""https://lrcostahomes.com/wp-content/uploads/2026/07/WhatsApp-Image-2026-07-28-at-12.34.31-7-copy-1-488x326.jpeg"", ""https://lrcostahomes.com/wp-content/uploads/2026/07/WhatsApp-Image-2026-07-28-at-12.34.31-9-488x326.jpeg"", ""https://lrcostahomes.com/wp-content/uploads/2026/07/WhatsApp-Image-2026-07-28-at-12.34.31-copy-2-488x326.jpeg"", ""https://lrcostahomes.com/wp-content/uploads/2026/07/WhatsApp-Image-2026-07-28-at-12.34.32-copy-2-488x326.jpeg"", ""https://lrcostahomes.com/wp-content/uploads/2026/06/WhatsApp-Image-2026-06-25-at-11.36.31-6-680x510.jpeg"", ""https://lrcostahomes.com/wp-content/uploads/2026/07/8-10-680x510.jpg""]";Importada de LRCostaHomes;draft;capture;;https://lrcostahomes.com/es/property/duplex-apartment/;ref;MARTINEZ
Amplias casas tipo bungalow;amplias-casas-tipo-bungalow;Orihuela;Orihuela;Orihuela;Murcia;España;Villa;Obra Nueva € 291.500;291500;de;Obra Nueva € 291.500;https://lrcostahomes.com/es/property/spacious-bungalow-maisonettes/;0;3;2;93;Amplios bungalows dúplex en Pilar…;https://lrcostahomes.com/wp-content/uploads/2026/04/l-r-costa-homes-513.png;"[""https://lrcostahomes.com/wp-content/uploads/2026/04/l-r-costa-homes-513.png"", ""https://lrcostahomes.com/wp-content/uploads/2026/04/l-r-costa-homes-511.png"", ""https://lrcostahomes.com/wp-content/uploads/2026/07/6-15-1240x720.jpg"", ""https://lrcostahomes.com/wp-content/uploads/2026/07/1-43-1240x720.jpg"", ""https://lrcostahomes.com/wp-content/uploads/2026/07/2-15-1240x720.jpg"", ""https://lrcostahomes.com/wp-content/uploads/2026/07/3-15-1240x720.jpg"", ""https://lrcostahomes.com/wp-content/uploads/2026/07/4-16-1240x720.jpg"", ""https://lrcostahomes.com/wp-content/uploads/2026/07/5-14-1240x658.jpg"", ""https://lrcostahomes.com/wp-content/uploads/2026/07/7-19-1240x720.jpg"", ""https://lrcostahomes.com/wp-content/uploads/2026/07/8-14-1240x720.jpg"", ""https://lrcostahomes.com/wp-content/uploads/2026/07/9-10-1240x720.jpg"", ""https://lrcostahomes.com/wp-content/uploads/2026/07/10-10-1240x720.jpg"", ""https://lrcostahomes.com/wp-content/uploads/2026/07/11-9-1240x720.jpg"", ""https://lrcostahomes.com/wp-content/uploads/2026/07/12-10-1240x720.jpg"", ""https://lrcostahomes.com/wp-content/uploads/2026/07/13-1-1240x720.png"", ""https://lrcostahomes.com/wp-content/uploads/2026/07/14-1-1240x720.png"", ""https://lrcostahomes.com/wp-content/uploads/2026/07/15-7-1240x720.jpg"", ""https://lrcostahomes.com/wp-content/uploads/2026/07/16-4-1240x720.jpg"", ""https://lrcostahomes.com/wp-content/uploads/2026/07/6-15-488x326.jpg"", ""https://lrcostahomes.com/wp-content/uploads/2026/07/1-43-488x326.jpg"", ""https://lrcostahomes.com/wp-content/uploads/2026/07/2-15-488x326.jpg"", ""https://lrcostahomes.com/wp-content/uploads/2026/07/3-15-488x326.jpg"", ""https://lrcostahomes.com/wp-content/uploads/2026/07/4-16-488x326.jpg"", ""https://lrcostahomes.com/wp-content/uploads/2026/07/5-14-488x326.jpg"", ""https://lrcostahomes.com/wp-content/uploads/2026/07/7-19-488x326.jpg"", ""https://lrcostahomes.com/wp-content/uploads/2026/07/8-14-488x326.jpg"", ""https://lrcostahomes.com/wp-content/uploads/2026/07/9-10-488x326.jpg"", ""https://lrcostahomes.com/wp-content/uploads/2026/07/10-10-488x326.jpg"", ""https://lrcostahomes.com/wp-content/uploads/2026/07/11-9-488x326.jpg"", ""https://lrcostahomes.com/wp-content/uploads/2026/07/12-10-488x326.jpg""]";Importada de LRCostaHomes;draft;capture;;https://lrcostahomes.com/es/property/spacious-bungalow-maisonettes/;ref;MARTINEZ
Villa;villa;Roldán;Roldán;Roldán;Murcia;España;Villa;Obra Nueva € 279.900;279900;de;Obra Nueva € 279.900;https://lrcostahomes.com/es/property/villa-9/;0;2;2;77;Villa de dos dormitorios y dos baños…;https://lrcostahomes.com/wp-content/uploads/2026/04/l-r-costa-homes-513.png;"[""https://lrcostahomes.com/wp-content/uploads/2026/04/l-r-costa-homes-513.png"", ""https://lrcostahomes.com/wp-content/uploads/2026/04/l-r-costa-homes-511.png"", ""https://lrcostahomes.com/wp-content/uploads/2026/07/1-42-1240x720.jpg"", ""https://lrcostahomes.com/wp-content/uploads/2026/07/2-14-1240x720.jpg"", ""https://lrcostahomes.com/wp-content/uploads/2026/07/3-14-1240x720.jpg"", ""https://lrcostahomes.com/wp-content/uploads/2026/07/4-15-1240x720.jpg"", ""https://lrcostahomes.com/wp-content/uploads/2026/07/5-13-1240x720.jpg"", ""https://lrcostahomes.com/wp-content/uploads/2026/07/6-14-1240x720.jpg"", ""https://lrcostahomes.com/wp-content/uploads/2026/07/7-18-1240x720.jpg"", ""https://lrcostahomes.com/wp-content/uploads/2026/07/8-13-1240x720.jpg"", ""https://lrcostahomes.com/wp-content/uploads/2026/07/9-9-1240x720.jpg"", ""https://lrcostahomes.com/wp-content/uploads/2026/07/10-9-1240x720.jpg"", ""https://lrcostahomes.com/wp-content/uploads/2026/07/1-42-488x326.jpg"", ""https://lrcostahomes.com/wp-content/uploads/2026/07/2-14-488x326.jpg"", ""https://lrcostahomes.com/wp-content/uploads/2026/07/3-14-488x326.jpg"", ""https://lrcostahomes.com/wp-content/uploads/2026/07/4-15-488x326.jpg"", ""https://lrcostahomes.com/wp-content/uploads/2026/07/5-13-488x326.jpg"", ""https://lrcostahomes.com/wp-content/uploads/2026/07/6-14-488x326.jpg"", ""https://lrcostahomes.com/wp-content/uploads/2026/07/7-18-488x326.jpg"", ""https://lrcostahomes.com/wp-content/uploads/2026/07/8-13-488x326.jpg"", ""https://lrcostahomes.com/wp-content/uploads/2026/07/9-9-488x326.jpg"", ""https://lrcostahomes.com/wp-content/uploads/2026/07/10-9-488x326.jpg"", ""https://lrcostahomes.com/wp-content/uploads/2026/07/1-9-680x510.jpg"", ""https://lrcostahomes.com/wp-content/uploads/2026/07/N.1-680x510.jpg""]";Importada de LRCostaHomes;draft;capture;;https://lrcostahomes.com/es/property/villa-9/;ref;MARTINEZ
Bungalows dúplex;bungalows-d-plex;Orihuela;Alicante;Alicante;Alicante;España;Villa;Obra Nueva € 258.900;258900;de;Obra Nueva € 258.900;https://lrcostahomes.com/es/property/duplex-bungalows/;0;2;2;74;Bungalows dúplex distribuidos en dos…;https://lrcostahomes.com/wp-content/uploads/2026/04/l-r-costa-homes-513.png;"[""https://lrcostahomes.com/wp-content/uploads/2026/04/l-r-costa-homes-513.png"", ""https://lrcostahomes.com/wp-content/uploads/2026/04/l-r-costa-homes-511.png"", ""https://lrcostahomes.com/wp-content/uploads/2026/07/1-8-1240x720.png"", ""https://lrcostahomes.com/wp-content/uploads/2026/07/2-1240x720.png"", ""https://lrcostahomes.com/wp-content/uploads/2026/07/12-9-1240x720.jpg"", ""https://lrcostahomes.com/wp-content/uploads/2026/07/11-8-1240x720.jpg"", ""https://lrcostahomes.com/wp-content/uploads/2026/07/14-8-1240x720.jpg"", ""https://lrcostahomes.com/wp-content/uploads/2026/07/19-3-1240x720.jpg"", ""https://lrcostahomes.com/wp-content/uploads/2026/07/21-3-1240x720.jpg"", ""https://lrcostahomes.com/wp-content/uploads/2026/07/23-2-1240x720.jpg"", ""https://lrcostahomes.com/wp-content/uploads/2026/07/27-1240x720.jpg"", ""https://lrcostahomes.com/wp-content/uploads/2026/07/28-1240x720.jpg"", ""https://lrcostahomes.com/wp-content/uploads/2026/07/29-1240x720.jpg"", ""https://lrcostahomes.com/wp-content/uploads/2026/07/30-1240x720.jpg"", ""https://lrcostahomes.com/wp-content/uploads/2026/07/31-1240x720.jpg"", ""https://lrcostahomes.com/wp-content/uploads/2026/07/32-1240x720.jpg"", ""https://lrcostahomes.com/wp-content/uploads/2026/07/33-1240x720.jpg"", ""https://lrcostahomes.com/wp-content/uploads/2026/07/34-1240x720.jpg"", ""https://lrcostahomes.com/wp-content/uploads/2026/07/36-1240x720.jpg"", ""https://lrcostahomes.com/wp-content/uploads/2026/07/37-1240x720.jpg"", ""https://lrcostahomes.com/wp-content/uploads/2026/07/38-1240x720.jpg"", ""https://lrcostahomes.com/wp-content/uploads/2026/07/39-1240x720.jpg"", ""https://lrcostahomes.com/wp-content/uploads/2026/07/6-13-1240x720.jpg"", ""https://lrcostahomes.com/wp-content/uploads/2026/07/4-1240x720.png"", ""https://lrcostahomes.com/wp-content/uploads/2026/07/1-8-488x326.png"", ""https://lrcostahomes.com/wp-content/uploads/2026/07/2-488x326.png"", ""https://lrcostahomes.com/wp-content/uploads/2026/07/12-9-488x326.jpg"", ""https://lrcostahomes.com/wp-content/uploads/2026/07/11-8-488x326.jpg"", ""https://lrcostahomes.com/wp-content/uploads/2026/07/14-8-488x326.jpg"", ""https://lrcostahomes.com/wp-content/uploads/2026/07/19-3-488x326.jpg""]";Importada de LRCostaHomes;draft;capture;;https://lrcostahomes.com/es/property/duplex-bungalows/;ref;MARTINEZ
Apartamentos;apartamentos;Orihuela;Murcia;Murcia;Murcia;España;Villa;Obra Nueva € 226.900;226900;de;Obra Nueva € 226.900;https://lrcostahomes.com/es/property/apartments-2/;0;2;2;67;2/3 habitaciones 2…;https://lrcostahomes.com/wp-content/uploads/2026/04/l-r-costa-homes-513.png;"[""https://lrcostahomes.com/wp-content/uploads/2026/04/l-r-costa-homes-513.png"", ""https://lrcostahomes.com/wp-content/uploads/2026/04/l-r-costa-homes-511.png"", ""https://lrcostahomes.com/wp-content/uploads/2026/07/11-7-1240x720.jpg"", ""https://lrcostahomes.com/wp-content/uploads/2026/07/13-7-1240x720.jpg"", ""https://lrcostahomes.com/wp-content/uploads/2026/07/5-12-1240x720.jpg"", ""https://lrcostahomes.com/wp-content/uploads/2026/07/2-13-1240x720.jpg"", ""https://lrcostahomes.com/wp-content/uploads/2026/07/4-14-1240x720.jpg"", ""https://lrcostahomes.com/wp-content/uploads/2026/07/6-12-1240x720.jpg"", ""https://lrcostahomes.com/wp-content/uploads/2026/07/7-17-1240x720.jpg"", ""https://lrcostahomes.com/wp-content/uploads/2026/07/8-12-1240x720.jpg"", ""https://lrcostahomes.com/wp-content/uploads/2026/07/9-8-1240x720.jpg"", ""https://lrcostahomes.com/wp-content/uploads/2026/07/10-8-1240x720.jpg"", ""https://lrcostahomes.com/wp-content/uploads/2026/07/12-8-1240x720.jpg"", ""https://lrcostahomes.com/wp-content/uploads/2026/07/14-7-1240x720.jpg"", ""https://lrcostahomes.com/wp-content/uploads/2026/07/15-6-1240x720.jpg"", ""https://lrcostahomes.com/wp-content/uploads/2026/07/16-3-1240x720.jpg"", ""https://lrcostahomes.com/wp-content/uploads/2026/07/17-4-1240x720.jpg"", ""https://lrcostahomes.com/wp-content/uploads/2026/07/18-2-1240x720.jpg"", ""https://lrcostahomes.com/wp-content/uploads/2026/07/19-2-1240x720.jpg"", ""https://lrcostahomes.com/wp-content/uploads/2026/07/1-41-1240x720.jpg"", ""https://lrcostahomes.com/wp-content/uploads/2026/07/AEREA1-1240x720.jpg"", ""https://lrcostahomes.com/wp-content/uploads/2026/07/11-7-488x326.jpg"", ""https://lrcostahomes.com/wp-content/uploads/2026/07/13-7-488x326.jpg"", ""https://lrcostahomes.com/wp-content/uploads/2026/07/5-12-488x326.jpg"", ""https://lrcostahomes.com/wp-content/uploads/2026/07/2-13-488x326.jpg"", ""https://lrcostahomes.com/wp-content/uploads/2026/07/4-14-488x326.jpg"", ""https://lrcostahomes.com/wp-content/uploads/2026/07/6-12-488x326.jpg"", ""https://lrcostahomes.com/wp-content/uploads/2026/07/7-17-488x326.jpg"", ""https://lrcostahomes.com/wp-content/uploads/2026/07/8-12-488x326.jpg"", ""https://lrcostahomes.com/wp-content/uploads/2026/07/9-8-488x326.jpg""]";Importada de LRCostaHomes;draft;capture;;https://lrcostahomes.com/es/property/apartments-2/;ref;MARTINEZ
Adosado;adosado;Orihuela;Alicante;Alicante;Alicante;España;Villa;Obra Nueva € 329.900;329900;de;Obra Nueva € 329.900;https://lrcostahomes.com/es/property/townhouse/;0;3;3;137;Amplias casas adosadas de 3 dormitorios y 3 baños en…;https://lrcostahomes.com/wp-content/uploads/2026/04/l-r-costa-homes-513.png;"[""https://lrcostahomes.com/wp-content/uploads/2026/04/l-r-costa-homes-513.png"", ""https://lrcostahomes.com/wp-content/uploads/2026/04/l-r-costa-homes-511.png"", ""https://lrcostahomes.com/wp-content/uploads/2026/07/1-40-1240x720.jpg"", ""https://lrcostahomes.com/wp-content/uploads/2026/07/4-13-1240x720.jpg"", ""https://lrcostahomes.com/wp-content/uploads/2026/07/7-16-1240x720.jpg"", ""https://lrcostahomes.com/wp-content/uploads/2026/07/8-11-1240x720.jpg"", ""https://lrcostahomes.com/wp-content/uploads/2026/07/9-7-1240x720.jpg"", ""https://lrcostahomes.com/wp-content/uploads/2026/07/10-7-1240x720.jpg"", ""https://lrcostahomes.com/wp-content/uploads/2026/07/1-40-488x326.jpg"", ""https://lrcostahomes.com/wp-content/uploads/2026/07/4-13-488x326.jpg"", ""https://lrcostahomes.com/wp-content/uploads/2026/07/7-16-488x326.jpg"", ""https://lrcostahomes.com/wp-content/uploads/2026/07/8-11-488x326.jpg"", ""https://lrcostahomes.com/wp-content/uploads/2026/07/9-7-488x326.jpg"", ""https://lrcostahomes.com/wp-content/uploads/2026/07/10-7-488x326.jpg"", ""https://lrcostahomes.com/wp-content/uploads/2026/06/HE28251__DSCF7009-680x510.jpg"", ""https://lrcostahomes.com/wp-content/uploads/2026/06/cbild5oac3kv4udhh6jq5-680x510.webp""]";Importada de LRCostaHomes;draft;capture;;https://lrcostahomes.com/es/property/townhouse/;ref;MARTINEZ
Bungalows dúplex;bungalows-d-plex;Orihuela;San Pedro del Pinatar;San Pedro del Pinatar;Murcia;España;Villa;Obra Nueva € 319.900;319900;de;Obra Nueva € 319.900;https://lrcostahomes.com/es/property/bungalow-maisonettes/;0;2;2;84;Una nueva colección de bungalows…;https://lrcostahomes.com/wp-content/uploads/2026/04/l-r-costa-homes-513.png;"[""https://lrcostahomes.com/wp-content/uploads/2026/04/l-r-costa-homes-513.png"", ""https://lrcostahomes.com/wp-content/uploads/2026/04/l-r-costa-homes-511.png"", ""https://lrcostahomes.com/wp-content/uploads/2026/07/1-39-1240x720.jpg"", ""https://lrcostahomes.com/wp-content/uploads/2026/07/2-12-1240x720.jpg"", ""https://lrcostahomes.com/wp-content/uploads/2026/07/3-12-1240x720.jpg"", ""https://lrcostahomes.com/wp-content/uploads/2026/07/4-12-1240x720.jpg"", ""https://lrcostahomes.com/wp-content/uploads/2026/07/5-11-1240x720.jpg"", ""https://lrcostahomes.com/wp-content/uploads/2026/07/6-11-1240x720.jpg"", ""https://lrcostahomes.com/wp-content/uploads/2026/07/1-39-488x326.jpg"", ""https://lrcostahomes.com/wp-content/uploads/2026/07/2-12-488x326.jpg"", ""https://lrcostahomes.com/wp-content/uploads/2026/07/3-12-488x326.jpg"", ""https://lrcostahomes.com/wp-content/uploads/2026/07/4-12-488x326.jpg"", ""https://lrcostahomes.com/wp-content/uploads/2026/07/5-11-488x326.jpg"", ""https://lrcostahomes.com/wp-content/uploads/2026/07/6-11-488x326.jpg"", ""https://lrcostahomes.com/wp-content/uploads/2026/06/ALMA_BUNGALOW__EXTERIOR-680x510.jpg"", ""https://lrcostahomes.com/wp-content/uploads/2026/07/6-2-680x510.jpg""]";Importada de LRCostaHomes;draft;capture;;https://lrcostahomes.com/es/property/bungalow-maisonettes/;ref;MARTINEZ
Apartamentos rodeados por el campo de golf.;apartamentos-rodeados-por-el-campo-de-golf;Roldán;Los Alcázares;Los Alcázares;Murcia;España;Villa;Obra Nueva € 278.900;278900;de;Obra Nueva € 278.900;https://lrcostahomes.com/es/property/apartments-surrounded-by-the-golf-course/;0;2;2;74;Veintiocho apartamentos de 2 y 3 habitaciones…;https://lrcostahomes.com/wp-content/uploads/2026/04/l-r-costa-homes-513.png;"[""https://lrcostahomes.com/wp-content/uploads/2026/04/l-r-costa-homes-513.png"", ""https://lrcostahomes.com/wp-content/uploads/2026/04/l-r-costa-homes-511.png"", ""https://lrcostahomes.com/wp-content/uploads/2026/07/8-10-1240x720.jpg"", ""https://lrcostahomes.com/wp-content/uploads/2026/07/7-15-1240x720.jpg"", ""https://lrcostahomes.com/wp-content/uploads/2026/07/11-6-1240x720.jpg"", ""https://lrcostahomes.com/wp-content/uploads/2026/07/12-7-1240x720.jpg"", ""https://lrcostahomes.com/wp-content/uploads/2026/07/13-6-1240x720.jpg"", ""https://lrcostahomes.com/wp-content/uploads/2026/07/14-6-1240x720.jpg"", ""https://lrcostahomes.com/wp-content/uploads/2026/07/15-5-1240x720.jpg"", ""https://lrcostahomes.com/wp-content/uploads/2026/07/16-2-1240x720.jpg"", ""https://lrcostahomes.com/wp-content/uploads/2026/07/17-3-1240x720.jpg"", ""https://lrcostahomes.com/wp-content/uploads/2026/07/20-2-1240x720.jpg"", ""https://lrcostahomes.com/wp-content/uploads/2026/07/21-2-1240x720.jpg"", ""https://lrcostahomes.com/wp-content/uploads/2026/07/22-1-1240x720.jpg"", ""https://lrcostahomes.com/wp-content/uploads/2026/07/23-1-1240x720.jpg"", ""https://lrcostahomes.com/wp-content/uploads/2026/07/24-1240x720.jpg"", ""https://lrcostahomes.com/wp-content/uploads/2026/07/26-1240x720.jpeg"", ""https://lrcostahomes.com/wp-content/uploads/2026/07/4-11-1240x720.jpg"", ""https://lrcostahomes.com/wp-content/uploads/2026/07/8-10-488x326.jpg"", ""https://lrcostahomes.com/wp-content/uploads/2026/07/7-15-488x326.jpg"", ""https://lrcostahomes.com/wp-content/uploads/2026/07/11-6-488x326.jpg"", ""https://lrcostahomes.com/wp-content/uploads/2026/07/12-7-488x326.jpg"", ""https://lrcostahomes.com/wp-content/uploads/2026/07/13-6-488x326.jpg"", ""https://lrcostahomes.com/wp-content/uploads/2026/07/14-6-488x326.jpg"", ""https://lrcostahomes.com/wp-content/uploads/2026/07/15-5-488x326.jpg"", ""https://lrcostahomes.com/wp-content/uploads/2026/07/16-2-488x326.jpg"", ""https://lrcostahomes.com/wp-content/uploads/2026/07/17-3-488x326.jpg"", ""https://lrcostahomes.com/wp-content/uploads/2026/07/20-2-488x326.jpg"", ""https://lrcostahomes.com/wp-content/uploads/2026/07/21-2-488x326.jpg"", ""https://lrcostahomes.com/wp-content/uploads/2026/07/22-1-488x326.jpg""]";Importada de LRCostaHomes;draft;capture;;https://lrcostahomes.com/es/property/apartments-surrounded-by-the-golf-course/;ref;MARTINEZ
villas modernas;villas-modernas;Roldán;Roldán;Roldán;Murcia;España;Villa;Obra Nueva € 262.900;262900;de;Obra Nueva € 262.900;https://lrcostahomes.com/es/property/modern-villas/;0;2;2;81;Villas modernas de 2 dormitorios dentro de…;https://lrcostahomes.com/wp-content/uploads/2026/04/l-r-costa-homes-513.png;"[""https://lrcostahomes.com/wp-content/uploads/2026/04/l-r-costa-homes-513.png"", ""https://lrcostahomes.com/wp-content/uploads/2026/04/l-r-costa-homes-511.png"", ""https://lrcostahomes.com/wp-content/uploads/2026/07/3-11-1240x720.jpg"", ""https://lrcostahomes.com/wp-content/uploads/2026/07/2-11-1240x720.jpg"", ""https://lrcostahomes.com/wp-content/uploads/2026/07/4-10-1240x720.jpg"", ""https://lrcostahomes.com/wp-content/uploads/2026/07/6-10-1240x720.jpg"", ""https://lrcostahomes.com/wp-content/uploads/2026/07/7-14-1240x720.jpg"", ""https://lrcostahomes.com/wp-content/uploads/2026/07/8-9-1240x720.jpg"", ""https://lrcostahomes.com/wp-content/uploads/2026/07/9-6-1240x720.jpg"", ""https://lrcostahomes.com/wp-content/uploads/2026/07/10-6-1240x720.jpg"", ""https://lrcostahomes.com/wp-content/uploads/2026/07/11-5-1240x720.jpg"", ""https://lrcostahomes.com/wp-content/uploads/2026/07/12-6-1240x720.jpg"", ""https://lrcostahomes.com/wp-content/uploads/2026/07/13-5-1240x720.jpg"", ""https://lrcostahomes.com/wp-content/uploads/2026/07/14-5-1240x720.jpg"", ""https://lrcostahomes.com/wp-content/uploads/2026/07/15-4-1240x720.jpg"", ""https://lrcostahomes.com/wp-content/uploads/2026/07/5-10-1240x720.jpg"", ""https://lrcostahomes.com/wp-content/uploads/2026/07/1-38-1240x720.jpg"", ""https://lrcostahomes.com/wp-content/uploads/2026/07/3-11-488x326.jpg"", ""https://lrcostahomes.com/wp-content/uploads/2026/07/2-11-488x326.jpg"", ""https://lrcostahomes.com/wp-content/uploads/2026/07/4-10-488x326.jpg"", ""https://lrcostahomes.com/wp-content/uploads/2026/07/6-10-488x326.jpg"", ""https://lrcostahomes.com/wp-content/uploads/2026/07/7-14-488x326.jpg"", ""https://lrcostahomes.com/wp-content/uploads/2026/07/8-9-488x326.jpg"", ""https://lrcostahomes.com/wp-content/uploads/2026/07/9-6-488x326.jpg"", ""https://lrcostahomes.com/wp-content/uploads/2026/07/10-6-488x326.jpg"", ""https://lrcostahomes.com/wp-content/uploads/2026/07/11-5-488x326.jpg"", ""https://lrcostahomes.com/wp-content/uploads/2026/07/12-6-488x326.jpg"", ""https://lrcostahomes.com/wp-content/uploads/2026/07/13-5-488x326.jpg"", ""https://lrcostahomes.com/wp-content/uploads/2026/07/14-5-488x326.jpg"", ""https://lrcostahomes.com/wp-content/uploads/2026/07/15-4-488x326.jpg""]";Importada de LRCostaHomes;draft;capture;;https://lrcostahomes.com/es/property/modern-villas/;ref;MARTINEZ
Villa;villa;Orihuela;Orihuela Costa;Orihuela Costa;Murcia;España;Villa;En venta;0;de;En venta;https://lrcostahomes.com/es/property/villa-8/;0;3;2;110;Villa en venta en Orihuela…;https://lrcostahomes.com/wp-content/uploads/2026/04/l-r-costa-homes-513.png;"[""https://lrcostahomes.com/wp-content/uploads/2026/04/l-r-costa-homes-513.png"", ""https://lrcostahomes.com/wp-content/uploads/2026/04/l-r-costa-homes-511.png"", ""https://lrcostahomes.com/wp-content/uploads/2026/07/reventa-villa-orihuela-costa-lomas-de-don-juan_492263_xl-1240x720.jpg"", ""https://lrcostahomes.com/wp-content/uploads/2026/07/reventa-villa-orihuela-costa-lomas-de-don-juan_492262_xl-1240x720.jpg"", ""https://lrcostahomes.com/wp-content/uploads/2026/07/reventa-villa-orihuela-costa-lomas-de-don-juan_492269_xl-1240x720.jpg"", ""https://lrcostahomes.com/wp-content/uploads/2026/07/reventa-villa-orihuela-costa-lomas-de-don-juan_492264_xl-1240x720.jpg"", ""https://lrcostahomes.com/wp-content/uploads/2026/07/reventa-villa-orihuela-costa-lomas-de-don-juan_492268_xl-1240x720.jpg"", ""https://lrcostahomes.com/wp-content/uploads/2026/07/reventa-villa-orihuela-costa-lomas-de-don-juan_492270_xl-1240x720.jpg"", ""https://lrcostahomes.com/wp-content/uploads/2026/07/reventa-villa-orihuela-costa-lomas-de-don-juan_492265_xl-1240x720.jpg"", ""https://lrcostahomes.com/wp-content/uploads/2026/07/reventa-villa-orihuela-costa-lomas-de-don-juan_492266_xl-1240x720.jpg"", ""https://lrcostahomes.com/wp-content/uploads/2026/07/reventa-villa-orihuela-costa-lomas-de-don-juan_492267_xl-1240x720.jpg"", ""https://lrcostahomes.com/wp-content/uploads/2026/07/reventa-villa-orihuela-costa-lomas-de-don-juan_492273_xl-1240x720.jpg"", ""https://lrcostahomes.com/wp-content/uploads/2026/07/reventa-villa-orihuela-costa-lomas-de-don-juan_492274_xl-1240x720.jpg"", ""https://lrcostahomes.com/wp-content/uploads/2026/07/reventa-villa-orihuela-costa-lomas-de-don-juan_492276_xl-1240x720.jpg"", ""https://lrcostahomes.com/wp-content/uploads/2026/07/reventa-villa-orihuela-costa-lomas-de-don-juan_492277_xl-1-1240x720.jpg"", ""https://lrcostahomes.com/wp-content/uploads/2026/07/reventa-villa-orihuela-costa-lomas-de-don-juan_492278_xl-1240x720.jpg"", ""https://lrcostahomes.com/wp-content/uploads/2026/07/reventa-villa-orihuela-costa-lomas-de-don-juan_492279_xl-1240x720.jpg"", ""https://lrcostahomes.com/wp-content/uploads/2026/07/reventa-villa-orihuela-costa-lomas-de-don-juan_492280_xl-1240x720.jpg"", ""https://lrcostahomes.com/wp-content/uploads/2026/07/reventa-villa-orihuela-costa-lomas-de-don-juan_492281_xl-1240x720.jpg"", ""https://lrcostahomes.com/wp-content/uploads/2026/07/reventa-villa-orihuela-costa-lomas-de-don-juan_492282_xl-1240x720.jpg"", ""https://lrcostahomes.com/wp-content/uploads/2026/07/reventa-villa-orihuela-costa-lomas-de-don-juan_492283_xl-1240x720.jpg"", ""https://lrcostahomes.com/wp-content/uploads/2026/07/reventa-villa-orihuela-costa-lomas-de-don-juan_492263_xl-488x326.jpg"", ""https://lrcostahomes.com/wp-content/uploads/2026/07/reventa-villa-orihuela-costa-lomas-de-don-juan_492262_xl-488x326.jpg"", ""https://lrcostahomes.com/wp-content/uploads/2026/07/reventa-villa-orihuela-costa-lomas-de-don-juan_492269_xl-488x326.jpg"", ""https://lrcostahomes.com/wp-content/uploads/2026/07/reventa-villa-orihuela-costa-lomas-de-don-juan_492264_xl-488x326.jpg"", ""https://lrcostahomes.com/wp-content/uploads/2026/07/reventa-villa-orihuela-costa-lomas-de-don-juan_492268_xl-488x326.jpg"", ""https://lrcostahomes.com/wp-content/uploads/2026/07/reventa-villa-orihuela-costa-lomas-de-don-juan_492270_xl-488x326.jpg"", ""https://lrcostahomes.com/wp-content/uploads/2026/07/reventa-villa-orihuela-costa-lomas-de-don-juan_492265_xl-488x326.jpg"", ""https://lrcostahomes.com/wp-content/uploads/2026/07/reventa-villa-orihuela-costa-lomas-de-don-juan_492266_xl-488x326.jpg"", ""https://lrcostahomes.com/wp-content/uploads/2026/07/reventa-villa-orihuela-costa-lomas-de-don-juan_492267_xl-488x326.jpg""]";Importada de LRCostaHomes;draft;capture;;https://lrcostahomes.com/es/property/villa-8/;ref;MARTINEZ
Villa;villa;Orihuela;Orihuela;Orihuela;Murcia;España;Villa;Obra Nueva € 429.900;429900;de;Obra Nueva € 429.900;https://lrcostahomes.com/es/property/villa-7/;0;3;2;103;Esta elegante villa de nueva construcción…;https://lrcostahomes.com/wp-content/uploads/2026/04/l-r-costa-homes-513.png;"[""https://lrcostahomes.com/wp-content/uploads/2026/04/l-r-costa-homes-513.png"", ""https://lrcostahomes.com/wp-content/uploads/2026/04/l-r-costa-homes-511.png"", ""https://lrcostahomes.com/wp-content/uploads/2026/07/61272-55759674-1453334186.jpg"", ""https://lrcostahomes.com/wp-content/uploads/2026/07/61272-55759674-1453334191.jpg"", ""https://lrcostahomes.com/wp-content/uploads/2026/07/61272-55759674-1453334192.jpg"", ""https://lrcostahomes.com/wp-content/uploads/2026/07/61272-55759674-1453334194.jpg"", ""https://lrcostahomes.com/wp-content/uploads/2026/07/61272-55759674-1453334195.jpg"", ""https://lrcostahomes.com/wp-content/uploads/2026/07/61272-55759674-1453334196.jpg"", ""https://lrcostahomes.com/wp-content/uploads/2026/07/61272-55759674-1453334197.jpg"", ""https://lrcostahomes.com/wp-content/uploads/2026/07/61272-55759674-1453334198.jpg"", ""https://lrcostahomes.com/wp-content/uploads/2026/07/61272-55759674-1453334199.jpg"", ""https://lrcostahomes.com/wp-content/uploads/2026/07/61272-55759674-1453334201.jpg"", ""https://lrcostahomes.com/wp-content/uploads/2026/07/61272-55759674-1453334202.jpg"", ""https://lrcostahomes.com/wp-content/uploads/2026/07/61272-55759674-1453334205.jpg"", ""https://lrcostahomes.com/wp-content/uploads/2026/07/61272-55759674-1453334207.jpg"", ""https://lrcostahomes.com/wp-content/uploads/2026/07/61272-55759674-1453334210.jpg"", ""https://lrcostahomes.com/wp-content/uploads/2026/07/61272-55759674-1453334211.jpg"", ""https://lrcostahomes.com/wp-content/uploads/2026/07/61272-55759674-1453334212.jpg"", ""https://lrcostahomes.com/wp-content/uploads/2026/07/61272-55759674-1453334214.jpg"", ""https://lrcostahomes.com/wp-content/uploads/2026/07/61272-55759674-1453334217.jpg"", ""https://lrcostahomes.com/wp-content/uploads/2026/07/61272-55759674-1453334219.jpg"", ""https://lrcostahomes.com/wp-content/uploads/2026/07/61272-55759674-1453334220.jpg"", ""https://lrcostahomes.com/wp-content/uploads/2026/07/61272-55759674-1453334221.jpg"", ""https://lrcostahomes.com/wp-content/uploads/2026/07/61272-55759674-1453334222.jpg"", ""https://lrcostahomes.com/wp-content/uploads/2026/07/61272-55759674-1453334224.jpg"", ""https://lrcostahomes.com/wp-content/uploads/2026/07/61272-55759674-1453334186-488x326.jpg"", ""https://lrcostahomes.com/wp-content/uploads/2026/07/61272-55759674-1453334191-488x326.jpg"", ""https://lrcostahomes.com/wp-content/uploads/2026/07/61272-55759674-1453334192-488x326.jpg"", ""https://lrcostahomes.com/wp-content/uploads/2026/07/61272-55759674-1453334194-488x326.jpg"", ""https://lrcostahomes.com/wp-content/uploads/2026/07/61272-55759674-1453334195-488x326.jpg""]";Importada de LRCostaHomes;draft;capture;;https://lrcostahomes.com/es/property/villa-7/;ref;MARTINEZ
Villas;villas;Orihuela;Alicante;Alicante;Alicante;España;Villa;Obra Nueva € 514.400;514400;de;Obra Nueva € 514.400;https://lrcostahomes.com/es/property/villas-4/;0;3;3;120;Fantástico desarrollo de viviendas unifamiliares modernas…;https://lrcostahomes.com/wp-content/uploads/2026/04/l-r-costa-homes-513.png;"[""https://lrcostahomes.com/wp-content/uploads/2026/04/l-r-costa-homes-513.png"", ""https://lrcostahomes.com/wp-content/uploads/2026/04/l-r-costa-homes-511.png"", ""https://lrcostahomes.com/wp-content/uploads/2026/07/01042025-2I4A7268-HDR-1240x720.jpg"", ""https://lrcostahomes.com/wp-content/uploads/2026/07/01042025-2I4A7193-HDR-1240x720.jpg"", ""https://lrcostahomes.com/wp-content/uploads/2026/07/01042025-2I4A7196-HDR-1240x720.jpg"", ""https://lrcostahomes.com/wp-content/uploads/2026/07/01042025-2I4A7199-HDR-1240x720.jpg"", ""https://lrcostahomes.com/wp-content/uploads/2026/07/01042025-2I4A7208-HDR-1240x720.jpg"", ""https://lrcostahomes.com/wp-content/uploads/2026/07/01042025-2I4A7211-HDR-1240x720.jpg"", ""https://lrcostahomes.com/wp-content/uploads/2026/07/01042025-2I4A7214-HDR-1240x720.jpg"", ""https://lrcostahomes.com/wp-content/uploads/2026/07/01042025-2I4A7217-HDR-1240x720.jpg"", ""https://lrcostahomes.com/wp-content/uploads/2026/07/01042025-2I4A7220-HDR-1240x720.jpg"", ""https://lrcostahomes.com/wp-content/uploads/2026/07/01042025-2I4A7223-HDR-1240x720.jpg"", ""https://lrcostahomes.com/wp-content/uploads/2026/07/01042025-2I4A7229-HDR-1240x720.jpg"", ""https://lrcostahomes.com/wp-content/uploads/2026/07/01042025-2I4A7232-HDR-1240x720.jpg"", ""https://lrcostahomes.com/wp-content/uploads/2026/07/01042025-2I4A7235-HDR-1240x720.jpg"", ""https://lrcostahomes.com/wp-content/uploads/2026/07/01042025-2I4A7238-HDR-1240x720.jpg"", ""https://lrcostahomes.com/wp-content/uploads/2026/07/01042025-2I4A7241-HDR-1240x720.jpg"", ""https://lrcostahomes.com/wp-content/uploads/2026/07/01042025-2I4A7244-HDR-1240x720.jpg"", ""https://lrcostahomes.com/wp-content/uploads/2026/07/01042025-2I4A7247-HDR-1240x720.jpg"", ""https://lrcostahomes.com/wp-content/uploads/2026/07/01042025-2I4A7250-HDR-1240x720.jpg"", ""https://lrcostahomes.com/wp-content/uploads/2026/07/01042025-2I4A7253-HDR-1240x720.jpg"", ""https://lrcostahomes.com/wp-content/uploads/2026/07/01042025-2I4A7256-HDR-1240x720.jpg"", ""https://lrcostahomes.com/wp-content/uploads/2026/07/01042025-2I4A7259-HDR-1240x720.jpg"", ""https://lrcostahomes.com/wp-content/uploads/2026/07/01042025-2I4A7262-HDR-1240x720.jpg"", ""https://lrcostahomes.com/wp-content/uploads/2026/07/01042025-2I4A7265-HDR-1240x720.jpg"", ""https://lrcostahomes.com/wp-content/uploads/2026/07/01042025-2I4A7271-HDR-1240x720.jpg"", ""https://lrcostahomes.com/wp-content/uploads/2026/07/01042025-2I4A7274-HDR-1240x720.jpg"", ""https://lrcostahomes.com/wp-content/uploads/2026/07/01042025-2I4A7279-HDR-1240x720.jpg"", ""https://lrcostahomes.com/wp-content/uploads/2026/07/29032025-DJI_0561-1240x720.jpg"", ""https://lrcostahomes.com/wp-content/uploads/2026/07/29032025-DJI_0571-1240x720.jpg""]";Importada de LRCostaHomes;draft;capture;;https://lrcostahomes.com/es/property/villas-4/;ref;MARTINEZ
Villas;villas;Orihuela;Torre Pacheco;Torre Pacheco;Murcia;España;Villa;Obra Nueva € 314.900;314900;de;Obra Nueva € 314.900;https://lrcostahomes.com/es/property/villas-3/;0;3;2;193;Villas con una superficie construida…;https://lrcostahomes.com/wp-content/uploads/2026/04/l-r-costa-homes-513.png;"[""https://lrcostahomes.com/wp-content/uploads/2026/04/l-r-costa-homes-513.png"", ""https://lrcostahomes.com/wp-content/uploads/2026/04/l-r-costa-homes-511.png"", ""https://lrcostahomes.com/wp-content/uploads/2026/07/1-37-1240x720.jpg"", ""https://lrcostahomes.com/wp-content/uploads/2026/07/2-10-1240x720.jpg"", ""https://lrcostahomes.com/wp-content/uploads/2026/07/3-10-1240x720.jpg"", ""https://lrcostahomes.com/wp-content/uploads/2026/07/4-9-1240x720.jpg"", ""https://lrcostahomes.com/wp-content/uploads/2026/07/5-9-1240x720.jpg"", ""https://lrcostahomes.com/wp-content/uploads/2026/07/6-9-1240x720.jpg"", ""https://lrcostahomes.com/wp-content/uploads/2026/07/7-13-1240x720.jpg"", ""https://lrcostahomes.com/wp-content/uploads/2026/07/8-8-1240x720.jpg"", ""https://lrcostahomes.com/wp-content/uploads/2026/07/1-37-488x326.jpg"", ""https://lrcostahomes.com/wp-content/uploads/2026/07/2-10-488x326.jpg"", ""https://lrcostahomes.com/wp-content/uploads/2026/07/3-10-488x326.jpg"", ""https://lrcostahomes.com/wp-content/uploads/2026/07/4-9-488x326.jpg"", ""https://lrcostahomes.com/wp-content/uploads/2026/07/5-9-488x326.jpg"", ""https://lrcostahomes.com/wp-content/uploads/2026/07/6-9-488x326.jpg"", ""https://lrcostahomes.com/wp-content/uploads/2026/07/7-13-488x326.jpg"", ""https://lrcostahomes.com/wp-content/uploads/2026/07/8-8-488x326.jpg"", ""https://lrcostahomes.com/wp-content/uploads/2026/07/4-4-680x510.jpeg"", ""https://lrcostahomes.com/wp-content/uploads/2026/07/WhatsApp-Image-2026-07-09-at-14.13.21-3-680x510.jpeg""]";Importada de LRCostaHomes;draft;capture;;https://lrcostahomes.com/es/property/villas-3/;ref;MARTINEZ
Villas;villas;Orihuela;Torre Pacheco;Torre Pacheco;Murcia;España;Villa;Obra Nueva € 259.900;259900;de;Obra Nueva € 259.900;https://lrcostahomes.com/es/property/villas-2/;0;3;2;88;Villas con una superficie construida…;https://lrcostahomes.com/wp-content/uploads/2026/04/l-r-costa-homes-513.png;"[""https://lrcostahomes.com/wp-content/uploads/2026/04/l-r-costa-homes-513.png"", ""https://lrcostahomes.com/wp-content/uploads/2026/04/l-r-costa-homes-511.png"", ""https://lrcostahomes.com/wp-content/uploads/2026/07/1-36-1240x720.jpg"", ""https://lrcostahomes.com/wp-content/uploads/2026/07/3-9-1240x720.jpg"", ""https://lrcostahomes.com/wp-content/uploads/2026/07/4-8-1240x720.jpg"", ""https://lrcostahomes.com/wp-content/uploads/2026/07/5-8-1240x720.jpg"", ""https://lrcostahomes.com/wp-content/uploads/2026/07/6-8-1240x720.jpg"", ""https://lrcostahomes.com/wp-content/uploads/2026/07/7-12-1240x720.jpg"", ""https://lrcostahomes.com/wp-content/uploads/2026/07/8-7-1240x720.jpg"", ""https://lrcostahomes.com/wp-content/uploads/2026/07/2-9-1240x720.jpg"", ""https://lrcostahomes.com/wp-content/uploads/2026/07/1-36-488x326.jpg"", ""https://lrcostahomes.com/wp-content/uploads/2026/07/3-9-488x326.jpg"", ""https://lrcostahomes.com/wp-content/uploads/2026/07/4-8-488x326.jpg"", ""https://lrcostahomes.com/wp-content/uploads/2026/07/5-8-488x326.jpg"", ""https://lrcostahomes.com/wp-content/uploads/2026/07/6-8-488x326.jpg"", ""https://lrcostahomes.com/wp-content/uploads/2026/07/7-12-488x326.jpg"", ""https://lrcostahomes.com/wp-content/uploads/2026/07/8-7-488x326.jpg"", ""https://lrcostahomes.com/wp-content/uploads/2026/07/2-9-488x326.jpg"", ""https://lrcostahomes.com/wp-content/uploads/2026/04/FOTO-GENERAL-FACHADA-Y-PISCINA-100-680x510.jpeg"", ""https://lrcostahomes.com/wp-content/uploads/2026/09/1-Apt-680x510.jpg""]";Importada de LRCostaHomes;draft;capture;;https://lrcostahomes.com/es/property/villas-2/;ref;MARTINEZ
Villa Independiente;villa-independiente;Orihuela;Orihuela;Orihuela;Murcia;España;Villa;En venta € 397.000;397000;de;En venta € 397.000;https://lrcostahomes.com/es/property/detached-villa-8/;0;3;2;94;Excepcional casa de 3 dormitorios y 2 baños…;https://lrcostahomes.com/wp-content/uploads/2026/04/l-r-costa-homes-513.png;"[""https://lrcostahomes.com/wp-content/uploads/2026/04/l-r-costa-homes-513.png"", ""https://lrcostahomes.com/wp-content/uploads/2026/04/l-r-costa-homes-511.png"", ""https://lrcostahomes.com/wp-content/uploads/2026/07/WhatsApp-Image-2026-07-10-at-16.40.08-4-1240x720.jpeg"", ""https://lrcostahomes.com/wp-content/uploads/2026/07/WhatsApp-Image-2026-07-10-at-16.40.08-6-1240x720.jpeg"", ""https://lrcostahomes.com/wp-content/uploads/2026/07/WhatsApp-Image-2026-07-10-at-16.40.07-5-1240x720.jpeg"", ""https://lrcostahomes.com/wp-content/uploads/2026/07/WhatsApp-Image-2026-07-10-at-16.40.07-2-1240x720.jpeg"", ""https://lrcostahomes.com/wp-content/uploads/2026/07/WhatsApp-Image-2026-07-10-at-16.40.08-5-1240x720.jpeg"", ""https://lrcostahomes.com/wp-content/uploads/2026/07/WhatsApp-Image-2026-07-10-at-16.40.07-4-1240x720.jpeg"", ""https://lrcostahomes.com/wp-content/uploads/2026/07/WhatsApp-Image-2026-07-10-at-16.40.07-1-1240x720.jpeg"", ""https://lrcostahomes.com/wp-content/uploads/2026/07/WhatsApp-Image-2026-07-10-at-16.40.08-8-1240x720.jpeg"", ""https://lrcostahomes.com/wp-content/uploads/2026/07/WhatsApp-Image-2026-07-10-at-16.40.08-1240x720.jpeg"", ""https://lrcostahomes.com/wp-content/uploads/2026/07/WhatsApp-Image-2026-07-10-at-16.40.07-3-1240x720.jpeg"", ""https://lrcostahomes.com/wp-content/uploads/2026/07/WhatsApp-Image-2026-07-10-at-16.40.07-6-1240x720.jpeg"", ""https://lrcostahomes.com/wp-content/uploads/2026/07/WhatsApp-Image-2026-07-10-at-16.40.07-1240x720.jpeg"", ""https://lrcostahomes.com/wp-content/uploads/2026/07/WhatsApp-Image-2026-07-10-at-16.40.08-1-1240x720.jpeg"", ""https://lrcostahomes.com/wp-content/uploads/2026/07/WhatsApp-Image-2026-07-10-at-16.40.08-3-1240x720.jpeg"", ""https://lrcostahomes.com/wp-content/uploads/2026/07/WhatsApp-Image-2026-07-10-at-16.40.08-7-1240x720.jpeg"", ""https://lrcostahomes.com/wp-content/uploads/2026/07/WhatsApp-Image-2026-07-10-at-16.40.08-2-1240x720.jpeg"", ""https://lrcostahomes.com/wp-content/uploads/2026/07/WhatsApp-Image-2026-07-10-at-16.40.08-4-488x326.jpeg"", ""https://lrcostahomes.com/wp-content/uploads/2026/07/WhatsApp-Image-2026-07-10-at-16.40.08-6-488x326.jpeg"", ""https://lrcostahomes.com/wp-content/uploads/2026/07/WhatsApp-Image-2026-07-10-at-16.40.07-5-488x326.jpeg"", ""https://lrcostahomes.com/wp-content/uploads/2026/07/WhatsApp-Image-2026-07-10-at-16.40.07-2-488x326.jpeg"", ""https://lrcostahomes.com/wp-content/uploads/2026/07/WhatsApp-Image-2026-07-10-at-16.40.08-5-488x326.jpeg"", ""https://lrcostahomes.com/wp-content/uploads/2026/07/WhatsApp-Image-2026-07-10-at-16.40.07-4-488x326.jpeg"", ""https://lrcostahomes.com/wp-content/uploads/2026/07/WhatsApp-Image-2026-07-10-at-16.40.07-1-488x326.jpeg"", ""https://lrcostahomes.com/wp-content/uploads/2026/07/WhatsApp-Image-2026-07-10-at-16.40.08-8-488x326.jpeg"", ""https://lrcostahomes.com/wp-content/uploads/2026/07/WhatsApp-Image-2026-07-10-at-16.40.08-488x326.jpeg"", ""https://lrcostahomes.com/wp-content/uploads/2026/07/WhatsApp-Image-2026-07-10-at-16.40.07-3-488x326.jpeg"", ""https://lrcostahomes.com/wp-content/uploads/2026/07/WhatsApp-Image-2026-07-10-at-16.40.07-6-488x326.jpeg"", ""https://lrcostahomes.com/wp-content/uploads/2026/07/WhatsApp-Image-2026-07-10-at-16.40.07-488x326.jpeg""]";Importada de LRCostaHomes;draft;capture;;https://lrcostahomes.com/es/property/detached-villa-8/;ref;MARTINEZ
Villa;villa;Orihuela;Orihuela;Orihuela;Murcia;España;Villa;En venta € 415.000;415000;de;En venta € 415.000;https://lrcostahomes.com/es/property/villa-6/;0;4;2;144;Ubicado en la tranquila y…;https://lrcostahomes.com/wp-content/uploads/2026/04/l-r-costa-homes-513.png;"[""https://lrcostahomes.com/wp-content/uploads/2026/04/l-r-costa-homes-513.png"", ""https://lrcostahomes.com/wp-content/uploads/2026/04/l-r-costa-homes-511.png"", ""https://lrcostahomes.com/wp-content/uploads/2026/07/WhatsApp-Image-2026-07-10-at-14.01.48-1-1240x720.jpeg"", ""https://lrcostahomes.com/wp-content/uploads/2026/07/WhatsApp-Image-2026-07-10-at-14.01.48-11-1240x720.jpeg"", ""https://lrcostahomes.com/wp-content/uploads/2026/07/WhatsApp-Image-2026-07-10-at-14.01.48-10-1240x720.jpeg"", ""https://lrcostahomes.com/wp-content/uploads/2026/07/WhatsApp-Image-2026-07-10-at-14.01.48-5-1240x720.jpeg"", ""https://lrcostahomes.com/wp-content/uploads/2026/07/WhatsApp-Image-2026-07-10-at-14.01.47-1-1240x720.jpeg"", ""https://lrcostahomes.com/wp-content/uploads/2026/07/WhatsApp-Image-2026-07-10-at-14.01.48-8-1240x720.jpeg"", ""https://lrcostahomes.com/wp-content/uploads/2026/07/WhatsApp-Image-2026-07-10-at-14.01.48-6-1240x720.jpeg"", ""https://lrcostahomes.com/wp-content/uploads/2026/07/WhatsApp-Image-2026-07-10-at-14.01.47-2-1240x720.jpeg"", ""https://lrcostahomes.com/wp-content/uploads/2026/07/WhatsApp-Image-2026-07-10-at-14.01.47-3-1240x720.jpeg"", ""https://lrcostahomes.com/wp-content/uploads/2026/07/WhatsApp-Image-2026-07-10-at-14.01.47-1240x720.jpeg"", ""https://lrcostahomes.com/wp-content/uploads/2026/07/WhatsApp-Image-2026-07-10-at-14.01.48-2-1240x720.jpeg"", ""https://lrcostahomes.com/wp-content/uploads/2026/07/WhatsApp-Image-2026-07-10-at-14.01.48-3-1240x720.jpeg"", ""https://lrcostahomes.com/wp-content/uploads/2026/07/WhatsApp-Image-2026-07-10-at-14.01.48-4-1240x720.jpeg"", ""https://lrcostahomes.com/wp-content/uploads/2026/07/WhatsApp-Image-2026-07-10-at-14.01.48-7-1240x720.jpeg"", ""https://lrcostahomes.com/wp-content/uploads/2026/07/WhatsApp-Image-2026-07-10-at-14.01.48-1240x720.jpeg"", ""https://lrcostahomes.com/wp-content/uploads/2026/07/WhatsApp-Image-2026-07-10-at-14.01.48-9-1240x720.jpeg"", ""https://lrcostahomes.com/wp-content/uploads/2026/07/WhatsApp-Image-2026-07-10-at-14.01.48-1-488x326.jpeg"", ""https://lrcostahomes.com/wp-content/uploads/2026/07/WhatsApp-Image-2026-07-10-at-14.01.48-11-488x326.jpeg"", ""https://lrcostahomes.com/wp-content/uploads/2026/07/WhatsApp-Image-2026-07-10-at-14.01.48-10-488x326.jpeg"", ""https://lrcostahomes.com/wp-content/uploads/2026/07/WhatsApp-Image-2026-07-10-at-14.01.48-5-488x326.jpeg"", ""https://lrcostahomes.com/wp-content/uploads/2026/07/WhatsApp-Image-2026-07-10-at-14.01.47-1-488x326.jpeg"", ""https://lrcostahomes.com/wp-content/uploads/2026/07/WhatsApp-Image-2026-07-10-at-14.01.48-8-488x326.jpeg"", ""https://lrcostahomes.com/wp-content/uploads/2026/07/WhatsApp-Image-2026-07-10-at-14.01.48-6-488x326.jpeg"", ""https://lrcostahomes.com/wp-content/uploads/2026/07/WhatsApp-Image-2026-07-10-at-14.01.47-2-488x326.jpeg"", ""https://lrcostahomes.com/wp-content/uploads/2026/07/WhatsApp-Image-2026-07-10-at-14.01.47-3-488x326.jpeg"", ""https://lrcostahomes.com/wp-content/uploads/2026/07/WhatsApp-Image-2026-07-10-at-14.01.47-488x326.jpeg"", ""https://lrcostahomes.com/wp-content/uploads/2026/07/WhatsApp-Image-2026-07-10-at-14.01.48-2-488x326.jpeg"", ""https://lrcostahomes.com/wp-content/uploads/2026/07/WhatsApp-Image-2026-07-10-at-14.01.48-3-488x326.jpeg""]";Importada de LRCostaHomes;draft;capture;;https://lrcostahomes.com/es/property/villa-6/;ref;MARTINEZ
Villa Independiente;villa-independiente;Orihuela;Orihuela;Orihuela;Murcia;España;Villa;En venta € 325.000;325000;de;En venta € 325.000;https://lrcostahomes.com/es/property/detached-villa-7/;0;3;2;95;Impresionante villa independiente con orientación sur en…;https://lrcostahomes.com/wp-content/uploads/2026/04/l-r-costa-homes-513.png;"[""https://lrcostahomes.com/wp-content/uploads/2026/04/l-r-costa-homes-513.png"", ""https://lrcostahomes.com/wp-content/uploads/2026/04/l-r-costa-homes-511.png"", ""https://lrcostahomes.com/wp-content/uploads/2026/07/WhatsApp-Image-2026-07-10-at-13.01.25-1240x720.jpeg"", ""https://lrcostahomes.com/wp-content/uploads/2026/07/WhatsApp-Image-2026-07-10-at-13.01.26-1240x720.jpeg"", ""https://lrcostahomes.com/wp-content/uploads/2026/07/WhatsApp-Image-2026-07-10-at-13.01.25-1-1240x720.jpeg"", ""https://lrcostahomes.com/wp-content/uploads/2026/07/WhatsApp-Image-2026-07-10-at-13.01.26-6-1240x720.jpeg"", ""https://lrcostahomes.com/wp-content/uploads/2026/07/WhatsApp-Image-2026-07-10-at-13.01.26-2-1240x720.jpeg"", ""https://lrcostahomes.com/wp-content/uploads/2026/07/WhatsApp-Image-2026-07-10-at-13.01.26-3-1240x720.jpeg"", ""https://lrcostahomes.com/wp-content/uploads/2026/07/WhatsApp-Image-2026-07-10-at-13.01.26-8-1240x720.jpeg"", ""https://lrcostahomes.com/wp-content/uploads/2026/07/WhatsApp-Image-2026-07-10-at-13.01.25-3-1240x720.jpeg"", ""https://lrcostahomes.com/wp-content/uploads/2026/07/WhatsApp-Image-2026-07-10-at-13.01.25-4-1240x720.jpeg"", ""https://lrcostahomes.com/wp-content/uploads/2026/07/WhatsApp-Image-2026-07-10-at-13.01.26-7-1240x720.jpeg"", ""https://lrcostahomes.com/wp-content/uploads/2026/07/WhatsApp-Image-2026-07-10-at-13.01.25-5-1240x720.jpeg"", ""https://lrcostahomes.com/wp-content/uploads/2026/07/WhatsApp-Image-2026-07-10-at-13.01.25-6-1240x720.jpeg"", ""https://lrcostahomes.com/wp-content/uploads/2026/07/WhatsApp-Image-2026-07-10-at-13.01.25-7-1240x720.jpeg"", ""https://lrcostahomes.com/wp-content/uploads/2026/07/WhatsApp-Image-2026-07-10-at-13.01.25-2.jpeg"", ""https://lrcostahomes.com/wp-content/uploads/2026/07/WhatsApp-Image-2026-07-10-at-13.01.26-1-1240x720.jpeg"", ""https://lrcostahomes.com/wp-content/uploads/2026/07/WhatsApp-Image-2026-07-10-at-13.01.26-5-1240x720.jpeg"", ""https://lrcostahomes.com/wp-content/uploads/2026/07/WhatsApp-Image-2026-07-10-at-13.01.26-4-1240x720.jpeg"", ""https://lrcostahomes.com/wp-content/uploads/2026/07/WhatsApp-Image-2026-07-10-at-13.01.25-488x326.jpeg"", ""https://lrcostahomes.com/wp-content/uploads/2026/07/WhatsApp-Image-2026-07-10-at-13.01.26-488x326.jpeg"", ""https://lrcostahomes.com/wp-content/uploads/2026/07/WhatsApp-Image-2026-07-10-at-13.01.25-1-488x326.jpeg"", ""https://lrcostahomes.com/wp-content/uploads/2026/07/WhatsApp-Image-2026-07-10-at-13.01.26-6-488x326.jpeg"", ""https://lrcostahomes.com/wp-content/uploads/2026/07/WhatsApp-Image-2026-07-10-at-13.01.26-2-488x326.jpeg"", ""https://lrcostahomes.com/wp-content/uploads/2026/07/WhatsApp-Image-2026-07-10-at-13.01.26-3-488x326.jpeg"", ""https://lrcostahomes.com/wp-content/uploads/2026/07/WhatsApp-Image-2026-07-10-at-13.01.26-8-488x326.jpeg"", ""https://lrcostahomes.com/wp-content/uploads/2026/07/WhatsApp-Image-2026-07-10-at-13.01.25-3-488x326.jpeg"", ""https://lrcostahomes.com/wp-content/uploads/2026/07/WhatsApp-Image-2026-07-10-at-13.01.25-4-488x326.jpeg"", ""https://lrcostahomes.com/wp-content/uploads/2026/07/WhatsApp-Image-2026-07-10-at-13.01.26-7-488x326.jpeg"", ""https://lrcostahomes.com/wp-content/uploads/2026/07/WhatsApp-Image-2026-07-10-at-13.01.25-5-488x326.jpeg""]";Importada de LRCostaHomes;draft;capture;;https://lrcostahomes.com/es/property/detached-villa-7/;ref;MARTINEZ
Villa Independiente;villa-independiente;Orihuela;Orihuela;Orihuela;Murcia;España;Villa;En venta € 315.000;315000;de;En venta € 315.000;https://lrcostahomes.com/es/property/detached-villa-6/;0;3;2;94;Esta impresionante casa unifamiliar de tres dormitorios y dos baños…;https://lrcostahomes.com/wp-content/uploads/2026/04/l-r-costa-homes-513.png;"[""https://lrcostahomes.com/wp-content/uploads/2026/04/l-r-costa-homes-513.png"", ""https://lrcostahomes.com/wp-content/uploads/2026/04/l-r-costa-homes-511.png"", ""https://lrcostahomes.com/wp-content/uploads/2026/07/WhatsApp-Image-2026-07-09-at-14.13.21-3-1240x720.jpeg"", ""https://lrcostahomes.com/wp-content/uploads/2026/07/WhatsApp-Image-2026-07-09-at-14.13.21-5-1240x720.jpeg"", ""https://lrcostahomes.com/wp-content/uploads/2026/07/WhatsApp-Image-2026-07-09-at-14.13.20-5-1240x720.jpeg"", ""https://lrcostahomes.com/wp-content/uploads/2026/07/WhatsApp-Image-2026-07-09-at-14.13.20-2-1240x720.jpeg"", ""https://lrcostahomes.com/wp-content/uploads/2026/07/WhatsApp-Image-2026-07-09-at-14.13.22-1240x720.jpeg"", ""https://lrcostahomes.com/wp-content/uploads/2026/07/WhatsApp-Image-2026-07-09-at-14.13.21-9-1240x720.jpeg"", ""https://lrcostahomes.com/wp-content/uploads/2026/07/WhatsApp-Image-2026-07-09-at-14.13.21-1240x720.jpeg"", ""https://lrcostahomes.com/wp-content/uploads/2026/07/WhatsApp-Image-2026-07-09-at-14.13.20-3-1240x720.jpeg"", ""https://lrcostahomes.com/wp-content/uploads/2026/07/WhatsApp-Image-2026-07-09-at-14.13.20-4-1240x720.jpeg"", ""https://lrcostahomes.com/wp-content/uploads/2026/07/WhatsApp-Image-2026-07-09-at-14.13.20-1240x720.jpeg"", ""https://lrcostahomes.com/wp-content/uploads/2026/07/WhatsApp-Image-2026-07-09-at-14.13.20-6-1240x720.jpeg"", ""https://lrcostahomes.com/wp-content/uploads/2026/07/WhatsApp-Image-2026-07-09-at-14.13.21-1-1240x720.jpeg"", ""https://lrcostahomes.com/wp-content/uploads/2026/07/WhatsApp-Image-2026-07-09-at-14.13.21-2-1240x720.jpeg"", ""https://lrcostahomes.com/wp-content/uploads/2026/07/WhatsApp-Image-2026-07-09-at-14.13.21-4-1240x720.jpeg"", ""https://lrcostahomes.com/wp-content/uploads/2026/07/WhatsApp-Image-2026-07-09-at-14.13.21-7-1240x720.jpeg"", ""https://lrcostahomes.com/wp-content/uploads/2026/07/WhatsApp-Image-2026-07-09-at-14.13.21-8-1240x720.jpeg"", ""https://lrcostahomes.com/wp-content/uploads/2026/07/WhatsApp-Image-2026-07-09-at-14.13.21-6-1240x720.jpeg"", ""https://lrcostahomes.com/wp-content/uploads/2026/07/WhatsApp-Image-2026-07-09-at-14.13.21-3-488x326.jpeg"", ""https://lrcostahomes.com/wp-content/uploads/2026/07/WhatsApp-Image-2026-07-09-at-14.13.21-5-488x326.jpeg"", ""https://lrcostahomes.com/wp-content/uploads/2026/07/WhatsApp-Image-2026-07-09-at-14.13.20-5-488x326.jpeg"", ""https://lrcostahomes.com/wp-content/uploads/2026/07/WhatsApp-Image-2026-07-09-at-14.13.20-2-488x326.jpeg"", ""https://lrcostahomes.com/wp-content/uploads/2026/07/WhatsApp-Image-2026-07-09-at-14.13.22-488x326.jpeg"", ""https://lrcostahomes.com/wp-content/uploads/2026/07/WhatsApp-Image-2026-07-09-at-14.13.21-9-488x326.jpeg"", ""https://lrcostahomes.com/wp-content/uploads/2026/07/WhatsApp-Image-2026-07-09-at-14.13.21-488x326.jpeg"", ""https://lrcostahomes.com/wp-content/uploads/2026/07/WhatsApp-Image-2026-07-09-at-14.13.20-3-488x326.jpeg"", ""https://lrcostahomes.com/wp-content/uploads/2026/07/WhatsApp-Image-2026-07-09-at-14.13.20-4-488x326.jpeg"", ""https://lrcostahomes.com/wp-content/uploads/2026/07/WhatsApp-Image-2026-07-09-at-14.13.20-488x326.jpeg"", ""https://lrcostahomes.com/wp-content/uploads/2026/07/WhatsApp-Image-2026-07-09-at-14.13.20-6-488x326.jpeg""]";Importada de LRCostaHomes;draft;capture;;https://lrcostahomes.com/es/property/detached-villa-6/;ref;MARTINEZ
Villa;villa;Orihuela;Alicante;Alicante;Alicante;España;Villa;En venta € 339.000;339000;de;En venta € 339.000;https://lrcostahomes.com/es/property/villa-5/;0;4;2;93;Esta villa independiente en buen estado de conservación es…;https://lrcostahomes.com/wp-content/uploads/2026/04/l-r-costa-homes-513.png;"[""https://lrcostahomes.com/wp-content/uploads/2026/04/l-r-costa-homes-513.png"", ""https://lrcostahomes.com/wp-content/uploads/2026/04/l-r-costa-homes-511.png"", ""https://lrcostahomes.com/wp-content/uploads/2026/07/1-22-2-1240x720.jpg"", ""https://lrcostahomes.com/wp-content/uploads/2026/07/1-20-2-1240x720.jpg"", ""https://lrcostahomes.com/wp-content/uploads/2026/07/1-2-2-1240x720.jpg"", ""https://lrcostahomes.com/wp-content/uploads/2026/07/1-1-2-1240x720.jpg"", ""https://lrcostahomes.com/wp-content/uploads/2026/07/1-3-2-1240x720.jpg"", ""https://lrcostahomes.com/wp-content/uploads/2026/07/1-4-2-1240x720.jpg"", ""https://lrcostahomes.com/wp-content/uploads/2026/07/1-5-2-1240x720.jpg"", ""https://lrcostahomes.com/wp-content/uploads/2026/07/1-6-2-1240x720.jpg"", ""https://lrcostahomes.com/wp-content/uploads/2026/07/1-7-2-1240x720.jpg"", ""https://lrcostahomes.com/wp-content/uploads/2026/07/1-8-2-1240x720.jpg"", ""https://lrcostahomes.com/wp-content/uploads/2026/07/1-10-2-1240x720.jpg"", ""https://lrcostahomes.com/wp-content/uploads/2026/07/1-11-2-1240x720.jpg"", ""https://lrcostahomes.com/wp-content/uploads/2026/07/1-12-2-1240x720.jpg"", ""https://lrcostahomes.com/wp-content/uploads/2026/07/1-13-2-1240x720.jpg"", ""https://lrcostahomes.com/wp-content/uploads/2026/07/1-14-2-1240x720.jpg"", ""https://lrcostahomes.com/wp-content/uploads/2026/07/1-15-2-1240x720.jpg"", ""https://lrcostahomes.com/wp-content/uploads/2026/07/1-16-2-1240x720.jpg"", ""https://lrcostahomes.com/wp-content/uploads/2026/07/1-17-2-1240x720.jpg"", ""https://lrcostahomes.com/wp-content/uploads/2026/07/1-18-2-1240x720.jpg"", ""https://lrcostahomes.com/wp-content/uploads/2026/07/1-25-1-1240x720.jpg"", ""https://lrcostahomes.com/wp-content/uploads/2026/07/1-21-2-1240x720.jpg"", ""https://lrcostahomes.com/wp-content/uploads/2026/07/1-23-2-1240x720.jpg"", ""https://lrcostahomes.com/wp-content/uploads/2026/07/1-24-2-1240x720.jpg"", ""https://lrcostahomes.com/wp-content/uploads/2026/07/1-19-2-1240x720.jpg"", ""https://lrcostahomes.com/wp-content/uploads/2026/07/1-22-2-488x326.jpg"", ""https://lrcostahomes.com/wp-content/uploads/2026/07/1-20-2-488x326.jpg"", ""https://lrcostahomes.com/wp-content/uploads/2026/07/1-2-2-488x326.jpg"", ""https://lrcostahomes.com/wp-content/uploads/2026/07/1-1-2-488x326.jpg""]";Importada de LRCostaHomes;draft;capture;;https://lrcostahomes.com/es/property/villa-5/;ref;MARTINEZ
Villa independiente;villa-independiente;Orihuela;Alicante;Alicante;Alicante;España;Villa;En venta € 359.000;359000;de;En venta € 359.000;https://lrcostahomes.com/es/property/detached-villa-5/;0;3;2;115;Villa independiente ubicada en Benijófar,…;https://lrcostahomes.com/wp-content/uploads/2026/04/l-r-costa-homes-513.png;"[""https://lrcostahomes.com/wp-content/uploads/2026/04/l-r-costa-homes-513.png"", ""https://lrcostahomes.com/wp-content/uploads/2026/04/l-r-costa-homes-511.png"", ""https://lrcostahomes.com/wp-content/uploads/2026/07/13027_resale-villa-benijofar-benijofar_171449_xl-1240x720.jpg"", ""https://lrcostahomes.com/wp-content/uploads/2026/07/13027_resale-villa-benijofar-benijofar_171451_xl-1240x720.jpg"", ""https://lrcostahomes.com/wp-content/uploads/2026/07/13027_resale-villa-benijofar-benijofar_171443_xl-1240x720.jpg"", ""https://lrcostahomes.com/wp-content/uploads/2026/07/13027_resale-villa-benijofar-benijofar_171444_xl-1240x720.jpg"", ""https://lrcostahomes.com/wp-content/uploads/2026/07/13027_resale-villa-benijofar-benijofar_171431_xl-1240x720.jpg"", ""https://lrcostahomes.com/wp-content/uploads/2026/07/13027_resale-villa-benijofar-benijofar_171432_xl-1240x720.jpg"", ""https://lrcostahomes.com/wp-content/uploads/2026/07/13027_resale-villa-benijofar-benijofar_171434_xl-1240x720.jpg"", ""https://lrcostahomes.com/wp-content/uploads/2026/07/13027_resale-villa-benijofar-benijofar_171436_xl-1240x720.jpg"", ""https://lrcostahomes.com/wp-content/uploads/2026/07/13027_resale-villa-benijofar-benijofar_171437_xl-1240x720.jpg"", ""https://lrcostahomes.com/wp-content/uploads/2026/07/13027_resale-villa-benijofar-benijofar_171438_xl-1240x720.jpg"", ""https://lrcostahomes.com/wp-content/uploads/2026/07/13027_resale-villa-benijofar-benijofar_171439_xl-1240x720.jpg"", ""https://lrcostahomes.com/wp-content/uploads/2026/07/13027_resale-villa-benijofar-benijofar_171440_xl-1240x720.jpg"", ""https://lrcostahomes.com/wp-content/uploads/2026/07/13027_resale-villa-benijofar-benijofar_171441_xl-1240x720.jpg"", ""https://lrcostahomes.com/wp-content/uploads/2026/07/13027_resale-villa-benijofar-benijofar_171445_xl-1240x720.jpg"", ""https://lrcostahomes.com/wp-content/uploads/2026/07/13027_resale-villa-benijofar-benijofar_171446_xl-1240x720.jpg"", ""https://lrcostahomes.com/wp-content/uploads/2026/07/13027_resale-villa-benijofar-benijofar_171448_xl-1240x720.jpg"", ""https://lrcostahomes.com/wp-content/uploads/2026/07/13027_resale-villa-benijofar-benijofar_171453_xl-1240x720.jpg"", ""https://lrcostahomes.com/wp-content/uploads/2026/07/13027_resale-villa-benijofar-benijofar_171455_xl-1240x720.jpg"", ""https://lrcostahomes.com/wp-content/uploads/2026/07/13027_resale-villa-benijofar-benijofar_171447_xl-1240x720.jpg"", ""https://lrcostahomes.com/wp-content/uploads/2026/07/13027_resale-villa-benijofar-benijofar_171449_xl-488x326.jpg"", ""https://lrcostahomes.com/wp-content/uploads/2026/07/13027_resale-villa-benijofar-benijofar_171451_xl-488x326.jpg"", ""https://lrcostahomes.com/wp-content/uploads/2026/07/13027_resale-villa-benijofar-benijofar_171443_xl-488x326.jpg"", ""https://lrcostahomes.com/wp-content/uploads/2026/07/13027_resale-villa-benijofar-benijofar_171444_xl-488x326.jpg"", ""https://lrcostahomes.com/wp-content/uploads/2026/07/13027_resale-villa-benijofar-benijofar_171431_xl-488x326.jpg"", ""https://lrcostahomes.com/wp-content/uploads/2026/07/13027_resale-villa-benijofar-benijofar_171432_xl-488x326.jpg"", ""https://lrcostahomes.com/wp-content/uploads/2026/07/13027_resale-villa-benijofar-benijofar_171434_xl-488x326.jpg"", ""https://lrcostahomes.com/wp-content/uploads/2026/07/13027_resale-villa-benijofar-benijofar_171436_xl-488x326.jpg"", ""https://lrcostahomes.com/wp-content/uploads/2026/07/13027_resale-villa-benijofar-benijofar_171437_xl-488x326.jpg""]";Importada de LRCostaHomes;draft;capture;;https://lrcostahomes.com/es/property/detached-villa-5/;ref;MARTINEZ
Villa;villa;Orihuela;Alicante;Alicante;Alicante;España;Villa;En venta € 376.000;376000;de;En venta € 376.000;https://lrcostahomes.com/es/property/villa-4/;0;4;3;186;Villa con piscina privada en…;https://lrcostahomes.com/wp-content/uploads/2026/04/l-r-costa-homes-513.png;"[""https://lrcostahomes.com/wp-content/uploads/2026/04/l-r-costa-homes-513.png"", ""https://lrcostahomes.com/wp-content/uploads/2026/04/l-r-costa-homes-511.png"", ""https://lrcostahomes.com/wp-content/uploads/2026/07/reventa-chale-independiente-villa-ciudad-quesada-quesada-centro_47842_xl-1240x720.jpg"", ""https://lrcostahomes.com/wp-content/uploads/2026/07/reventa-chale-independiente-villa-ciudad-quesada-quesada-centro_47843_xl-1240x720.jpg"", ""https://lrcostahomes.com/wp-content/uploads/2026/07/reventa-chale-independiente-villa-ciudad-quesada-quesada-centro_47815_xl-1240x720.jpg"", ""https://lrcostahomes.com/wp-content/uploads/2026/07/reventa-chale-independiente-villa-ciudad-quesada-quesada-centro_47839_xl-1240x720.jpg"", ""https://lrcostahomes.com/wp-content/uploads/2026/07/reventa-chale-independiente-villa-ciudad-quesada-quesada-centro_47810_xl-1240x720.jpg"", ""https://lrcostahomes.com/wp-content/uploads/2026/07/reventa-chale-independiente-villa-ciudad-quesada-quesada-centro_47812_xl-1240x720.jpg"", ""https://lrcostahomes.com/wp-content/uploads/2026/07/reventa-chale-independiente-villa-ciudad-quesada-quesada-centro_47813_xl-1240x720.jpg"", ""https://lrcostahomes.com/wp-content/uploads/2026/07/reventa-chale-independiente-villa-ciudad-quesada-quesada-centro_47814_xl-1240x720.jpg"", ""https://lrcostahomes.com/wp-content/uploads/2026/07/reventa-chale-independiente-villa-ciudad-quesada-quesada-centro_47817_xl-1240x720.jpg"", ""https://lrcostahomes.com/wp-content/uploads/2026/07/reventa-chale-independiente-villa-ciudad-quesada-quesada-centro_47818_xl-1240x720.jpg"", ""https://lrcostahomes.com/wp-content/uploads/2026/07/reventa-chale-independiente-villa-ciudad-quesada-quesada-centro_47819_xl-1240x720.jpg"", ""https://lrcostahomes.com/wp-content/uploads/2026/07/reventa-chale-independiente-villa-ciudad-quesada-quesada-centro_47821_xl-1240x720.jpg"", ""https://lrcostahomes.com/wp-content/uploads/2026/07/reventa-chale-independiente-villa-ciudad-quesada-quesada-centro_47822_xl-1240x720.jpg"", ""https://lrcostahomes.com/wp-content/uploads/2026/07/reventa-chale-independiente-villa-ciudad-quesada-quesada-centro_47823_xl-1240x720.jpg"", ""https://lrcostahomes.com/wp-content/uploads/2026/07/reventa-chale-independiente-villa-ciudad-quesada-quesada-centro_47824_xl-1240x720.jpg"", ""https://lrcostahomes.com/wp-content/uploads/2026/07/reventa-chale-independiente-villa-ciudad-quesada-quesada-centro_47825_xl-1240x720.jpg"", ""https://lrcostahomes.com/wp-content/uploads/2026/07/reventa-chale-independiente-villa-ciudad-quesada-quesada-centro_47826_xl-1240x720.jpg"", ""https://lrcostahomes.com/wp-content/uploads/2026/07/reventa-chale-independiente-villa-ciudad-quesada-quesada-centro_47827_xl-1240x720.jpg"", ""https://lrcostahomes.com/wp-content/uploads/2026/07/reventa-chale-independiente-villa-ciudad-quesada-quesada-centro_47828_xl-1240x720.jpg"", ""https://lrcostahomes.com/wp-content/uploads/2026/07/reventa-chale-independiente-villa-ciudad-quesada-quesada-centro_47830_xl-1240x720.jpg"", ""https://lrcostahomes.com/wp-content/uploads/2026/07/reventa-chale-independiente-villa-ciudad-quesada-quesada-centro_47831_xl-1240x720.jpg"", ""https://lrcostahomes.com/wp-content/uploads/2026/07/reventa-chale-independiente-villa-ciudad-quesada-quesada-centro_47832_xl-1240x720.jpg"", ""https://lrcostahomes.com/wp-content/uploads/2026/07/reventa-chale-independiente-villa-ciudad-quesada-quesada-centro_47833_xl-1240x720.jpg"", ""https://lrcostahomes.com/wp-content/uploads/2026/07/reventa-chale-independiente-villa-ciudad-quesada-quesada-centro_47836_xl-1240x720.jpg"", ""https://lrcostahomes.com/wp-content/uploads/2026/07/reventa-chale-independiente-villa-ciudad-quesada-quesada-centro_47838_xl-1240x720.jpg"", ""https://lrcostahomes.com/wp-content/uploads/2026/07/reventa-chale-independiente-villa-ciudad-quesada-quesada-centro_47841_xl-1240x720.jpg"", ""https://lrcostahomes.com/wp-content/uploads/2026/07/reventa-chale-independiente-villa-ciudad-quesada-quesada-centro_47847_xl-1240x720.jpg"", ""https://lrcostahomes.com/wp-content/uploads/2026/07/reventa-chale-independiente-villa-ciudad-quesada-quesada-centro_47842_xl-488x326.jpg""]";Importada de LRCostaHomes;draft;capture;;https://lrcostahomes.com/es/property/villa-4/;ref;MARTINEZ
Villa independiente;villa-independiente;Orihuela;Alicante;Alicante;Alicante;España;Villa;En venta € 399.000;399000;de;En venta € 399.000;https://lrcostahomes.com/es/property/detached-villa-4/;0;3;2;142;Villa independiente con piscina privada…;https://lrcostahomes.com/wp-content/uploads/2026/04/l-r-costa-homes-513.png;"[""https://lrcostahomes.com/wp-content/uploads/2026/04/l-r-costa-homes-513.png"", ""https://lrcostahomes.com/wp-content/uploads/2026/04/l-r-costa-homes-511.png"", ""https://lrcostahomes.com/wp-content/uploads/2026/07/1-1-1-1240x720.jpg"", ""https://lrcostahomes.com/wp-content/uploads/2026/07/1-2-1-1240x720.jpg"", ""https://lrcostahomes.com/wp-content/uploads/2026/07/1-3-1-1240x720.jpg"", ""https://lrcostahomes.com/wp-content/uploads/2026/07/1-4-1-1240x720.jpg"", ""https://lrcostahomes.com/wp-content/uploads/2026/07/1-5-1-1240x720.jpg"", ""https://lrcostahomes.com/wp-content/uploads/2026/07/1-6-1-1216x720.jpg"", ""https://lrcostahomes.com/wp-content/uploads/2026/07/1-7-1-1240x720.jpg"", ""https://lrcostahomes.com/wp-content/uploads/2026/07/1-8-1-1240x720.jpg"", ""https://lrcostahomes.com/wp-content/uploads/2026/07/1-9-1-1240x720.jpg"", ""https://lrcostahomes.com/wp-content/uploads/2026/07/1-10-1-1240x720.jpg"", ""https://lrcostahomes.com/wp-content/uploads/2026/07/1-11-1-1240x720.jpg"", ""https://lrcostahomes.com/wp-content/uploads/2026/07/1-12-1-1240x720.jpg"", ""https://lrcostahomes.com/wp-content/uploads/2026/07/1-13-1-1240x720.jpg"", ""https://lrcostahomes.com/wp-content/uploads/2026/07/1-14-1-1240x720.jpg"", ""https://lrcostahomes.com/wp-content/uploads/2026/07/1-15-1-1240x720.jpg"", ""https://lrcostahomes.com/wp-content/uploads/2026/07/1-16-1-1240x720.jpg"", ""https://lrcostahomes.com/wp-content/uploads/2026/07/1-17-1-1240x720.jpg"", ""https://lrcostahomes.com/wp-content/uploads/2026/07/1-18-1-1240x720.jpg"", ""https://lrcostahomes.com/wp-content/uploads/2026/07/1-19-1-1240x720.jpg"", ""https://lrcostahomes.com/wp-content/uploads/2026/07/1-20-1-1240x720.jpg"", ""https://lrcostahomes.com/wp-content/uploads/2026/07/1-21-1-1240x720.jpg"", ""https://lrcostahomes.com/wp-content/uploads/2026/07/1-22-1-1240x720.jpg"", ""https://lrcostahomes.com/wp-content/uploads/2026/07/1-23-1-1240x720.jpg"", ""https://lrcostahomes.com/wp-content/uploads/2026/07/1-24-1-1240x720.jpg"", ""https://lrcostahomes.com/wp-content/uploads/2026/07/1-1-1-488x326.jpg"", ""https://lrcostahomes.com/wp-content/uploads/2026/07/1-2-1-488x326.jpg"", ""https://lrcostahomes.com/wp-content/uploads/2026/07/1-3-1-488x326.jpg"", ""https://lrcostahomes.com/wp-content/uploads/2026/07/1-4-1-488x326.jpg""]";Importada de LRCostaHomes;draft;capture;;https://lrcostahomes.com/es/property/detached-villa-4/;ref;MARTINEZ
Villa independiente;villa-independiente;Orihuela;Murcia;Murcia;Murcia;España;Villa;En venta € 203.000;203000;de;En venta € 203.000;https://lrcostahomes.com/es/property/detached-villa-3/;0;4;2;223;Impresionante casa de campo ubicada en…;https://lrcostahomes.com/wp-content/uploads/2026/04/l-r-costa-homes-513.png;"[""https://lrcostahomes.com/wp-content/uploads/2026/04/l-r-costa-homes-513.png"", ""https://lrcostahomes.com/wp-content/uploads/2026/04/l-r-costa-homes-511.png"", ""https://lrcostahomes.com/wp-content/uploads/2026/07/WhatsApp-Image-2026-07-07-at-14.32.07-1-800x720.jpeg"", ""https://lrcostahomes.com/wp-content/uploads/2026/07/WhatsApp-Image-2026-07-07-at-14.32.07-2-798x720.jpeg"", ""https://lrcostahomes.com/wp-content/uploads/2026/07/WhatsApp-Image-2026-07-07-at-14.32.07-780x720.jpeg"", ""https://lrcostahomes.com/wp-content/uploads/2026/07/WhatsApp-Image-2026-07-07-at-14.32.08-1-780x720.jpeg"", ""https://lrcostahomes.com/wp-content/uploads/2026/07/WhatsApp-Image-2026-07-07-at-14.32.08-2-778x720.jpeg"", ""https://lrcostahomes.com/wp-content/uploads/2026/07/WhatsApp-Image-2026-07-07-at-14.32.08-3-780x720.jpeg"", ""https://lrcostahomes.com/wp-content/uploads/2026/07/WhatsApp-Image-2026-07-07-at-14.32.08-4-794x720.jpeg"", ""https://lrcostahomes.com/wp-content/uploads/2026/07/WhatsApp-Image-2026-07-07-at-14.32.08-5-810x720.jpeg"", ""https://lrcostahomes.com/wp-content/uploads/2026/07/WhatsApp-Image-2026-07-07-at-14.32.08-6-819x720.jpeg"", ""https://lrcostahomes.com/wp-content/uploads/2026/07/WhatsApp-Image-2026-07-07-at-14.32.08-7-794x720.jpeg"", ""https://lrcostahomes.com/wp-content/uploads/2026/07/WhatsApp-Image-2026-07-07-at-14.32.08-9-796x720.jpeg"", ""https://lrcostahomes.com/wp-content/uploads/2026/07/WhatsApp-Image-2026-07-07-at-14.32.08-10-784x720.jpeg"", ""https://lrcostahomes.com/wp-content/uploads/2026/07/WhatsApp-Image-2026-07-07-at-14.32.09-1-778x720.jpeg"", ""https://lrcostahomes.com/wp-content/uploads/2026/07/WhatsApp-Image-2026-07-07-at-14.32.09-2-1114x720.jpeg"", ""https://lrcostahomes.com/wp-content/uploads/2026/07/WhatsApp-Image-2026-07-07-at-14.32.09-3-802x720.jpeg"", ""https://lrcostahomes.com/wp-content/uploads/2026/07/WhatsApp-Image-2026-07-07-at-14.32.09-4-820x720.jpeg"", ""https://lrcostahomes.com/wp-content/uploads/2026/07/WhatsApp-Image-2026-07-07-at-14.32.09-5-757x720.jpeg"", ""https://lrcostahomes.com/wp-content/uploads/2026/07/WhatsApp-Image-2026-07-07-at-14.32.09-6-870x720.jpeg"", ""https://lrcostahomes.com/wp-content/uploads/2026/07/WhatsApp-Image-2026-07-07-at-14.32.09-7-810x720.jpeg"", ""https://lrcostahomes.com/wp-content/uploads/2026/07/WhatsApp-Image-2026-07-07-at-14.32.09-880x720.jpeg"", ""https://lrcostahomes.com/wp-content/uploads/2026/07/WhatsApp-Image-2026-07-07-at-14.32.07-1-488x326.jpeg"", ""https://lrcostahomes.com/wp-content/uploads/2026/07/WhatsApp-Image-2026-07-07-at-14.32.07-2-488x326.jpeg"", ""https://lrcostahomes.com/wp-content/uploads/2026/07/WhatsApp-Image-2026-07-07-at-14.32.07-488x326.jpeg"", ""https://lrcostahomes.com/wp-content/uploads/2026/07/WhatsApp-Image-2026-07-07-at-14.32.08-1-488x326.jpeg"", ""https://lrcostahomes.com/wp-content/uploads/2026/07/WhatsApp-Image-2026-07-07-at-14.32.08-2-488x326.jpeg"", ""https://lrcostahomes.com/wp-content/uploads/2026/07/WhatsApp-Image-2026-07-07-at-14.32.08-3-488x326.jpeg"", ""https://lrcostahomes.com/wp-content/uploads/2026/07/WhatsApp-Image-2026-07-07-at-14.32.08-4-488x326.jpeg"", ""https://lrcostahomes.com/wp-content/uploads/2026/07/WhatsApp-Image-2026-07-07-at-14.32.08-5-488x326.jpeg""]";Importada de LRCostaHomes;draft;capture;;https://lrcostahomes.com/es/property/detached-villa-3/;ref;MARTINEZ
casa de campo rústica;casa-de-campo-r-stica;Orihuela;Murcia;Murcia;Murcia;España;Villa;En venta € 175.000;175000;de;En venta € 175.000;https://lrcostahomes.com/es/property/rustic-country-house/;0;2;1;102;Se vende casa de campo rústica…;https://lrcostahomes.com/wp-content/uploads/2026/04/l-r-costa-homes-513.png;"[""https://lrcostahomes.com/wp-content/uploads/2026/04/l-r-costa-homes-513.png"", ""https://lrcostahomes.com/wp-content/uploads/2026/04/l-r-costa-homes-511.png"", ""https://lrcostahomes.com/wp-content/uploads/2026/07/WhatsApp-Image-2026-07-07-at-13.15.44-877x720.jpeg"", ""https://lrcostahomes.com/wp-content/uploads/2026/07/WhatsApp-Image-2026-07-07-at-13.15.45-1-875x720.jpeg"", ""https://lrcostahomes.com/wp-content/uploads/2026/07/WhatsApp-Image-2026-07-07-at-13.15.45-2-870x720.jpeg"", ""https://lrcostahomes.com/wp-content/uploads/2026/07/WhatsApp-Image-2026-07-07-at-13.15.45-3.jpeg"", ""https://lrcostahomes.com/wp-content/uploads/2026/07/WhatsApp-Image-2026-07-07-at-13.15.45-4-847x720.jpeg"", ""https://lrcostahomes.com/wp-content/uploads/2026/07/WhatsApp-Image-2026-07-07-at-13.15.45-5-842x720.jpeg"", ""https://lrcostahomes.com/wp-content/uploads/2026/07/WhatsApp-Image-2026-07-07-at-13.15.45-6-843x720.jpeg"", ""https://lrcostahomes.com/wp-content/uploads/2026/07/WhatsApp-Image-2026-07-07-at-13.15.45-7-850x720.jpeg"", ""https://lrcostahomes.com/wp-content/uploads/2026/07/WhatsApp-Image-2026-07-07-at-13.15.45-8-846x720.jpeg"", ""https://lrcostahomes.com/wp-content/uploads/2026/07/WhatsApp-Image-2026-07-07-at-13.15.45-9.jpeg"", ""https://lrcostahomes.com/wp-content/uploads/2026/07/WhatsApp-Image-2026-07-07-at-13.15.45-854x720.jpeg"", ""https://lrcostahomes.com/wp-content/uploads/2026/07/WhatsApp-Image-2026-07-07-at-13.15.44-488x326.jpeg"", ""https://lrcostahomes.com/wp-content/uploads/2026/07/WhatsApp-Image-2026-07-07-at-13.15.45-1-488x326.jpeg"", ""https://lrcostahomes.com/wp-content/uploads/2026/07/WhatsApp-Image-2026-07-07-at-13.15.45-2-488x326.jpeg"", ""https://lrcostahomes.com/wp-content/uploads/2026/07/WhatsApp-Image-2026-07-07-at-13.15.45-3-488x326.jpeg"", ""https://lrcostahomes.com/wp-content/uploads/2026/07/WhatsApp-Image-2026-07-07-at-13.15.45-4-488x326.jpeg"", ""https://lrcostahomes.com/wp-content/uploads/2026/07/WhatsApp-Image-2026-07-07-at-13.15.45-5-488x326.jpeg"", ""https://lrcostahomes.com/wp-content/uploads/2026/07/WhatsApp-Image-2026-07-07-at-13.15.45-6-488x326.jpeg"", ""https://lrcostahomes.com/wp-content/uploads/2026/07/WhatsApp-Image-2026-07-07-at-13.15.45-7-488x326.jpeg"", ""https://lrcostahomes.com/wp-content/uploads/2026/07/WhatsApp-Image-2026-07-07-at-13.15.45-8-488x326.jpeg"", ""https://lrcostahomes.com/wp-content/uploads/2026/07/WhatsApp-Image-2026-07-07-at-13.15.45-9-488x326.jpeg"", ""https://lrcostahomes.com/wp-content/uploads/2026/07/WhatsApp-Image-2026-07-07-at-13.15.45-488x326.jpeg"", ""https://lrcostahomes.com/wp-content/uploads/2026/06/HE28253__DSCF8053-680x510.webp"", ""https://lrcostahomes.com/wp-content/uploads/2026/06/WhatsApp-Image-2026-06-10-at-17.53.11-1-680x510.jpeg""]";Importada de LRCostaHomes;draft;capture;;https://lrcostahomes.com/es/property/rustic-country-house/;ref;MARTINEZ
Villa;villa;Orihuela;Murcia;Murcia;Murcia;España;Villa;En venta € 204.000;204000;de;En venta € 204.000;https://lrcostahomes.com/es/property/villa-3/;0;3;1;102;Encantadora villa de una sola planta en una…;https://lrcostahomes.com/wp-content/uploads/2026/04/l-r-costa-homes-513.png;"[""https://lrcostahomes.com/wp-content/uploads/2026/04/l-r-costa-homes-513.png"", ""https://lrcostahomes.com/wp-content/uploads/2026/04/l-r-costa-homes-511.png"", ""https://lrcostahomes.com/wp-content/uploads/2026/07/7-1-1-1240x720.jpg"", ""https://lrcostahomes.com/wp-content/uploads/2026/07/7-2-1-1240x720.jpg"", ""https://lrcostahomes.com/wp-content/uploads/2026/07/7-3-1-1240x720.jpg"", ""https://lrcostahomes.com/wp-content/uploads/2026/07/7-4-1-1240x720.jpg"", ""https://lrcostahomes.com/wp-content/uploads/2026/07/7-5-1-1240x720.jpg"", ""https://lrcostahomes.com/wp-content/uploads/2026/07/7-6-1-1240x720.jpg"", ""https://lrcostahomes.com/wp-content/uploads/2026/07/7-7-1240x720.jpg"", ""https://lrcostahomes.com/wp-content/uploads/2026/07/7-8-1240x720.jpg"", ""https://lrcostahomes.com/wp-content/uploads/2026/07/7-9-1240x720.jpg"", ""https://lrcostahomes.com/wp-content/uploads/2026/07/7-10-1240x720.jpg"", ""https://lrcostahomes.com/wp-content/uploads/2026/07/7-11-1240x720.jpg"", ""https://lrcostahomes.com/wp-content/uploads/2026/07/7-1-1-488x326.jpg"", ""https://lrcostahomes.com/wp-content/uploads/2026/07/7-2-1-488x326.jpg"", ""https://lrcostahomes.com/wp-content/uploads/2026/07/7-3-1-488x326.jpg"", ""https://lrcostahomes.com/wp-content/uploads/2026/07/7-4-1-488x326.jpg"", ""https://lrcostahomes.com/wp-content/uploads/2026/07/7-5-1-488x326.jpg"", ""https://lrcostahomes.com/wp-content/uploads/2026/07/7-6-1-488x326.jpg"", ""https://lrcostahomes.com/wp-content/uploads/2026/07/7-7-488x326.jpg"", ""https://lrcostahomes.com/wp-content/uploads/2026/07/7-8-488x326.jpg"", ""https://lrcostahomes.com/wp-content/uploads/2026/07/7-9-488x326.jpg"", ""https://lrcostahomes.com/wp-content/uploads/2026/07/7-10-488x326.jpg"", ""https://lrcostahomes.com/wp-content/uploads/2026/07/7-11-488x326.jpg"", ""https://lrcostahomes.com/wp-content/uploads/2026/07/1-680x510.jpeg"", ""https://lrcostahomes.com/wp-content/uploads/2026/06/4-17-1-680x510.jpg""]";Importada de LRCostaHomes;draft;capture;;https://lrcostahomes.com/es/property/villa-3/;ref;MARTINEZ
Villa;villa;Orihuela;Murcia;Murcia;Murcia;España;Villa;En venta € 199.950;199950;de;En venta € 199.950;https://lrcostahomes.com/es/property/villa-2/;0;2;2;60;Esta villa, magníficamente conservada, es…;https://lrcostahomes.com/wp-content/uploads/2026/04/l-r-costa-homes-513.png;"[""https://lrcostahomes.com/wp-content/uploads/2026/04/l-r-costa-homes-513.png"", ""https://lrcostahomes.com/wp-content/uploads/2026/04/l-r-costa-homes-511.png"", ""https://lrcostahomes.com/wp-content/uploads/2026/07/1-1-1240x720.jpeg"", ""https://lrcostahomes.com/wp-content/uploads/2026/07/2-4-1-1240x720.jpeg"", ""https://lrcostahomes.com/wp-content/uploads/2026/07/4-4-1240x720.jpeg"", ""https://lrcostahomes.com/wp-content/uploads/2026/07/5-3-1240x720.jpeg"", ""https://lrcostahomes.com/wp-content/uploads/2026/07/6-4-1240x720.jpeg"", ""https://lrcostahomes.com/wp-content/uploads/2026/07/9-4-1240x720.jpeg"", ""https://lrcostahomes.com/wp-content/uploads/2026/07/10-4-1240x720.jpeg"", ""https://lrcostahomes.com/wp-content/uploads/2026/07/14-3-1240x720.jpeg"", ""https://lrcostahomes.com/wp-content/uploads/2026/07/16-4-1240x720.jpeg"", ""https://lrcostahomes.com/wp-content/uploads/2026/07/18-4-1240x720.jpeg"", ""https://lrcostahomes.com/wp-content/uploads/2026/07/19-4-1240x720.jpeg"", ""https://lrcostahomes.com/wp-content/uploads/2026/07/20-3-1240x720.jpeg"", ""https://lrcostahomes.com/wp-content/uploads/2026/07/21-3-1240x720.jpeg"", ""https://lrcostahomes.com/wp-content/uploads/2026/07/23-3-1240x720.jpeg"", ""https://lrcostahomes.com/wp-content/uploads/2026/07/24-3-1240x720.jpeg"", ""https://lrcostahomes.com/wp-content/uploads/2026/07/25-3-1240x720.jpeg"", ""https://lrcostahomes.com/wp-content/uploads/2026/07/26-3-1240x720.jpeg"", ""https://lrcostahomes.com/wp-content/uploads/2026/07/27-3-1240x720.jpeg"", ""https://lrcostahomes.com/wp-content/uploads/2026/07/29-3-1240x720.jpeg"", ""https://lrcostahomes.com/wp-content/uploads/2026/07/1-1-488x326.jpeg"", ""https://lrcostahomes.com/wp-content/uploads/2026/07/2-4-1-488x326.jpeg"", ""https://lrcostahomes.com/wp-content/uploads/2026/07/4-4-488x326.jpeg"", ""https://lrcostahomes.com/wp-content/uploads/2026/07/5-3-488x326.jpeg"", ""https://lrcostahomes.com/wp-content/uploads/2026/07/6-4-488x326.jpeg"", ""https://lrcostahomes.com/wp-content/uploads/2026/07/9-4-488x326.jpeg"", ""https://lrcostahomes.com/wp-content/uploads/2026/07/10-4-488x326.jpeg"", ""https://lrcostahomes.com/wp-content/uploads/2026/07/14-3-488x326.jpeg"", ""https://lrcostahomes.com/wp-content/uploads/2026/07/16-4-488x326.jpeg""]";Importada de LRCostaHomes;draft;capture;;https://lrcostahomes.com/es/property/villa-2/;ref;MARTINEZ
Casas adosadas en hilera;casas-adosadas-en-hilera;Orihuela;Torre Pacheco;Torre Pacheco;Murcia;España;Villa;Obra Nueva € 219.900;219900;de;Obra Nueva € 219.900;https://lrcostahomes.com/es/property/terraced-townhouses/;0;2;2;76;Casas adosadas en hilera, con 6 propiedades…;https://lrcostahomes.com/wp-content/uploads/2026/04/l-r-costa-homes-513.png;"[""https://lrcostahomes.com/wp-content/uploads/2026/04/l-r-costa-homes-513.png"", ""https://lrcostahomes.com/wp-content/uploads/2026/04/l-r-costa-homes-511.png"", ""https://lrcostahomes.com/wp-content/uploads/2026/07/3-1240x720.png"", ""https://lrcostahomes.com/wp-content/uploads/2026/07/1-1240x720.png"", ""https://lrcostahomes.com/wp-content/uploads/2026/07/5-1240x720.png"", ""https://lrcostahomes.com/wp-content/uploads/2026/07/6-1240x720.png"", ""https://lrcostahomes.com/wp-content/uploads/2026/07/9-1240x720.png"", ""https://lrcostahomes.com/wp-content/uploads/2026/07/10-1240x720.png"", ""https://lrcostahomes.com/wp-content/uploads/2026/07/11-1240x720.png"", ""https://lrcostahomes.com/wp-content/uploads/2026/07/12-1240x720.png"", ""https://lrcostahomes.com/wp-content/uploads/2026/07/13-1240x720.png"", ""https://lrcostahomes.com/wp-content/uploads/2026/07/14-1240x720.png"", ""https://lrcostahomes.com/wp-content/uploads/2026/07/15-1240x720.png"", ""https://lrcostahomes.com/wp-content/uploads/2026/07/16-1240x720.png"", ""https://lrcostahomes.com/wp-content/uploads/2026/07/17-2-1240x720.jpg"", ""https://lrcostahomes.com/wp-content/uploads/2026/07/3-488x326.png"", ""https://lrcostahomes.com/wp-content/uploads/2026/07/1-488x326.png"", ""https://lrcostahomes.com/wp-content/uploads/2026/07/5-488x326.png"", ""https://lrcostahomes.com/wp-content/uploads/2026/07/6-488x326.png"", ""https://lrcostahomes.com/wp-content/uploads/2026/07/9-488x326.png"", ""https://lrcostahomes.com/wp-content/uploads/2026/07/10-488x326.png"", ""https://lrcostahomes.com/wp-content/uploads/2026/07/11-488x326.png"", ""https://lrcostahomes.com/wp-content/uploads/2026/07/12-488x326.png"", ""https://lrcostahomes.com/wp-content/uploads/2026/07/13-488x326.png"", ""https://lrcostahomes.com/wp-content/uploads/2026/07/14-488x326.png"", ""https://lrcostahomes.com/wp-content/uploads/2026/07/15-488x326.png"", ""https://lrcostahomes.com/wp-content/uploads/2026/07/16-488x326.png"", ""https://lrcostahomes.com/wp-content/uploads/2026/07/17-2-488x326.jpg"", ""https://lrcostahomes.com/wp-content/uploads/2026/07/2-7-680x510.jpg"", ""https://lrcostahomes.com/wp-content/uploads/2026/08/13-680x510.jpg""]";Importada de LRCostaHomes;draft;capture;;https://lrcostahomes.com/es/property/terraced-townhouses/;ref;MARTINEZ
Apartamentos turísticos;apartamentos-tur-sticos;Orihuela;Murcia;Murcia;Murcia;España;Villa;Obra Nueva € 151.900;151900;de;Obra Nueva € 151.900;https://lrcostahomes.com/es/property/tourist-apartments/;0;1;1;37;Un complejo de apartamentos turísticos…;https://lrcostahomes.com/wp-content/uploads/2026/04/l-r-costa-homes-513.png;"[""https://lrcostahomes.com/wp-content/uploads/2026/04/l-r-costa-homes-513.png"", ""https://lrcostahomes.com/wp-content/uploads/2026/04/l-r-costa-homes-511.png"", ""https://lrcostahomes.com/wp-content/uploads/2026/07/1-35-1240x720.jpg"", ""https://lrcostahomes.com/wp-content/uploads/2026/07/2-8-1240x720.jpg"", ""https://lrcostahomes.com/wp-content/uploads/2026/07/3-8-1240x720.jpg"", ""https://lrcostahomes.com/wp-content/uploads/2026/07/4-7-1240x720.jpg"", ""https://lrcostahomes.com/wp-content/uploads/2026/07/5-7-1240x720.jpg"", ""https://lrcostahomes.com/wp-content/uploads/2026/07/6-7-1240x720.jpg"", ""https://lrcostahomes.com/wp-content/uploads/2026/07/7-6-1240x720.jpg"", ""https://lrcostahomes.com/wp-content/uploads/2026/07/8-6-1240x720.jpg"", ""https://lrcostahomes.com/wp-content/uploads/2026/07/9-5-1240x720.jpg"", ""https://lrcostahomes.com/wp-content/uploads/2026/07/10-5-1240x720.jpg"", ""https://lrcostahomes.com/wp-content/uploads/2026/07/11-4-1240x720.jpg"", ""https://lrcostahomes.com/wp-content/uploads/2026/07/12-5-1240x720.jpg"", ""https://lrcostahomes.com/wp-content/uploads/2026/07/1-35-488x326.jpg"", ""https://lrcostahomes.com/wp-content/uploads/2026/07/2-8-488x326.jpg"", ""https://lrcostahomes.com/wp-content/uploads/2026/07/3-8-488x326.jpg"", ""https://lrcostahomes.com/wp-content/uploads/2026/07/4-7-488x326.jpg"", ""https://lrcostahomes.com/wp-content/uploads/2026/07/5-7-488x326.jpg"", ""https://lrcostahomes.com/wp-content/uploads/2026/07/6-7-488x326.jpg"", ""https://lrcostahomes.com/wp-content/uploads/2026/07/7-6-488x326.jpg"", ""https://lrcostahomes.com/wp-content/uploads/2026/07/8-6-488x326.jpg"", ""https://lrcostahomes.com/wp-content/uploads/2026/07/9-5-488x326.jpg"", ""https://lrcostahomes.com/wp-content/uploads/2026/07/10-5-488x326.jpg"", ""https://lrcostahomes.com/wp-content/uploads/2026/07/11-4-488x326.jpg"", ""https://lrcostahomes.com/wp-content/uploads/2026/07/12-5-488x326.jpg"", ""https://lrcostahomes.com/wp-content/uploads/2026/05/WhatsApp-Image-2026-05-06-at-13.45.03-4-680x370.jpeg"", ""https://lrcostahomes.com/wp-content/uploads/2026/08/1-1-680x510.jpg""]";Importada de LRCostaHomes;draft;capture;;https://lrcostahomes.com/es/property/tourist-apartments/;ref;MARTINEZ
Villa en Torre Pacheco;villa-en-torre-pacheco;Calpe;Torre Pacheco;Torre Pacheco;Murcia;España;Villa;Obra Nueva € 279.900;279900;de;Obra Nueva € 279.900;https://lrcostahomes.com/es/property/villa-in-torre-pacheco/;0;3;2;84;Un exclusivo complejo residencial ubicado en…;https://lrcostahomes.com/wp-content/uploads/2026/04/l-r-costa-homes-513.png;"[""https://lrcostahomes.com/wp-content/uploads/2026/04/l-r-costa-homes-513.png"", ""https://lrcostahomes.com/wp-content/uploads/2026/04/l-r-costa-homes-511.png"", ""https://lrcostahomes.com/wp-content/uploads/2026/07/1-34-1240x720.jpg"", ""https://lrcostahomes.com/wp-content/uploads/2026/07/2-7-1240x720.jpg"", ""https://lrcostahomes.com/wp-content/uploads/2026/07/3-7-1240x720.jpg"", ""https://lrcostahomes.com/wp-content/uploads/2026/07/4-6-1240x720.jpg"", ""https://lrcostahomes.com/wp-content/uploads/2026/07/5-6-1240x720.jpg"", ""https://lrcostahomes.com/wp-content/uploads/2026/07/6-6-1240x720.jpg"", ""https://lrcostahomes.com/wp-content/uploads/2026/07/7--1240x720.png"", ""https://lrcostahomes.com/wp-content/uploads/2026/07/8-5-1240x720.jpg"", ""https://lrcostahomes.com/wp-content/uploads/2026/07/9-4-1240x720.jpg"", ""https://lrcostahomes.com/wp-content/uploads/2026/07/10-4-1240x720.jpg"", ""https://lrcostahomes.com/wp-content/uploads/2026/07/12-4-1240x720.jpg"", ""https://lrcostahomes.com/wp-content/uploads/2026/07/13-4-1240x720.jpg"", ""https://lrcostahomes.com/wp-content/uploads/2026/07/14-4-1240x720.jpg"", ""https://lrcostahomes.com/wp-content/uploads/2026/07/15-3-1240x720.jpg"", ""https://lrcostahomes.com/wp-content/uploads/2026/07/16-1-1240x720.jpg"", ""https://lrcostahomes.com/wp-content/uploads/2026/07/17-1-1240x720.jpg"", ""https://lrcostahomes.com/wp-content/uploads/2026/07/18-1-1240x720.jpg"", ""https://lrcostahomes.com/wp-content/uploads/2026/07/19-1-1240x720.jpg"", ""https://lrcostahomes.com/wp-content/uploads/2026/07/20-1-1240x720.jpg"", ""https://lrcostahomes.com/wp-content/uploads/2026/07/21-1-1240x720.jpg"", ""https://lrcostahomes.com/wp-content/uploads/2026/07/23-1240x720.jpg"", ""https://lrcostahomes.com/wp-content/uploads/2026/07/151.png"", ""https://lrcostahomes.com/wp-content/uploads/2026/07/1-34-488x326.jpg"", ""https://lrcostahomes.com/wp-content/uploads/2026/07/2-7-488x326.jpg"", ""https://lrcostahomes.com/wp-content/uploads/2026/07/3-7-488x326.jpg"", ""https://lrcostahomes.com/wp-content/uploads/2026/07/4-6-488x326.jpg"", ""https://lrcostahomes.com/wp-content/uploads/2026/07/5-6-488x326.jpg"", ""https://lrcostahomes.com/wp-content/uploads/2026/07/6-6-488x326.jpg""]";Importada de LRCostaHomes;draft;capture;;https://lrcostahomes.com/es/property/villa-in-torre-pacheco/;ref;MARTINEZ
Villas independientes;villas-independientes;Calpe;Murcia;Murcia;Murcia;España;Villa;Obra Nueva € 595.000;595000;de;Obra Nueva € 595.000;https://lrcostahomes.com/es/property/detached-villas/;0;3;3;145;Situada en Sucina, Murcia, se encuentra…;https://lrcostahomes.com/wp-content/uploads/2026/04/l-r-costa-homes-513.png;"[""https://lrcostahomes.com/wp-content/uploads/2026/04/l-r-costa-homes-513.png"", ""https://lrcostahomes.com/wp-content/uploads/2026/04/l-r-costa-homes-511.png"", ""https://lrcostahomes.com/wp-content/uploads/2026/07/4-5-1240x720.jpg"", ""https://lrcostahomes.com/wp-content/uploads/2026/07/5-5-1240x720.jpg"", ""https://lrcostahomes.com/wp-content/uploads/2026/07/3-6-1240x720.jpg"", ""https://lrcostahomes.com/wp-content/uploads/2026/07/7-5-1240x720.jpg"", ""https://lrcostahomes.com/wp-content/uploads/2026/07/8-4-1240x720.jpg"", ""https://lrcostahomes.com/wp-content/uploads/2026/07/9-3-1240x720.jpg"", ""https://lrcostahomes.com/wp-content/uploads/2026/07/10-3-1240x720.jpg"", ""https://lrcostahomes.com/wp-content/uploads/2026/07/11-3-1240x720.jpg"", ""https://lrcostahomes.com/wp-content/uploads/2026/07/12-3-1240x720.jpg"", ""https://lrcostahomes.com/wp-content/uploads/2026/07/13-3-1240x720.jpg"", ""https://lrcostahomes.com/wp-content/uploads/2026/07/14-3-1240x720.jpg"", ""https://lrcostahomes.com/wp-content/uploads/2026/07/15-2-1240x720.jpg"", ""https://lrcostahomes.com/wp-content/uploads/2026/07/6-5-1240x720.jpg"", ""https://lrcostahomes.com/wp-content/uploads/2026/07/2-6-1240x720.jpg"", ""https://lrcostahomes.com/wp-content/uploads/2026/07/4-5-488x326.jpg"", ""https://lrcostahomes.com/wp-content/uploads/2026/07/5-5-488x326.jpg"", ""https://lrcostahomes.com/wp-content/uploads/2026/07/3-6-488x326.jpg"", ""https://lrcostahomes.com/wp-content/uploads/2026/07/7-5-488x326.jpg"", ""https://lrcostahomes.com/wp-content/uploads/2026/07/8-4-488x326.jpg"", ""https://lrcostahomes.com/wp-content/uploads/2026/07/9-3-488x326.jpg"", ""https://lrcostahomes.com/wp-content/uploads/2026/07/10-3-488x326.jpg"", ""https://lrcostahomes.com/wp-content/uploads/2026/07/11-3-488x326.jpg"", ""https://lrcostahomes.com/wp-content/uploads/2026/07/12-3-488x326.jpg"", ""https://lrcostahomes.com/wp-content/uploads/2026/07/13-3-488x326.jpg"", ""https://lrcostahomes.com/wp-content/uploads/2026/07/14-3-488x326.jpg"", ""https://lrcostahomes.com/wp-content/uploads/2026/07/15-2-488x326.jpg"", ""https://lrcostahomes.com/wp-content/uploads/2026/07/6-5-488x326.jpg"", ""https://lrcostahomes.com/wp-content/uploads/2026/07/2-6-488x326.jpg""]";Importada de LRCostaHomes;draft;capture;;https://lrcostahomes.com/es/property/detached-villas/;ref;MARTINEZ
Villas en Los Alcázares;villas-en-los-alc-zares;Orihuela;Los Alcázares;Los Alcázares;Murcia;España;Villa;Obra Nueva € 453.000;453000;de;Obra Nueva € 453.000;https://lrcostahomes.com/es/property/villas-in-los-alcazares/;0;3;2;112;Villas ubicadas en Los Alcázares,…;https://lrcostahomes.com/wp-content/uploads/2026/04/l-r-costa-homes-513.png;"[""https://lrcostahomes.com/wp-content/uploads/2026/04/l-r-costa-homes-513.png"", ""https://lrcostahomes.com/wp-content/uploads/2026/04/l-r-costa-homes-511.png"", ""https://lrcostahomes.com/wp-content/uploads/2026/07/1-28-1240x720.jpg"", ""https://lrcostahomes.com/wp-content/uploads/2026/07/2-5-1240x720.jpg"", ""https://lrcostahomes.com/wp-content/uploads/2026/07/5-1240x720.jpeg"", ""https://lrcostahomes.com/wp-content/uploads/2026/07/6-1240x720.jpeg"", ""https://lrcostahomes.com/wp-content/uploads/2026/07/7-1240x720.jpeg"", ""https://lrcostahomes.com/wp-content/uploads/2026/07/8-1240x720.jpeg"", ""https://lrcostahomes.com/wp-content/uploads/2026/07/9-1240x720.jpeg"", ""https://lrcostahomes.com/wp-content/uploads/2026/07/10-1240x720.jpeg"", ""https://lrcostahomes.com/wp-content/uploads/2026/07/11-1240x720.jpeg"", ""https://lrcostahomes.com/wp-content/uploads/2026/07/3-5-1240x720.jpg"", ""https://lrcostahomes.com/wp-content/uploads/2026/07/1-28-488x326.jpg"", ""https://lrcostahomes.com/wp-content/uploads/2026/07/2-5-488x326.jpg"", ""https://lrcostahomes.com/wp-content/uploads/2026/07/5-488x326.jpeg"", ""https://lrcostahomes.com/wp-content/uploads/2026/07/6-488x326.jpeg"", ""https://lrcostahomes.com/wp-content/uploads/2026/07/7-488x326.jpeg"", ""https://lrcostahomes.com/wp-content/uploads/2026/07/8-488x326.jpeg"", ""https://lrcostahomes.com/wp-content/uploads/2026/07/9-488x326.jpeg"", ""https://lrcostahomes.com/wp-content/uploads/2026/07/10-488x326.jpeg"", ""https://lrcostahomes.com/wp-content/uploads/2026/07/11-488x326.jpeg"", ""https://lrcostahomes.com/wp-content/uploads/2026/07/3-5-488x326.jpg"", ""https://lrcostahomes.com/wp-content/uploads/2026/07/reventa-chale-independiente-villa-ciudad-quesada-quesada-centro_47842_xl-680x510.jpg"", ""https://lrcostahomes.com/wp-content/uploads/2026/06/1-1-680x510.jpeg""]";Importada de LRCostaHomes;draft;capture;;https://lrcostahomes.com/es/property/villas-in-los-alcazares/;ref;MARTINEZ
Casas de pueblo en Santiago de la Ribera;casas-de-pueblo-en-santiago-de-la-ribera;Orihuela;Murcia;Murcia;Murcia;España;Villa;Obra Nueva € 376.500;376500;de;Obra Nueva € 376.500;https://lrcostahomes.com/es/property/town-houses-in-santiago-de-la-ribera/;0;3;3;120;Ubicado en una zona privilegiada…;https://lrcostahomes.com/wp-content/uploads/2026/04/l-r-costa-homes-513.png;"[""https://lrcostahomes.com/wp-content/uploads/2026/04/l-r-costa-homes-513.png"", ""https://lrcostahomes.com/wp-content/uploads/2026/04/l-r-costa-homes-511.png"", ""https://lrcostahomes.com/wp-content/uploads/2026/07/1-7-1240x720.jpg"", ""https://lrcostahomes.com/wp-content/uploads/2026/07/2-4-1240x720.jpg"", ""https://lrcostahomes.com/wp-content/uploads/2026/07/3-4-1240x720.jpg"", ""https://lrcostahomes.com/wp-content/uploads/2026/07/4-4-1240x720.jpg"", ""https://lrcostahomes.com/wp-content/uploads/2026/07/5-4-1240x720.jpg"", ""https://lrcostahomes.com/wp-content/uploads/2026/07/6-4-1240x720.jpg"", ""https://lrcostahomes.com/wp-content/uploads/2026/07/7-4-1240x720.jpg"", ""https://lrcostahomes.com/wp-content/uploads/2026/07/8-3-1240x720.jpg"", ""https://lrcostahomes.com/wp-content/uploads/2026/07/1-7-488x326.jpg"", ""https://lrcostahomes.com/wp-content/uploads/2026/07/2-4-488x326.jpg"", ""https://lrcostahomes.com/wp-content/uploads/2026/07/3-4-488x326.jpg"", ""https://lrcostahomes.com/wp-content/uploads/2026/07/4-4-488x326.jpg"", ""https://lrcostahomes.com/wp-content/uploads/2026/07/5-4-488x326.jpg"", ""https://lrcostahomes.com/wp-content/uploads/2026/07/6-4-488x326.jpg"", ""https://lrcostahomes.com/wp-content/uploads/2026/07/7-4-488x326.jpg"", ""https://lrcostahomes.com/wp-content/uploads/2026/07/8-3-488x326.jpg"", ""https://lrcostahomes.com/wp-content/uploads/2026/06/1-1-680x510.jpeg"", ""https://lrcostahomes.com/wp-content/uploads/2026/07/4-5-680x510.jpg""]";Importada de LRCostaHomes;draft;capture;;https://lrcostahomes.com/es/property/town-houses-in-santiago-de-la-ribera/;ref;MARTINEZ
Apartamentos cerca de la playa;apartamentos-cerca-de-la-playa;Orihuela;Murcia;Murcia;Murcia;España;Villa;Obra Nueva € 277.400;277400;de;Obra Nueva € 277.400;https://lrcostahomes.com/es/property/apatments-close-to-the-beach/;0;2;2;73;Con una ubicación ideal cerca de…;https://lrcostahomes.com/wp-content/uploads/2026/04/l-r-costa-homes-513.png;"[""https://lrcostahomes.com/wp-content/uploads/2026/04/l-r-costa-homes-513.png"", ""https://lrcostahomes.com/wp-content/uploads/2026/04/l-r-costa-homes-511.png"", ""https://lrcostahomes.com/wp-content/uploads/2026/07/N.1.jpg"", ""https://lrcostahomes.com/wp-content/uploads/2026/07/ds-1240x720.png"", ""https://lrcostahomes.com/wp-content/uploads/2026/07/3-3-1240x720.jpg"", ""https://lrcostahomes.com/wp-content/uploads/2026/07/4-3-1240x720.jpg"", ""https://lrcostahomes.com/wp-content/uploads/2026/07/6-3-1240x720.jpg"", ""https://lrcostahomes.com/wp-content/uploads/2026/07/5-3-1240x720.jpg"", ""https://lrcostahomes.com/wp-content/uploads/2026/07/7-3-1240x720.jpg"", ""https://lrcostahomes.com/wp-content/uploads/2026/07/N.1-488x326.jpg"", ""https://lrcostahomes.com/wp-content/uploads/2026/07/ds-488x326.png"", ""https://lrcostahomes.com/wp-content/uploads/2026/07/3-3-488x326.jpg"", ""https://lrcostahomes.com/wp-content/uploads/2026/07/4-3-488x326.jpg"", ""https://lrcostahomes.com/wp-content/uploads/2026/07/6-3-488x326.jpg"", ""https://lrcostahomes.com/wp-content/uploads/2026/07/5-3-488x326.jpg"", ""https://lrcostahomes.com/wp-content/uploads/2026/07/7-3-488x326.jpg"", ""https://lrcostahomes.com/wp-content/uploads/2026/07/1-44-680x510.jpg"", ""https://lrcostahomes.com/wp-content/uploads/2026/08/6-3-680x510.jpg""]";Importada de LRCostaHomes;draft;capture;;https://lrcostahomes.com/es/property/apatments-close-to-the-beach/;ref;MARTINEZ
Villas primera línea como;villas-primera-l-nea-como;Orihuela;Torre Pacheco;Torre Pacheco;Murcia;España;Villa;Obra Nueva € 890.000;890000;de;Obra Nueva € 890.000;https://lrcostahomes.com/es/property/villas-front-line-like/;0;3;4;217;Un nuevo y exclusivo desarrollo ubicado…;https://lrcostahomes.com/wp-content/uploads/2026/04/l-r-costa-homes-513.png;"[""https://lrcostahomes.com/wp-content/uploads/2026/04/l-r-costa-homes-513.png"", ""https://lrcostahomes.com/wp-content/uploads/2026/04/l-r-costa-homes-511.png"", ""https://lrcostahomes.com/wp-content/uploads/2026/07/1-6-1240x720.jpg"", ""https://lrcostahomes.com/wp-content/uploads/2026/07/2-3-1240x720.jpg"", ""https://lrcostahomes.com/wp-content/uploads/2026/07/3-2-1240x720.jpg"", ""https://lrcostahomes.com/wp-content/uploads/2026/07/4-2-1240x720.jpg"", ""https://lrcostahomes.com/wp-content/uploads/2026/07/5-2-1240x720.jpg"", ""https://lrcostahomes.com/wp-content/uploads/2026/07/6-2-1240x720.jpg"", ""https://lrcostahomes.com/wp-content/uploads/2026/07/7-2-1240x720.jpg"", ""https://lrcostahomes.com/wp-content/uploads/2026/07/8-2-1240x720.jpg"", ""https://lrcostahomes.com/wp-content/uploads/2026/07/9-2-1240x720.jpg"", ""https://lrcostahomes.com/wp-content/uploads/2026/07/10-2-1240x720.jpg"", ""https://lrcostahomes.com/wp-content/uploads/2026/07/11-2-1240x720.jpg"", ""https://lrcostahomes.com/wp-content/uploads/2026/07/12-2-1240x720.jpg"", ""https://lrcostahomes.com/wp-content/uploads/2026/07/13-2-1240x720.jpg"", ""https://lrcostahomes.com/wp-content/uploads/2026/07/14-2-1240x720.jpg"", ""https://lrcostahomes.com/wp-content/uploads/2026/07/1-6-488x326.jpg"", ""https://lrcostahomes.com/wp-content/uploads/2026/07/2-3-488x326.jpg"", ""https://lrcostahomes.com/wp-content/uploads/2026/07/3-2-488x326.jpg"", ""https://lrcostahomes.com/wp-content/uploads/2026/07/4-2-488x326.jpg"", ""https://lrcostahomes.com/wp-content/uploads/2026/07/5-2-488x326.jpg"", ""https://lrcostahomes.com/wp-content/uploads/2026/07/6-2-488x326.jpg"", ""https://lrcostahomes.com/wp-content/uploads/2026/07/7-2-488x326.jpg"", ""https://lrcostahomes.com/wp-content/uploads/2026/07/8-2-488x326.jpg"", ""https://lrcostahomes.com/wp-content/uploads/2026/07/9-2-488x326.jpg"", ""https://lrcostahomes.com/wp-content/uploads/2026/07/10-2-488x326.jpg"", ""https://lrcostahomes.com/wp-content/uploads/2026/07/11-2-488x326.jpg"", ""https://lrcostahomes.com/wp-content/uploads/2026/07/12-2-488x326.jpg"", ""https://lrcostahomes.com/wp-content/uploads/2026/07/13-2-488x326.jpg"", ""https://lrcostahomes.com/wp-content/uploads/2026/07/14-2-488x326.jpg""]";Importada de LRCostaHomes;draft;capture;;https://lrcostahomes.com/es/property/villas-front-line-like/;ref;MARTINEZ
Bungalows en Pilar de la Horadada;bungalows-en-pilar-de-la-horadada;Orihuela;Alicante;Alicante;Alicante;España;Villa;Obra Nueva € 274.900;274900;de;Obra Nueva € 274.900;https://lrcostahomes.com/es/property/duplex-in-pilar-de-la-horadada/;0;2;2;62;Ubicado en Pilar de la…;https://lrcostahomes.com/wp-content/uploads/2026/07/1-488x326.jpg;"[""https://lrcostahomes.com/wp-content/uploads/2026/07/1-488x326.jpg"", ""https://lrcostahomes.com/wp-content/uploads/2026/04/l-r-costa-homes-513.png"", ""https://lrcostahomes.com/wp-content/uploads/2026/04/l-r-costa-homes-511.png"", ""https://lrcostahomes.com/wp-content/uploads/2026/07/1-5-1240x720.jpg"", ""https://lrcostahomes.com/wp-content/uploads/2026/07/2-2-1240x720.jpg"", ""https://lrcostahomes.com/wp-content/uploads/2026/07/3-1-1240x720.jpg"", ""https://lrcostahomes.com/wp-content/uploads/2026/07/4-1-1240x720.jpg"", ""https://lrcostahomes.com/wp-content/uploads/2026/07/6-1-1240x720.jpg"", ""https://lrcostahomes.com/wp-content/uploads/2026/07/7-1-1240x720.jpg"", ""https://lrcostahomes.com/wp-content/uploads/2026/07/8-1-1240x720.jpg"", ""https://lrcostahomes.com/wp-content/uploads/2026/07/9-1-1240x720.jpg"", ""https://lrcostahomes.com/wp-content/uploads/2026/07/10-1-1240x720.jpg"", ""https://lrcostahomes.com/wp-content/uploads/2026/07/11-1-1240x720.jpg"", ""https://lrcostahomes.com/wp-content/uploads/2026/07/12-1-1240x720.jpg"", ""https://lrcostahomes.com/wp-content/uploads/2026/07/13-1-1240x720.jpg"", ""https://lrcostahomes.com/wp-content/uploads/2026/07/14-1-1240x720.jpg"", ""https://lrcostahomes.com/wp-content/uploads/2026/07/15-1-1240x720.jpg"", ""https://lrcostahomes.com/wp-content/uploads/2026/07/16-1240x720.jpg"", ""https://lrcostahomes.com/wp-content/uploads/2026/07/17-1152x720.jpg"", ""https://lrcostahomes.com/wp-content/uploads/2026/07/18-1152x720.jpg"", ""https://lrcostahomes.com/wp-content/uploads/2026/07/19-1152x720.jpg"", ""https://lrcostahomes.com/wp-content/uploads/2026/07/20-1008x720.jpg"", ""https://lrcostahomes.com/wp-content/uploads/2026/07/21-1008x720.jpg"", ""https://lrcostahomes.com/wp-content/uploads/2026/07/22-1024x720.jpg"", ""https://lrcostahomes.com/wp-content/uploads/2026/07/1-5-488x326.jpg"", ""https://lrcostahomes.com/wp-content/uploads/2026/07/2-2-488x326.jpg"", ""https://lrcostahomes.com/wp-content/uploads/2026/07/3-1-488x326.jpg"", ""https://lrcostahomes.com/wp-content/uploads/2026/07/4-1-488x326.jpg"", ""https://lrcostahomes.com/wp-content/uploads/2026/07/6-1-488x326.jpg"", ""https://lrcostahomes.com/wp-content/uploads/2026/07/7-1-488x326.jpg""]";Importada de LRCostaHomes;draft;capture;;https://lrcostahomes.com/es/property/duplex-in-pilar-de-la-horadada/;ref;MARTINEZ
Bungalows en un complejo fantástico.;bungalows-en-un-complejo-fant-stico;Roldán;Roldán;Roldán;Murcia;España;Villa;Obra Nueva € 268.900;268900;de;Obra Nueva € 268.900;https://lrcostahomes.com/es/property/bungalows-in-a-fantastic-resort/;0;2;2;68;Bungalows en un complejo de lujo…;https://lrcostahomes.com/wp-content/uploads/2026/04/l-r-costa-homes-513.png;"[""https://lrcostahomes.com/wp-content/uploads/2026/04/l-r-costa-homes-513.png"", ""https://lrcostahomes.com/wp-content/uploads/2026/04/l-r-costa-homes-511.png"", ""https://lrcostahomes.com/wp-content/uploads/2026/07/Rainbow-Fase-2-1240x720.png"", ""https://lrcostahomes.com/wp-content/uploads/2026/07/2-1-1240x720.jpg"", ""https://lrcostahomes.com/wp-content/uploads/2026/07/3-1240x720.jpg"", ""https://lrcostahomes.com/wp-content/uploads/2026/07/4-1240x720.jpg"", ""https://lrcostahomes.com/wp-content/uploads/2026/07/5-1240x720.jpg"", ""https://lrcostahomes.com/wp-content/uploads/2026/07/6-1240x720.jpg"", ""https://lrcostahomes.com/wp-content/uploads/2026/07/7-1240x720.jpg"", ""https://lrcostahomes.com/wp-content/uploads/2026/07/8-1240x720.jpg"", ""https://lrcostahomes.com/wp-content/uploads/2026/07/9-1240x720.jpg"", ""https://lrcostahomes.com/wp-content/uploads/2026/07/10-1240x720.jpg"", ""https://lrcostahomes.com/wp-content/uploads/2026/07/11-1240x720.jpg"", ""https://lrcostahomes.com/wp-content/uploads/2026/07/12-1240x720.jpg"", ""https://lrcostahomes.com/wp-content/uploads/2026/07/13-1240x720.jpg"", ""https://lrcostahomes.com/wp-content/uploads/2026/07/14-1240x720.jpg"", ""https://lrcostahomes.com/wp-content/uploads/2026/07/15-1240x720.jpg"", ""https://lrcostahomes.com/wp-content/uploads/2026/07/N.2-1240x720.jpg"", ""https://lrcostahomes.com/wp-content/uploads/2026/07/N.3-1240x720.jpg"", ""https://lrcostahomes.com/wp-content/uploads/2026/07/Rainbow-Fase-2-488x326.png"", ""https://lrcostahomes.com/wp-content/uploads/2026/07/2-1-488x326.jpg"", ""https://lrcostahomes.com/wp-content/uploads/2026/07/3-488x326.jpg"", ""https://lrcostahomes.com/wp-content/uploads/2026/07/4-488x326.jpg"", ""https://lrcostahomes.com/wp-content/uploads/2026/07/5-488x326.jpg"", ""https://lrcostahomes.com/wp-content/uploads/2026/07/6-488x326.jpg"", ""https://lrcostahomes.com/wp-content/uploads/2026/07/7-488x326.jpg"", ""https://lrcostahomes.com/wp-content/uploads/2026/07/8-488x326.jpg"", ""https://lrcostahomes.com/wp-content/uploads/2026/07/9-488x326.jpg"", ""https://lrcostahomes.com/wp-content/uploads/2026/07/10-488x326.jpg"", ""https://lrcostahomes.com/wp-content/uploads/2026/07/11-488x326.jpg""]";Importada de LRCostaHomes;draft;capture;;https://lrcostahomes.com/es/property/bungalows-in-a-fantastic-resort/;ref;MARTINEZ
Villas en San Pedro;villas-en-san-pedro;Orihuela;San Pedro del Pinatar;San Pedro del Pinatar;Murcia;España;Villa;Obra Nueva € 519.950;519950;de;Obra Nueva € 519.950;https://lrcostahomes.com/es/property/villas-in-san-pedro/;0;3;3;125;Villas elegantes y contemporáneas con...;https://lrcostahomes.com/wp-content/uploads/2026/04/l-r-costa-homes-513.png;"[""https://lrcostahomes.com/wp-content/uploads/2026/04/l-r-costa-homes-513.png"", ""https://lrcostahomes.com/wp-content/uploads/2026/04/l-r-costa-homes-511.png"", ""https://lrcostahomes.com/wp-content/uploads/2026/07/1-1-1240x720.png"", ""https://lrcostahomes.com/wp-content/uploads/2026/07/1-2-1240x720.png"", ""https://lrcostahomes.com/wp-content/uploads/2026/07/1-3-1240x720.png"", ""https://lrcostahomes.com/wp-content/uploads/2026/07/1-4-1240x720.png"", ""https://lrcostahomes.com/wp-content/uploads/2026/07/1-5-1240x720.png"", ""https://lrcostahomes.com/wp-content/uploads/2026/07/1-6-1240x720.png"", ""https://lrcostahomes.com/wp-content/uploads/2026/07/1-7-1240x720.png"", ""https://lrcostahomes.com/wp-content/uploads/2026/07/1-1-488x326.png"", ""https://lrcostahomes.com/wp-content/uploads/2026/07/1-2-488x326.png"", ""https://lrcostahomes.com/wp-content/uploads/2026/07/1-3-488x326.png"", ""https://lrcostahomes.com/wp-content/uploads/2026/07/1-4-488x326.png"", ""https://lrcostahomes.com/wp-content/uploads/2026/07/1-5-488x326.png"", ""https://lrcostahomes.com/wp-content/uploads/2026/07/1-6-488x326.png"", ""https://lrcostahomes.com/wp-content/uploads/2026/07/1-7-488x326.png"", ""https://lrcostahomes.com/wp-content/uploads/2026/07/1-2-680x510.jpeg"", ""https://lrcostahomes.com/wp-content/uploads/2026/07/N.1-680x510.jpg""]";Importada de LRCostaHomes;draft;capture;;https://lrcostahomes.com/es/property/villas-in-san-pedro/;ref;MARTINEZ
Villas de lujo;villas-de-lujo;Roldán;Roldán;Roldán;Murcia;España;Villa;Obra Nueva € 379.950;379950;de;Obra Nueva € 379.950;https://lrcostahomes.com/es/property/villas-lux/;0;3;2;100;Villas independientes de una sola planta, de estilo contemporáneo y renovadas…;https://lrcostahomes.com/wp-content/uploads/2026/04/l-r-costa-homes-513.png;"[""https://lrcostahomes.com/wp-content/uploads/2026/04/l-r-costa-homes-513.png"", ""https://lrcostahomes.com/wp-content/uploads/2026/04/l-r-costa-homes-511.png"", ""https://lrcostahomes.com/wp-content/uploads/2026/07/1-1240x720.jpeg"", ""https://lrcostahomes.com/wp-content/uploads/2026/07/2-1-1240x720.jpeg"", ""https://lrcostahomes.com/wp-content/uploads/2026/07/2-2-1240x720.jpeg"", ""https://lrcostahomes.com/wp-content/uploads/2026/07/2-5-1240x720.jpeg"", ""https://lrcostahomes.com/wp-content/uploads/2026/07/2-3-1240x720.jpeg"", ""https://lrcostahomes.com/wp-content/uploads/2026/07/2-4-1240x720.jpeg"", ""https://lrcostahomes.com/wp-content/uploads/2026/07/2-6-1240x720.jpeg"", ""https://lrcostahomes.com/wp-content/uploads/2026/07/2-7-1240x720.jpeg"", ""https://lrcostahomes.com/wp-content/uploads/2026/07/2-8-1240x720.jpeg"", ""https://lrcostahomes.com/wp-content/uploads/2026/07/2-9-1240x720.jpeg"", ""https://lrcostahomes.com/wp-content/uploads/2026/07/1-488x326.jpeg"", ""https://lrcostahomes.com/wp-content/uploads/2026/07/2-1-488x326.jpeg"", ""https://lrcostahomes.com/wp-content/uploads/2026/07/2-2-488x326.jpeg"", ""https://lrcostahomes.com/wp-content/uploads/2026/07/2-5-488x326.jpeg"", ""https://lrcostahomes.com/wp-content/uploads/2026/07/2-3-488x326.jpeg"", ""https://lrcostahomes.com/wp-content/uploads/2026/07/2-4-488x326.jpeg"", ""https://lrcostahomes.com/wp-content/uploads/2026/07/2-6-488x326.jpeg"", ""https://lrcostahomes.com/wp-content/uploads/2026/07/2-7-488x326.jpeg"", ""https://lrcostahomes.com/wp-content/uploads/2026/07/2-8-488x326.jpeg"", ""https://lrcostahomes.com/wp-content/uploads/2026/07/2-9-488x326.jpeg"", ""https://lrcostahomes.com/wp-content/uploads/2026/09/1-Apt-680x510.jpg"", ""https://lrcostahomes.com/wp-content/uploads/2026/08/13-680x510.jpg""]";Importada de LRCostaHomes;draft;capture;;https://lrcostahomes.com/es/property/villas-lux/;ref;MARTINEZ
Villas en la Costa Cálida;villas-en-la-costa-c-lida;Roldán;Roldán;Roldán;Murcia;España;Villa;Obra Nueva € 415.950;415950;de;Obra Nueva € 415.950;https://lrcostahomes.com/es/property/villas-in-costa-calida/;0;3;3;122;Una colección exclusiva de solo…;https://lrcostahomes.com/wp-content/uploads/2026/04/l-r-costa-homes-513.png;"[""https://lrcostahomes.com/wp-content/uploads/2026/04/l-r-costa-homes-513.png"", ""https://lrcostahomes.com/wp-content/uploads/2026/04/l-r-costa-homes-511.png"", ""https://lrcostahomes.com/wp-content/uploads/2026/07/1-9-1240x720.jpg"", ""https://lrcostahomes.com/wp-content/uploads/2026/07/1-8-1240x720.jpg"", ""https://lrcostahomes.com/wp-content/uploads/2026/07/1-10-1240x720.jpg"", ""https://lrcostahomes.com/wp-content/uploads/2026/07/1-11-1240x720.jpg"", ""https://lrcostahomes.com/wp-content/uploads/2026/07/1-12-1240x720.jpg"", ""https://lrcostahomes.com/wp-content/uploads/2026/07/1-13-1240x720.jpg"", ""https://lrcostahomes.com/wp-content/uploads/2026/07/1-17-1240x720.jpg"", ""https://lrcostahomes.com/wp-content/uploads/2026/07/1-18-1240x720.jpg"", ""https://lrcostahomes.com/wp-content/uploads/2026/07/1-19-1240x720.jpg"", ""https://lrcostahomes.com/wp-content/uploads/2026/07/1-20-1240x720.jpg"", ""https://lrcostahomes.com/wp-content/uploads/2026/07/1-2-1240x720.jpg"", ""https://lrcostahomes.com/wp-content/uploads/2026/07/1-3-1240x720.jpg"", ""https://lrcostahomes.com/wp-content/uploads/2026/07/1-4-1240x720.jpg"", ""https://lrcostahomes.com/wp-content/uploads/2026/07/1-15-1240x720.jpg"", ""https://lrcostahomes.com/wp-content/uploads/2026/07/1-21-1240x720.jpg"", ""https://lrcostahomes.com/wp-content/uploads/2026/07/1-22-1240x720.jpg"", ""https://lrcostahomes.com/wp-content/uploads/2026/07/1-23-1240x720.jpg"", ""https://lrcostahomes.com/wp-content/uploads/2026/07/1-24-1240x720.jpg"", ""https://lrcostahomes.com/wp-content/uploads/2026/07/1-25-1240x720.jpg"", ""https://lrcostahomes.com/wp-content/uploads/2026/07/1-26-1240x720.jpg"", ""https://lrcostahomes.com/wp-content/uploads/2026/07/1-27-1240x720.jpg"", ""https://lrcostahomes.com/wp-content/uploads/2026/07/1-29-1240x720.jpg"", ""https://lrcostahomes.com/wp-content/uploads/2026/07/1-30-1240x720.jpg"", ""https://lrcostahomes.com/wp-content/uploads/2026/07/1-31-1240x720.jpg"", ""https://lrcostahomes.com/wp-content/uploads/2026/07/1-32-1240x720.jpg"", ""https://lrcostahomes.com/wp-content/uploads/2026/07/1-33-1240x720.jpg"", ""https://lrcostahomes.com/wp-content/uploads/2026/07/1-1-1240x720.jpg"", ""https://lrcostahomes.com/wp-content/uploads/2026/07/2-1240x720.jpg""]";Importada de LRCostaHomes;draft;capture;;https://lrcostahomes.com/es/property/villas-in-costa-calida/;ref;MARTINEZ
Villas en Finestrat;villas-en-finestrat;Orihuela;Orihuela;Orihuela;Murcia;España;Villa;Obra Nueva € 690.950;690950;de;Obra Nueva € 690.950;https://lrcostahomes.com/es/property/villas-in-finestrat/;0;3;2;114;Una colección exclusiva de artículos modernos…;https://lrcostahomes.com/wp-content/uploads/2026/04/l-r-costa-homes-513.png;"[""https://lrcostahomes.com/wp-content/uploads/2026/04/l-r-costa-homes-513.png"", ""https://lrcostahomes.com/wp-content/uploads/2026/04/l-r-costa-homes-511.png"", ""https://lrcostahomes.com/wp-content/uploads/2026/06/Villa-Alqueria-MonteMar-Villas-1240x720.png"", ""https://lrcostahomes.com/wp-content/uploads/2026/06/Render-1-inside-Villa-Alqueria-1240x720.jpg"", ""https://lrcostahomes.com/wp-content/uploads/2026/06/Render-2-inside-Villa-Alqueria-1240x720.jpg"", ""https://lrcostahomes.com/wp-content/uploads/2026/06/Render-3-inside-Villa-Alqueria-1240x720.jpg"", ""https://lrcostahomes.com/wp-content/uploads/2026/06/Render-4-inside-Villa-Alqueria-1240x720.jpg"", ""https://lrcostahomes.com/wp-content/uploads/2026/06/Render-5-inside-Villa-Alqueria-1240x720.jpeg"", ""https://lrcostahomes.com/wp-content/uploads/2026/06/Render-6-inside-Villa-Alqueria-1240x720.jpg"", ""https://lrcostahomes.com/wp-content/uploads/2026/06/Villa-Alqueria-MonteMar-Villas-Night-1240x720.png"", ""https://lrcostahomes.com/wp-content/uploads/2026/06/Villa-Alqueria-MonteMar-Villas-488x326.png"", ""https://lrcostahomes.com/wp-content/uploads/2026/06/Render-1-inside-Villa-Alqueria-488x326.jpg"", ""https://lrcostahomes.com/wp-content/uploads/2026/06/Render-2-inside-Villa-Alqueria-488x326.jpg"", ""https://lrcostahomes.com/wp-content/uploads/2026/06/Render-3-inside-Villa-Alqueria-488x326.jpg"", ""https://lrcostahomes.com/wp-content/uploads/2026/06/Render-4-inside-Villa-Alqueria-488x326.jpg"", ""https://lrcostahomes.com/wp-content/uploads/2026/06/Render-5-inside-Villa-Alqueria-488x326.jpeg"", ""https://lrcostahomes.com/wp-content/uploads/2026/06/Render-6-inside-Villa-Alqueria-488x326.jpg"", ""https://lrcostahomes.com/wp-content/uploads/2026/06/Villa-Alqueria-MonteMar-Villas-Night-488x326.png"", ""https://lrcostahomes.com/wp-content/uploads/2026/08/13-680x510.jpg"", ""https://lrcostahomes.com/wp-content/uploads/2026/06/Render-Villa-Talaia-open-basement-680x510.jpg""]";Importada de LRCostaHomes;draft;capture;;https://lrcostahomes.com/es/property/villas-in-finestrat/;ref;MARTINEZ
Chalet en Finestrat;chalet-en-finestrat;Orihuela;Orihuela;Orihuela;Murcia;España;Villa;Obra Nueva € 735.950;735950;de;Obra Nueva € 735.950;https://lrcostahomes.com/es/property/villa-in-finestrat/;0;3;2;128;Una colección exclusiva de artículos modernos…;https://lrcostahomes.com/wp-content/uploads/2026/04/l-r-costa-homes-513.png;"[""https://lrcostahomes.com/wp-content/uploads/2026/04/l-r-costa-homes-513.png"", ""https://lrcostahomes.com/wp-content/uploads/2026/04/l-r-costa-homes-511.png"", ""https://lrcostahomes.com/wp-content/uploads/2026/06/Render-Villa-Talaia-open-basement-1240x720.jpg"", ""https://lrcostahomes.com/wp-content/uploads/2026/06/Render-Villa-Talaia-with-open-basement-1240x720.jpg"", ""https://lrcostahomes.com/wp-content/uploads/2026/06/Render-Villa-Talaia-open-basement-488x326.jpg"", ""https://lrcostahomes.com/wp-content/uploads/2026/06/Render-Villa-Talaia-with-open-basement-488x326.jpg"", ""https://lrcostahomes.com/wp-content/uploads/2026/07/7-1-1-680x510.jpg"", ""https://lrcostahomes.com/wp-content/uploads/2026/07/1-680x510.jpeg""]";Importada de LRCostaHomes;draft;capture;;https://lrcostahomes.com/es/property/villa-in-finestrat/;ref;MARTINEZ
Villas;villas;Orihuela;San Pedro del Pinatar;San Pedro del Pinatar;Murcia;España;Villa;€ 819.950;819950;de;€ 819.950;https://lrcostahomes.com/es/property/villas/;0;3;3;161;Villas exclusivas en el corazón…;https://lrcostahomes.com/wp-content/uploads/2026/04/l-r-costa-homes-513.png;"[""https://lrcostahomes.com/wp-content/uploads/2026/04/l-r-costa-homes-513.png"", ""https://lrcostahomes.com/wp-content/uploads/2026/04/l-r-costa-homes-511.png"", ""https://lrcostahomes.com/wp-content/uploads/2026/06/Alma-Villas_19-1240x720.jpg"", ""https://lrcostahomes.com/wp-content/uploads/2026/06/Alma-Villas_12-1240x720.jpg"", ""https://lrcostahomes.com/wp-content/uploads/2026/06/Alma-Villas__c8-1240x720.jpg"", ""https://lrcostahomes.com/wp-content/uploads/2026/06/Alma-Villas_15-1240x720.jpg"", ""https://lrcostahomes.com/wp-content/uploads/2026/06/Alma-VIllas-Web-Image-2025-07-09-at-14.38.38-1.jpg"", ""https://lrcostahomes.com/wp-content/uploads/2026/06/Alma-VIllas-Web-Image-2025-07-09-at-14.38.38-2.jpg"", ""https://lrcostahomes.com/wp-content/uploads/2026/06/Alma-VIllas-Web-Image-2025-07-09-at-14.38.38-3.jpg"", ""https://lrcostahomes.com/wp-content/uploads/2026/06/Alma-VIllas-Web-Image-2025-07-09-at-14.38.38-4.jpg"", ""https://lrcostahomes.com/wp-content/uploads/2026/06/Alma-VIllas-Web-Image-2025-07-09-at-14.38.38.jpg"", ""https://lrcostahomes.com/wp-content/uploads/2026/06/Alma-Villas_2.jpg"", ""https://lrcostahomes.com/wp-content/uploads/2026/06/Alma-Villas_07.jpg"", ""https://lrcostahomes.com/wp-content/uploads/2026/06/Alma-Villas_08-2.jpg"", ""https://lrcostahomes.com/wp-content/uploads/2026/06/Alma-Villas_08-3.jpg"", ""https://lrcostahomes.com/wp-content/uploads/2026/06/Alma-Villas_08.jpg"", ""https://lrcostahomes.com/wp-content/uploads/2026/06/Alma-Villas_17-1240x720.jpg"", ""https://lrcostahomes.com/wp-content/uploads/2026/06/Alma-Villas_18-1240x720.jpg"", ""https://lrcostahomes.com/wp-content/uploads/2026/06/Alma-Villas_PLOT-4-1240x720.jpg"", ""https://lrcostahomes.com/wp-content/uploads/2026/06/Alma-Villas_General-1240x720.jpg"", ""https://lrcostahomes.com/wp-content/uploads/2026/06/Alma-Villas_19-488x326.jpg"", ""https://lrcostahomes.com/wp-content/uploads/2026/06/Alma-Villas_12-488x326.jpg"", ""https://lrcostahomes.com/wp-content/uploads/2026/06/Alma-Villas__c8-488x326.jpg"", ""https://lrcostahomes.com/wp-content/uploads/2026/06/Alma-Villas_15-488x326.jpg"", ""https://lrcostahomes.com/wp-content/uploads/2026/06/Alma-VIllas-Web-Image-2025-07-09-at-14.38.38-1-488x326.jpg"", ""https://lrcostahomes.com/wp-content/uploads/2026/06/Alma-VIllas-Web-Image-2025-07-09-at-14.38.38-2-488x326.jpg"", ""https://lrcostahomes.com/wp-content/uploads/2026/06/Alma-VIllas-Web-Image-2025-07-09-at-14.38.38-3-488x326.jpg"", ""https://lrcostahomes.com/wp-content/uploads/2026/06/Alma-VIllas-Web-Image-2025-07-09-at-14.38.38-4-488x326.jpg"", ""https://lrcostahomes.com/wp-content/uploads/2026/06/Alma-VIllas-Web-Image-2025-07-09-at-14.38.38-488x326.jpg"", ""https://lrcostahomes.com/wp-content/uploads/2026/06/Alma-Villas_2-488x326.jpg""]";Importada de LRCostaHomes;draft;capture;;https://lrcostahomes.com/es/property/villas/;ref;MARTINEZ
Bungalows;bungalows;Orihuela;San Pedro del Pinatar;San Pedro del Pinatar;Murcia;España;Villa;Obra Nueva € 324.900;324900;de;Obra Nueva € 324.900;https://lrcostahomes.com/es/property/bungalows/;0;2;2;69;Una colección limitada de obras privadas…;https://lrcostahomes.com/wp-content/uploads/2026/04/l-r-costa-homes-513.png;"[""https://lrcostahomes.com/wp-content/uploads/2026/04/l-r-costa-homes-513.png"", ""https://lrcostahomes.com/wp-content/uploads/2026/04/l-r-costa-homes-511.png"", ""https://lrcostahomes.com/wp-content/uploads/2026/06/Alma-Bungalow-Web-2.jpg"", ""https://lrcostahomes.com/wp-content/uploads/2026/06/Alma-Bungalow-Web-1117x720.jpg"", ""https://lrcostahomes.com/wp-content/uploads/2026/06/ALMA_BUNGALOW_STREET-1240x720.jpg"", ""https://lrcostahomes.com/wp-content/uploads/2026/06/ALMA_BUNGALOW_11-PS-1240x720.jpg"", ""https://lrcostahomes.com/wp-content/uploads/2026/06/ALMA_BUNGALOW_12-PS-1240x720.jpg"", ""https://lrcostahomes.com/wp-content/uploads/2026/06/ALMA_BUNGALOW_13-PS-1240x720.jpg"", ""https://lrcostahomes.com/wp-content/uploads/2026/06/ALMA_BUNGALOW_BATHROOM-1240x720.jpg"", ""https://lrcostahomes.com/wp-content/uploads/2026/06/ALMA_BUNGALOW_BATHROOM_1-1240x720.jpg"", ""https://lrcostahomes.com/wp-content/uploads/2026/06/ALMA_BUNGALOW_BEDROOM-1240x720.jpg"", ""https://lrcostahomes.com/wp-content/uploads/2026/06/ALMA_BUNGALOW_BEDROOM_2-1240x720.jpg"", ""https://lrcostahomes.com/wp-content/uploads/2026/06/ALMA_BUNGALOW_INT_2.jpg"", ""https://lrcostahomes.com/wp-content/uploads/2026/06/ALMA_BUNGALOW_LOUNGE-1240x720.jpg"", ""https://lrcostahomes.com/wp-content/uploads/2026/06/ALMA_BUNGALOW_LOUNGE_KITCHEN-1240x720.jpg"", ""https://lrcostahomes.com/wp-content/uploads/2026/06/ALMA_BUNGALOW_REAR-TERRACE-1240x720.jpg"", ""https://lrcostahomes.com/wp-content/uploads/2026/06/ALMA_BUNGALOW_SOLARIUM-1240x720.jpg"", ""https://lrcostahomes.com/wp-content/uploads/2026/06/ALMA_BUNGALOW__EXTERIOR-1240x720.jpg"", ""https://lrcostahomes.com/wp-content/uploads/2026/06/ALMA_BUNGALOW__EXTERIOR_2-1240x720.jpg"", ""https://lrcostahomes.com/wp-content/uploads/2026/06/Alma-Bungalow-Web-2-488x326.jpg"", ""https://lrcostahomes.com/wp-content/uploads/2026/06/Alma-Bungalow-Web-488x326.jpg"", ""https://lrcostahomes.com/wp-content/uploads/2026/06/ALMA_BUNGALOW_STREET-488x326.jpg"", ""https://lrcostahomes.com/wp-content/uploads/2026/06/ALMA_BUNGALOW_11-PS-488x326.jpg"", ""https://lrcostahomes.com/wp-content/uploads/2026/06/ALMA_BUNGALOW_12-PS-488x326.jpg"", ""https://lrcostahomes.com/wp-content/uploads/2026/06/ALMA_BUNGALOW_13-PS-488x326.jpg"", ""https://lrcostahomes.com/wp-content/uploads/2026/06/ALMA_BUNGALOW_BATHROOM-488x326.jpg"", ""https://lrcostahomes.com/wp-content/uploads/2026/06/ALMA_BUNGALOW_BATHROOM_1-488x326.jpg"", ""https://lrcostahomes.com/wp-content/uploads/2026/06/ALMA_BUNGALOW_BEDROOM-488x326.jpg"", ""https://lrcostahomes.com/wp-content/uploads/2026/06/ALMA_BUNGALOW_BEDROOM_2-488x326.jpg"", ""https://lrcostahomes.com/wp-content/uploads/2026/06/ALMA_BUNGALOW_INT_2-488x326.jpg""]";Importada de LRCostaHomes;draft;capture;;https://lrcostahomes.com/es/property/bungalows/;ref;MARTINEZ
Casa adosada;casa-adosada;Orihuela;Orihuela;Orihuela;Murcia;España;Villa;En venta € 312.000;312000;de;En venta € 312.000;https://lrcostahomes.com/es/property/semi-detached-house/;0;3;2;146;Les presentamos esta magnífica casa adosada…;https://lrcostahomes.com/wp-content/uploads/2026/04/l-r-costa-homes-513.png;"[""https://lrcostahomes.com/wp-content/uploads/2026/04/l-r-costa-homes-513.png"", ""https://lrcostahomes.com/wp-content/uploads/2026/04/l-r-costa-homes-511.png"", ""https://lrcostahomes.com/wp-content/uploads/2026/06/WhatsApp-Image-2026-06-25-at-14.05.10-1.jpeg"", ""https://lrcostahomes.com/wp-content/uploads/2026/06/WhatsApp-Image-2026-06-25-at-14.05.10-4.jpeg"", ""https://lrcostahomes.com/wp-content/uploads/2026/06/WhatsApp-Image-2026-06-25-at-14.05.10-7.jpeg"", ""https://lrcostahomes.com/wp-content/uploads/2026/06/WhatsApp-Image-2026-06-25-at-14.05.10-5.jpeg"", ""https://lrcostahomes.com/wp-content/uploads/2026/06/WhatsApp-Image-2026-06-25-at-14.05.10-6.jpeg"", ""https://lrcostahomes.com/wp-content/uploads/2026/06/WhatsApp-Image-2026-06-25-at-14.05.10-2.jpeg"", ""https://lrcostahomes.com/wp-content/uploads/2026/06/WhatsApp-Image-2026-06-25-at-14.05.10-3.jpeg"", ""https://lrcostahomes.com/wp-content/uploads/2026/06/WhatsApp-Image-2026-06-25-at-14.05.10.jpeg"", ""https://lrcostahomes.com/wp-content/uploads/2026/06/WhatsApp-Image-2026-06-25-at-14.05.10-10.jpeg"", ""https://lrcostahomes.com/wp-content/uploads/2026/06/WhatsApp-Image-2026-06-25-at-14.05.11-1.jpeg"", ""https://lrcostahomes.com/wp-content/uploads/2026/06/WhatsApp-Image-2026-06-25-at-14.05.11-2.jpeg"", ""https://lrcostahomes.com/wp-content/uploads/2026/06/WhatsApp-Image-2026-06-25-at-14.05.11-3.jpeg"", ""https://lrcostahomes.com/wp-content/uploads/2026/06/WhatsApp-Image-2026-06-25-at-14.05.11-4.jpeg"", ""https://lrcostahomes.com/wp-content/uploads/2026/06/WhatsApp-Image-2026-06-25-at-14.05.11-5.jpeg"", ""https://lrcostahomes.com/wp-content/uploads/2026/06/WhatsApp-Image-2026-06-25-at-14.05.11.jpeg"", ""https://lrcostahomes.com/wp-content/uploads/2026/06/WhatsApp-Image-2026-06-25-at-14.05.11-6.jpeg"", ""https://lrcostahomes.com/wp-content/uploads/2026/06/WhatsApp-Image-2026-06-25-at-14.05.11-7.jpeg"", ""https://lrcostahomes.com/wp-content/uploads/2026/06/WhatsApp-Image-2026-06-25-at-14.05.11-8.jpeg"", ""https://lrcostahomes.com/wp-content/uploads/2026/06/WhatsApp-Image-2026-06-25-at-14.05.11-9.jpeg"", ""https://lrcostahomes.com/wp-content/uploads/2026/06/WhatsApp-Image-2026-06-25-at-14.05.10-1-488x326.jpeg"", ""https://lrcostahomes.com/wp-content/uploads/2026/06/WhatsApp-Image-2026-06-25-at-14.05.10-4-488x326.jpeg"", ""https://lrcostahomes.com/wp-content/uploads/2026/06/WhatsApp-Image-2026-06-25-at-14.05.10-7-488x326.jpeg"", ""https://lrcostahomes.com/wp-content/uploads/2026/06/WhatsApp-Image-2026-06-25-at-14.05.10-5-488x326.jpeg"", ""https://lrcostahomes.com/wp-content/uploads/2026/06/WhatsApp-Image-2026-06-25-at-14.05.10-6-488x326.jpeg"", ""https://lrcostahomes.com/wp-content/uploads/2026/06/WhatsApp-Image-2026-06-25-at-14.05.10-2-488x326.jpeg"", ""https://lrcostahomes.com/wp-content/uploads/2026/06/WhatsApp-Image-2026-06-25-at-14.05.10-3-488x326.jpeg"", ""https://lrcostahomes.com/wp-content/uploads/2026/06/WhatsApp-Image-2026-06-25-at-14.05.10-488x326.jpeg"", ""https://lrcostahomes.com/wp-content/uploads/2026/06/WhatsApp-Image-2026-06-25-at-14.05.10-10-488x326.jpeg""]";Importada de LRCostaHomes;draft;capture;;https://lrcostahomes.com/es/property/semi-detached-house/;ref;MARTINEZ
Villa adosada con piscina privada;villa-adosada-con-piscina-privada;Orihuela;Orihuela;Orihuela;Murcia;España;Villa;En venta € 400.000;400000;de;En venta € 400.000;https://lrcostahomes.com/es/property/semi-detached-villa-with-private-pool/;0;3;3;156;Espectacular villa adosada en Los…;https://lrcostahomes.com/wp-content/uploads/2026/04/l-r-costa-homes-513.png;"[""https://lrcostahomes.com/wp-content/uploads/2026/04/l-r-costa-homes-513.png"", ""https://lrcostahomes.com/wp-content/uploads/2026/04/l-r-costa-homes-511.png"", ""https://lrcostahomes.com/wp-content/uploads/2026/06/37354-56828170-1490777509.jpg.webp"", ""https://lrcostahomes.com/wp-content/uploads/2026/06/37354-56828170-1490777510.jpg.webp"", ""https://lrcostahomes.com/wp-content/uploads/2026/06/37354-56828170-1490777513.jpg.webp"", ""https://lrcostahomes.com/wp-content/uploads/2026/06/37354-56828170-1490777514.jpg.webp"", ""https://lrcostahomes.com/wp-content/uploads/2026/06/37354-56828170-1490777511.jpg.webp"", ""https://lrcostahomes.com/wp-content/uploads/2026/06/37354-56828170-1490777518.jpg.webp"", ""https://lrcostahomes.com/wp-content/uploads/2026/06/37354-56828170-1490777521.jpg.webp"", ""https://lrcostahomes.com/wp-content/uploads/2026/06/37354-56828170-1490777522.jpg.webp"", ""https://lrcostahomes.com/wp-content/uploads/2026/06/37354-56828170-1490777523.jpg.webp"", ""https://lrcostahomes.com/wp-content/uploads/2026/06/37354-56828170-1490777526.jpg.webp"", ""https://lrcostahomes.com/wp-content/uploads/2026/06/37354-56828170-1490777527.jpg.webp"", ""https://lrcostahomes.com/wp-content/uploads/2026/06/37354-56828170-1490777528.jpg.webp"", ""https://lrcostahomes.com/wp-content/uploads/2026/06/37354-56828170-1490777529.jpg.webp"", ""https://lrcostahomes.com/wp-content/uploads/2026/06/37354-56828170-1490777530.jpg.webp"", ""https://lrcostahomes.com/wp-content/uploads/2026/06/37354-56828170-1490777534.jpg.webp"", ""https://lrcostahomes.com/wp-content/uploads/2026/06/37354-56828170-1490777536.jpg.webp"", ""https://lrcostahomes.com/wp-content/uploads/2026/06/37354-56828170-1490777539.jpg.webp"", ""https://lrcostahomes.com/wp-content/uploads/2026/06/37354-56828170-1490777517.jpg.webp"", ""https://lrcostahomes.com/wp-content/uploads/2026/06/37354-56828170-1490777549.jpg.webp"", ""https://lrcostahomes.com/wp-content/uploads/2026/06/37354-56828170-1490777550.jpg.webp"", ""https://lrcostahomes.com/wp-content/uploads/2026/06/37354-56828170-1490777554.jpg.webp"", ""https://lrcostahomes.com/wp-content/uploads/2026/06/37354-56828170-1490777555.jpg.webp"", ""https://lrcostahomes.com/wp-content/uploads/2026/06/37354-56828170-1490777557.jpg.webp"", ""https://lrcostahomes.com/wp-content/uploads/2026/06/37354-56828170-1490777561.jpg.webp"", ""https://lrcostahomes.com/wp-content/uploads/2026/06/37354-56828170-1490777562.jpg.webp"", ""https://lrcostahomes.com/wp-content/uploads/2026/06/37354-56828170-1490777563.jpg.webp"", ""https://lrcostahomes.com/wp-content/uploads/2026/06/37354-56828170-1490777566.jpg.webp"", ""https://lrcostahomes.com/wp-content/uploads/2026/06/37354-56828170-1490777509.jpg-488x326.webp""]";Importada de LRCostaHomes;draft;capture;;https://lrcostahomes.com/es/property/semi-detached-villa-with-private-pool/;ref;MARTINEZ
Villa independiente;villa-independiente;Orihuela;Orihuela;Orihuela;Murcia;España;Villa;En venta € 421.000;421000;de;En venta € 421.000;https://lrcostahomes.com/es/property/detached-villa-2/;0;3;2;99;Villa exclusiva, a estrenar, de dos plantas donde…;https://lrcostahomes.com/wp-content/uploads/2026/04/l-r-costa-homes-513.png;"[""https://lrcostahomes.com/wp-content/uploads/2026/04/l-r-costa-homes-513.png"", ""https://lrcostahomes.com/wp-content/uploads/2026/04/l-r-costa-homes-511.png"", ""https://lrcostahomes.com/wp-content/uploads/2026/06/WhatsApp-Image-2026-06-25-at-11.36.31-6.jpeg"", ""https://lrcostahomes.com/wp-content/uploads/2026/06/WhatsApp-Image-2026-06-25-at-11.36.31-5.jpeg"", ""https://lrcostahomes.com/wp-content/uploads/2026/06/WhatsApp-Image-2026-06-25-at-11.36.31-4.jpeg"", ""https://lrcostahomes.com/wp-content/uploads/2026/06/WhatsApp-Image-2026-06-25-at-11.36.31-1.jpeg"", ""https://lrcostahomes.com/wp-content/uploads/2026/06/WhatsApp-Image-2026-06-25-at-11.36.31-2.jpeg"", ""https://lrcostahomes.com/wp-content/uploads/2026/06/WhatsApp-Image-2026-06-25-at-11.36.31-3.jpeg"", ""https://lrcostahomes.com/wp-content/uploads/2026/06/WhatsApp-Image-2026-06-25-at-11.36.31-7.jpeg"", ""https://lrcostahomes.com/wp-content/uploads/2026/06/WhatsApp-Image-2026-06-25-at-11.36.32-1.jpeg"", ""https://lrcostahomes.com/wp-content/uploads/2026/06/WhatsApp-Image-2026-06-25-at-11.36.32-2.jpeg"", ""https://lrcostahomes.com/wp-content/uploads/2026/06/WhatsApp-Image-2026-06-25-at-11.36.32-2-1-1080x720.jpeg"", ""https://lrcostahomes.com/wp-content/uploads/2026/06/WhatsApp-Image-2026-06-25-at-11.36.32-3-1080x720.jpeg"", ""https://lrcostahomes.com/wp-content/uploads/2026/06/WhatsApp-Image-2026-06-25-at-11.36.32-4.jpeg"", ""https://lrcostahomes.com/wp-content/uploads/2026/06/WhatsApp-Image-2026-06-25-at-11.36.32-5-1080x720.jpeg"", ""https://lrcostahomes.com/wp-content/uploads/2026/06/WhatsApp-Image-2026-06-25-at-11.36.31.jpeg"", ""https://lrcostahomes.com/wp-content/uploads/2026/06/WhatsApp-Image-2026-06-25-at-11.36.31-6-488x326.jpeg"", ""https://lrcostahomes.com/wp-content/uploads/2026/06/WhatsApp-Image-2026-06-25-at-11.36.31-5-488x326.jpeg"", ""https://lrcostahomes.com/wp-content/uploads/2026/06/WhatsApp-Image-2026-06-25-at-11.36.31-4-488x326.jpeg"", ""https://lrcostahomes.com/wp-content/uploads/2026/06/WhatsApp-Image-2026-06-25-at-11.36.31-1-488x326.jpeg"", ""https://lrcostahomes.com/wp-content/uploads/2026/06/WhatsApp-Image-2026-06-25-at-11.36.31-2-488x326.jpeg"", ""https://lrcostahomes.com/wp-content/uploads/2026/06/WhatsApp-Image-2026-06-25-at-11.36.31-3-488x326.jpeg"", ""https://lrcostahomes.com/wp-content/uploads/2026/06/WhatsApp-Image-2026-06-25-at-11.36.31-7-488x326.jpeg"", ""https://lrcostahomes.com/wp-content/uploads/2026/06/WhatsApp-Image-2026-06-25-at-11.36.32-1-488x326.jpeg"", ""https://lrcostahomes.com/wp-content/uploads/2026/06/WhatsApp-Image-2026-06-25-at-11.36.32-2-488x326.jpeg"", ""https://lrcostahomes.com/wp-content/uploads/2026/06/WhatsApp-Image-2026-06-25-at-11.36.32-2-1-488x326.jpeg"", ""https://lrcostahomes.com/wp-content/uploads/2026/06/WhatsApp-Image-2026-06-25-at-11.36.32-3-488x326.jpeg"", ""https://lrcostahomes.com/wp-content/uploads/2026/06/WhatsApp-Image-2026-06-25-at-11.36.32-4-488x326.jpeg"", ""https://lrcostahomes.com/wp-content/uploads/2026/06/WhatsApp-Image-2026-06-25-at-11.36.32-5-488x326.jpeg"", ""https://lrcostahomes.com/wp-content/uploads/2026/06/WhatsApp-Image-2026-06-25-at-11.36.31-488x326.jpeg""]";Importada de LRCostaHomes;draft;capture;;https://lrcostahomes.com/es/property/detached-villa-2/;ref;MARTINEZ
Villa;villa;Orihuela;Orihuela Costa;Orihuela Costa;Murcia;España;Villa;En venta € 421.000;421000;de;En venta € 421.000;https://lrcostahomes.com/es/property/villa/;0;3;2;150;Les presentamos esta hermosa villa…;https://lrcostahomes.com/wp-content/uploads/2026/04/l-r-costa-homes-513.png;"[""https://lrcostahomes.com/wp-content/uploads/2026/04/l-r-costa-homes-513.png"", ""https://lrcostahomes.com/wp-content/uploads/2026/04/l-r-costa-homes-511.png"", ""https://lrcostahomes.com/wp-content/uploads/2026/06/WhatsApp-Image-2026-06-23-at-13.56.11.jpeg"", ""https://lrcostahomes.com/wp-content/uploads/2026/06/WhatsApp-Image-2026-06-23-at-13.56.12-1.jpeg"", ""https://lrcostahomes.com/wp-content/uploads/2026/06/WhatsApp-Image-2026-06-23-at-13.56.12.jpeg"", ""https://lrcostahomes.com/wp-content/uploads/2026/06/WhatsApp-Image-2026-06-23-at-13.56.13-1.jpeg"", ""https://lrcostahomes.com/wp-content/uploads/2026/06/WhatsApp-Image-2026-06-23-at-13.56.13-3.jpeg"", ""https://lrcostahomes.com/wp-content/uploads/2026/06/WhatsApp-Image-2026-06-23-at-13.56.13.jpeg"", ""https://lrcostahomes.com/wp-content/uploads/2026/06/WhatsApp-Image-2026-06-23-at-13.56.14-1.jpeg"", ""https://lrcostahomes.com/wp-content/uploads/2026/06/WhatsApp-Image-2026-06-23-at-13.56.14-2.jpeg"", ""https://lrcostahomes.com/wp-content/uploads/2026/06/WhatsApp-Image-2026-06-23-at-13.56.14-3.jpeg"", ""https://lrcostahomes.com/wp-content/uploads/2026/06/WhatsApp-Image-2026-06-23-at-13.56.14.jpeg"", ""https://lrcostahomes.com/wp-content/uploads/2026/06/WhatsApp-Image-2026-06-23-at-13.56.15-1.jpeg"", ""https://lrcostahomes.com/wp-content/uploads/2026/06/WhatsApp-Image-2026-06-23-at-13.56.15-2.jpeg"", ""https://lrcostahomes.com/wp-content/uploads/2026/06/WhatsApp-Image-2026-06-23-at-13.56.15-3.jpeg"", ""https://lrcostahomes.com/wp-content/uploads/2026/06/WhatsApp-Image-2026-06-23-at-13.56.15-4.jpeg"", ""https://lrcostahomes.com/wp-content/uploads/2026/06/WhatsApp-Image-2026-06-23-at-13.56.15.jpeg"", ""https://lrcostahomes.com/wp-content/uploads/2026/06/WhatsApp-Image-2026-06-23-at-13.56.16-1.jpeg"", ""https://lrcostahomes.com/wp-content/uploads/2026/06/WhatsApp-Image-2026-06-23-at-13.56.16-2.jpeg"", ""https://lrcostahomes.com/wp-content/uploads/2026/06/WhatsApp-Image-2026-06-23-at-13.56.16-3.jpeg"", ""https://lrcostahomes.com/wp-content/uploads/2026/06/WhatsApp-Image-2026-06-23-at-13.56.16-4.jpeg"", ""https://lrcostahomes.com/wp-content/uploads/2026/06/WhatsApp-Image-2026-06-23-at-13.56.16-7.jpeg"", ""https://lrcostahomes.com/wp-content/uploads/2026/06/WhatsApp-Image-2026-06-23-at-13.56.16-8.jpeg"", ""https://lrcostahomes.com/wp-content/uploads/2026/06/WhatsApp-Image-2026-06-23-at-13.56.16.jpeg"", ""https://lrcostahomes.com/wp-content/uploads/2026/06/WhatsApp-Image-2026-06-23-at-13.56.17-1.jpeg"", ""https://lrcostahomes.com/wp-content/uploads/2026/06/WhatsApp-Image-2026-06-23-at-13.56.17-2.jpeg"", ""https://lrcostahomes.com/wp-content/uploads/2026/06/WhatsApp-Image-2026-06-23-at-13.56.17-4.jpeg"", ""https://lrcostahomes.com/wp-content/uploads/2026/06/WhatsApp-Image-2026-06-23-at-13.56.17-5.jpeg"", ""https://lrcostahomes.com/wp-content/uploads/2026/06/WhatsApp-Image-2026-06-23-at-13.56.17-6.jpeg"", ""https://lrcostahomes.com/wp-content/uploads/2026/06/WhatsApp-Image-2026-06-23-at-13.56.11-488x326.jpeg""]";Importada de LRCostaHomes;draft;capture;;https://lrcostahomes.com/es/property/villa/;ref;MARTINEZ
Villa independiente;villa-independiente;Orihuela;Orihuela;Orihuela;Murcia;España;Villa;En venta € 370.000;370000;de;En venta € 370.000;https://lrcostahomes.com/es/property/detached-villa/;0;4;2;110;Villa con una gran parcela…;https://lrcostahomes.com/wp-content/uploads/2026/04/l-r-costa-homes-513.png;"[""https://lrcostahomes.com/wp-content/uploads/2026/04/l-r-costa-homes-513.png"", ""https://lrcostahomes.com/wp-content/uploads/2026/04/l-r-costa-homes-511.png"", ""https://lrcostahomes.com/wp-content/uploads/2026/06/WhatsApp-Image-2026-02-24-at-11.39.07-1-1200x720.jpeg"", ""https://lrcostahomes.com/wp-content/uploads/2026/06/WhatsApp-Image-2026-02-24-at-11.39.07-2-1240x720.jpeg"", ""https://lrcostahomes.com/wp-content/uploads/2026/06/WhatsApp-Image-2026-02-24-at-11.39.07-3-1240x720.jpeg"", ""https://lrcostahomes.com/wp-content/uploads/2026/06/WhatsApp-Image-2026-02-24-at-11.39.07-1240x720.jpeg"", ""https://lrcostahomes.com/wp-content/uploads/2026/06/WhatsApp-Image-2026-02-24-at-11.39.08-1200x720.jpeg"", ""https://lrcostahomes.com/wp-content/uploads/2026/06/WhatsApp-Image-2026-02-24-at-11.39.12-1-1200x720.jpeg"", ""https://lrcostahomes.com/wp-content/uploads/2026/06/WhatsApp-Image-2026-02-24-at-11.39.12-1200x720.jpeg"", ""https://lrcostahomes.com/wp-content/uploads/2026/06/WhatsApp-Image-2026-02-24-at-11.39.13-1-1240x720.jpeg"", ""https://lrcostahomes.com/wp-content/uploads/2026/06/WhatsApp-Image-2026-02-24-at-11.39.13-2-1240x720.jpeg"", ""https://lrcostahomes.com/wp-content/uploads/2026/06/WhatsApp-Image-2026-02-24-at-11.39.13-3-1200x720.jpeg"", ""https://lrcostahomes.com/wp-content/uploads/2026/06/WhatsApp-Image-2026-02-24-at-11.39.13-4-1240x720.jpeg"", ""https://lrcostahomes.com/wp-content/uploads/2026/06/WhatsApp-Image-2026-02-24-at-11.39.13-1240x720.jpeg"", ""https://lrcostahomes.com/wp-content/uploads/2026/06/WhatsApp-Image-2026-02-24-at-11.39.14-1-1240x720.jpeg"", ""https://lrcostahomes.com/wp-content/uploads/2026/06/WhatsApp-Image-2026-02-24-at-11.39.14-2-1199x720.jpeg"", ""https://lrcostahomes.com/wp-content/uploads/2026/06/WhatsApp-Image-2026-02-24-at-11.39.14-3-1200x720.jpeg"", ""https://lrcostahomes.com/wp-content/uploads/2026/06/WhatsApp-Image-2026-02-24-at-11.39.14-1240x720.jpeg"", ""https://lrcostahomes.com/wp-content/uploads/2026/06/WhatsApp-Image-2026-02-24-at-11.39.15-1-1240x720.jpeg"", ""https://lrcostahomes.com/wp-content/uploads/2026/06/WhatsApp-Image-2026-02-24-at-11.39.15-2-1240x720.jpeg"", ""https://lrcostahomes.com/wp-content/uploads/2026/06/WhatsApp-Image-2026-02-24-at-11.39.15-3-1240x720.jpeg"", ""https://lrcostahomes.com/wp-content/uploads/2026/06/WhatsApp-Image-2026-02-24-at-11.39.15-4-1240x720.jpeg"", ""https://lrcostahomes.com/wp-content/uploads/2026/06/WhatsApp-Image-2026-02-24-at-11.39.15-1200x720.jpeg"", ""https://lrcostahomes.com/wp-content/uploads/2026/06/WhatsApp-Image-2026-02-24-at-11.39.16-1-1200x720.jpeg"", ""https://lrcostahomes.com/wp-content/uploads/2026/06/WhatsApp-Image-2026-02-24-at-11.39.16-2-1240x720.jpeg"", ""https://lrcostahomes.com/wp-content/uploads/2026/06/WhatsApp-Image-2026-02-24-at-11.39.16-3-1240x720.jpeg"", ""https://lrcostahomes.com/wp-content/uploads/2026/06/WhatsApp-Image-2026-02-24-at-11.39.16-4-1240x720.jpeg"", ""https://lrcostahomes.com/wp-content/uploads/2026/06/WhatsApp-Image-2026-02-24-at-11.39.16-1240x720.jpeg"", ""https://lrcostahomes.com/wp-content/uploads/2026/06/WhatsApp-Image-2026-02-24-at-11.39.17-1240x720.jpeg"", ""https://lrcostahomes.com/wp-content/uploads/2026/06/WhatsApp-Image-2026-02-24-at-11.39.07-1-488x326.jpeg""]";Importada de LRCostaHomes;draft;capture;;https://lrcostahomes.com/es/property/detached-villa/;ref;MARTINEZ
FABULOSA VILLA INDEPENDIENTE;fabulosa-villa-independiente;Orihuela;Orihuela;Orihuela;Murcia;España;Villa;En venta € 412.000;412000;de;En venta € 412.000;https://lrcostahomes.com/es/property/fabulous-detached-villa/;0;4;1;145;Esta villa independiente presenta una…;https://lrcostahomes.com/wp-content/uploads/2026/04/l-r-costa-homes-513.png;"[""https://lrcostahomes.com/wp-content/uploads/2026/04/l-r-costa-homes-513.png"", ""https://lrcostahomes.com/wp-content/uploads/2026/04/l-r-costa-homes-511.png"", ""https://lrcostahomes.com/wp-content/uploads/2026/06/WhatsApp-Image-2026-06-23-at-11.56.11.jpeg"", ""https://lrcostahomes.com/wp-content/uploads/2026/06/WhatsApp-Image-2026-06-23-at-11.56.12-1.jpeg"", ""https://lrcostahomes.com/wp-content/uploads/2026/06/WhatsApp-Image-2026-06-23-at-11.56.12-2.jpeg"", ""https://lrcostahomes.com/wp-content/uploads/2026/06/WhatsApp-Image-2026-06-23-at-11.56.12-6.jpeg"", ""https://lrcostahomes.com/wp-content/uploads/2026/06/WhatsApp-Image-2026-06-23-at-11.56.12-3-522x720.jpeg"", ""https://lrcostahomes.com/wp-content/uploads/2026/06/WhatsApp-Image-2026-06-23-at-11.56.13-3.jpeg"", ""https://lrcostahomes.com/wp-content/uploads/2026/06/WhatsApp-Image-2026-06-23-at-11.56.13.jpeg"", ""https://lrcostahomes.com/wp-content/uploads/2026/06/WhatsApp-Image-2026-06-23-at-11.56.12-4.jpeg"", ""https://lrcostahomes.com/wp-content/uploads/2026/06/WhatsApp-Image-2026-06-23-at-11.56.12-5.jpeg"", ""https://lrcostahomes.com/wp-content/uploads/2026/06/WhatsApp-Image-2026-06-23-at-11.56.12-7.jpeg"", ""https://lrcostahomes.com/wp-content/uploads/2026/06/WhatsApp-Image-2026-06-23-at-11.56.12.jpeg"", ""https://lrcostahomes.com/wp-content/uploads/2026/06/WhatsApp-Image-2026-06-23-at-11.56.13-1.jpeg"", ""https://lrcostahomes.com/wp-content/uploads/2026/06/WhatsApp-Image-2026-06-23-at-11.56.13-2.jpeg"", ""https://lrcostahomes.com/wp-content/uploads/2026/06/WhatsApp-Image-2026-06-23-at-11.56.11-488x326.jpeg"", ""https://lrcostahomes.com/wp-content/uploads/2026/06/WhatsApp-Image-2026-06-23-at-11.56.12-1-488x326.jpeg"", ""https://lrcostahomes.com/wp-content/uploads/2026/06/WhatsApp-Image-2026-06-23-at-11.56.12-2-485x326.jpeg"", ""https://lrcostahomes.com/wp-content/uploads/2026/06/WhatsApp-Image-2026-06-23-at-11.56.12-6-488x326.jpeg"", ""https://lrcostahomes.com/wp-content/uploads/2026/06/WhatsApp-Image-2026-06-23-at-11.56.12-3-488x326.jpeg"", ""https://lrcostahomes.com/wp-content/uploads/2026/06/WhatsApp-Image-2026-06-23-at-11.56.13-3-488x326.jpeg"", ""https://lrcostahomes.com/wp-content/uploads/2026/06/WhatsApp-Image-2026-06-23-at-11.56.13-488x326.jpeg"", ""https://lrcostahomes.com/wp-content/uploads/2026/06/WhatsApp-Image-2026-06-23-at-11.56.12-4-488x326.jpeg"", ""https://lrcostahomes.com/wp-content/uploads/2026/06/WhatsApp-Image-2026-06-23-at-11.56.12-5-488x326.jpeg"", ""https://lrcostahomes.com/wp-content/uploads/2026/06/WhatsApp-Image-2026-06-23-at-11.56.12-7-488x326.jpeg"", ""https://lrcostahomes.com/wp-content/uploads/2026/06/WhatsApp-Image-2026-06-23-at-11.56.12-488x326.jpeg"", ""https://lrcostahomes.com/wp-content/uploads/2026/06/WhatsApp-Image-2026-06-23-at-11.56.13-1-488x326.jpeg"", ""https://lrcostahomes.com/wp-content/uploads/2026/06/WhatsApp-Image-2026-06-23-at-11.56.13-2-488x326.jpeg"", ""https://lrcostahomes.com/wp-content/uploads/2026/06/d696a380e01fa7696a380e01ff4-680x510.jpeg"", ""https://lrcostahomes.com/wp-content/uploads/2026/06/1-11-680x510.webp""]";Importada de LRCostaHomes;draft;capture;;https://lrcostahomes.com/es/property/fabulous-detached-villa/;ref;MARTINEZ
Casa adosada reformada con vistas al mar en Punta Prima.;casa-adosada-reformada-con-vistas-al-mar-en-punta-prima;Orihuela;Orihuela;Orihuela;Murcia;España;Villa;En venta € 311.000;311000;de;En venta € 311.000;https://lrcostahomes.com/es/property/renovated-townhouse-with-sea-views-in-punta-prima/;0;4;3;139;Amplia casa adosada en la codiciada zona…;https://lrcostahomes.com/wp-content/uploads/2026/04/l-r-costa-homes-513.png;"[""https://lrcostahomes.com/wp-content/uploads/2026/04/l-r-costa-homes-513.png"", ""https://lrcostahomes.com/wp-content/uploads/2026/04/l-r-costa-homes-511.png"", ""https://lrcostahomes.com/wp-content/uploads/2026/06/cbild5oac3kv4udhh6jq5-1240x720.webp"", ""https://lrcostahomes.com/wp-content/uploads/2026/06/cbild5oac3kumadhh6j6h-1240x720.webp"", ""https://lrcostahomes.com/wp-content/uploads/2026/06/cbild5oac3ku0qdhh6i7i-1240x720.webp"", ""https://lrcostahomes.com/wp-content/uploads/2026/06/cbild5oac3ku4mdhh6iev-1240x720.webp"", ""https://lrcostahomes.com/wp-content/uploads/2026/06/cbild5oac3ktbodhh6hme-1240x720.webp"", ""https://lrcostahomes.com/wp-content/uploads/2026/06/cbild5oac3ks6mdhh6ern-1240x720.webp"", ""https://lrcostahomes.com/wp-content/uploads/2026/06/cbild5oac3ksaidhh6f4v-1240x720.webp"", ""https://lrcostahomes.com/wp-content/uploads/2026/06/cbild5oac3ksbidhh6f84-1240x720.webp"", ""https://lrcostahomes.com/wp-content/uploads/2026/06/cbild5oac3kshedhh6feu-1240x720.webp"", ""https://lrcostahomes.com/wp-content/uploads/2026/06/cbild5oac3kshedhh6ffb-1240x720.webp"", ""https://lrcostahomes.com/wp-content/uploads/2026/06/cbild5oac3kt9qdhh6hhb-1240x720.webp"", ""https://lrcostahomes.com/wp-content/uploads/2026/06/cbild5oac3ktaqdhh6hih-1240x720.webp"", ""https://lrcostahomes.com/wp-content/uploads/2026/06/cbild5oac3ktmgdhh6hvm-1240x720.webp"", ""https://lrcostahomes.com/wp-content/uploads/2026/06/cbild5oac3ksmadhh6fme-1240x720.webp"", ""https://lrcostahomes.com/wp-content/uploads/2026/06/cbild5oac3kr3udhh6ddg-1240x720.webp"", ""https://lrcostahomes.com/wp-content/uploads/2026/06/cbild5oac3ksbidhh6f7o-1240x720.webp"", ""https://lrcostahomes.com/wp-content/uploads/2026/06/cbild5oac3ksicdhh6fg4-1240x720.webp"", ""https://lrcostahomes.com/wp-content/uploads/2026/06/cbild5oac3krjidhh6dob-1240x720.webp"", ""https://lrcostahomes.com/wp-content/uploads/2026/06/cbild5oac3kr9qdhh6div-1240x720.webp"", ""https://lrcostahomes.com/wp-content/uploads/2026/06/cbild5oac3krqedhh6e4m-1240x720.webp"", ""https://lrcostahomes.com/wp-content/uploads/2026/06/cbild5oac3kso8dhh6fpj-1240x720.webp"", ""https://lrcostahomes.com/wp-content/uploads/2026/06/cbild5oac3ksn8dhh6fmj-1240x720.webp"", ""https://lrcostahomes.com/wp-content/uploads/2026/06/cbild5oac3ktaqdhh6hk6-1240x720.webp"", ""https://lrcostahomes.com/wp-content/uploads/2026/06/cbild5oac3ktlidhh6hug-1240x720.webp"", ""https://lrcostahomes.com/wp-content/uploads/2026/06/cbild5oac3ktscdhh6i6d-1240x720.webp"", ""https://lrcostahomes.com/wp-content/uploads/2026/06/cbild5oac3ktscdhh6i6m-1240x720.webp"", ""https://lrcostahomes.com/wp-content/uploads/2026/06/cbild5oac3ku3odhh6idt-1240x720.webp"", ""https://lrcostahomes.com/wp-content/uploads/2026/06/cbild5oac3kumadhh6j6i-1240x720.webp""]";Importada de LRCostaHomes;draft;capture;;https://lrcostahomes.com/es/property/renovated-townhouse-with-sea-views-in-punta-prima/;ref;MARTINEZ
Bungalow;bungalow;Orihuela;Orihuela;Orihuela;Murcia;España;Villa;Obra Nueva € 369.900;369900;de;Obra Nueva € 369.900;https://lrcostahomes.com/es/property/bungalow/;0;3;2;85;Un nuevo lanzamiento exclusivo de…;https://lrcostahomes.com/wp-content/uploads/2026/04/l-r-costa-homes-513.png;"[""https://lrcostahomes.com/wp-content/uploads/2026/04/l-r-costa-homes-513.png"", ""https://lrcostahomes.com/wp-content/uploads/2026/04/l-r-costa-homes-511.png"", ""https://lrcostahomes.com/wp-content/uploads/2026/06/1-1-1240x720.jpeg"", ""https://lrcostahomes.com/wp-content/uploads/2026/06/1-1-1240x720.png"", ""https://lrcostahomes.com/wp-content/uploads/2026/06/1-2-1240x720.jpeg"", ""https://lrcostahomes.com/wp-content/uploads/2026/06/1-3-1240x720.jpeg"", ""https://lrcostahomes.com/wp-content/uploads/2026/06/1-1240x720.jpg"", ""https://lrcostahomes.com/wp-content/uploads/2026/06/1-1240x720.png"", ""https://lrcostahomes.com/wp-content/uploads/2026/06/3XAEjsmHE5kySb2YZBsszF2kq4sczT3W5KYHfaOmbeQLcqa92LnaCxtcD6H2bhWME-1024x720.jpg"", ""https://lrcostahomes.com/wp-content/uploads/2026/06/bjz5kej3OFj4nbmKMMAEYnAP96SA64w7QWesC55tAhMMFWBnf985L7Sa4XZ6fcC1B-1240x720.jpg"", ""https://lrcostahomes.com/wp-content/uploads/2026/06/CSCEjW3mALcjgtLPrSfcDR3dxPb8m69G2w2TNL9G7MbgW9wBDxbWyW9dNMFnyKjHG-1240x720.jpg"", ""https://lrcostahomes.com/wp-content/uploads/2026/06/dDa3jZPNajZHCnPgpQM6wKwYA3HAqFa9sz8EbYWWR1gPAg3atdrBzFbsc3OLakte8-1240x720.jpg"", ""https://lrcostahomes.com/wp-content/uploads/2026/06/HHHdaaeGwcWkxsFxnr7tBHENwrTq9NXQP11n5n1hzCFTSGSWRBFGmynEkrgQ28YqE-1240x720.jpg"", ""https://lrcostahomes.com/wp-content/uploads/2026/06/wezdS8xs35FwFbQxjX6tgTBm5DDrC16Qtd4ZY3c2qQZAZKBBfEpHSmp7xmDQwMTb8-1024x720.jpg"", ""https://lrcostahomes.com/wp-content/uploads/2026/06/XCtRFTw76rDrwKbaArOfWKMNHXcmEsByPqs66jw7c6ky15HhEFLcfwdDct4aw2XT2-1240x720.jpg"", ""https://lrcostahomes.com/wp-content/uploads/2026/06/xp8EDfqe59wt3T2Y9bW1WfjCnr6yNyfLyygO1kAP5mMaX2HqeHYHcwXR6C7PBt34W-1240x720.jpg"", ""https://lrcostahomes.com/wp-content/uploads/2026/06/xtYrPFg1fxe11AxaONNFnetFK41P4Qe5Xkfe7BaNSQxGC4b6B4Yt3jMd1h1TTwayD-1240x720.jpg"", ""https://lrcostahomes.com/wp-content/uploads/2026/06/1-1-488x326.jpeg"", ""https://lrcostahomes.com/wp-content/uploads/2026/06/1-1-488x326.png"", ""https://lrcostahomes.com/wp-content/uploads/2026/06/1-2-488x326.jpeg"", ""https://lrcostahomes.com/wp-content/uploads/2026/06/1-3-488x326.jpeg"", ""https://lrcostahomes.com/wp-content/uploads/2026/06/1-488x326.jpg"", ""https://lrcostahomes.com/wp-content/uploads/2026/06/1-488x326.png"", ""https://lrcostahomes.com/wp-content/uploads/2026/06/3XAEjsmHE5kySb2YZBsszF2kq4sczT3W5KYHfaOmbeQLcqa92LnaCxtcD6H2bhWME-488x326.jpg"", ""https://lrcostahomes.com/wp-content/uploads/2026/06/bjz5kej3OFj4nbmKMMAEYnAP96SA64w7QWesC55tAhMMFWBnf985L7Sa4XZ6fcC1B-488x326.jpg"", ""https://lrcostahomes.com/wp-content/uploads/2026/06/CSCEjW3mALcjgtLPrSfcDR3dxPb8m69G2w2TNL9G7MbgW9wBDxbWyW9dNMFnyKjHG-488x326.jpg"", ""https://lrcostahomes.com/wp-content/uploads/2026/06/dDa3jZPNajZHCnPgpQM6wKwYA3HAqFa9sz8EbYWWR1gPAg3atdrBzFbsc3OLakte8-488x326.jpg"", ""https://lrcostahomes.com/wp-content/uploads/2026/06/HHHdaaeGwcWkxsFxnr7tBHENwrTq9NXQP11n5n1hzCFTSGSWRBFGmynEkrgQ28YqE-488x326.jpg"", ""https://lrcostahomes.com/wp-content/uploads/2026/06/wezdS8xs35FwFbQxjX6tgTBm5DDrC16Qtd4ZY3c2qQZAZKBBfEpHSmp7xmDQwMTb8-488x326.jpg"", ""https://lrcostahomes.com/wp-content/uploads/2026/06/XCtRFTw76rDrwKbaArOfWKMNHXcmEsByPqs66jw7c6ky15HhEFLcfwdDct4aw2XT2-488x326.jpg""]";Importada de LRCostaHomes;draft;capture;;https://lrcostahomes.com/es/property/bungalow/;ref;MARTINEZ
Casa adosada de 3 dormitorios en Los Dolses;casa-adosada-de-3-dormitorios-en-los-dolses;Orihuela;Orihuela Costa;Orihuela Costa;Murcia;España;Villa;En venta € 227.000;227000;de;En venta € 227.000;https://lrcostahomes.com/es/property/3-bedroom-townhouse-in-los-dolses/;0;3;2;98;Esta casa muy espaciosa de 3 habitaciones,…;https://lrcostahomes.com/wp-content/uploads/2026/04/l-r-costa-homes-513.png;"[""https://lrcostahomes.com/wp-content/uploads/2026/04/l-r-costa-homes-513.png"", ""https://lrcostahomes.com/wp-content/uploads/2026/04/l-r-costa-homes-511.png"", ""https://lrcostahomes.com/wp-content/uploads/2026/06/HE28244__DSCF5369-1240x720.webp"", ""https://lrcostahomes.com/wp-content/uploads/2026/06/HE28244__DSCF5358-1240x720.webp"", ""https://lrcostahomes.com/wp-content/uploads/2026/06/HE28244__DSCF5241-1240x720.webp"", ""https://lrcostahomes.com/wp-content/uploads/2026/06/HE28244__DSCF5354-1240x720.webp"", ""https://lrcostahomes.com/wp-content/uploads/2026/06/HE28244__DSCF5388-1240x720.webp"", ""https://lrcostahomes.com/wp-content/uploads/2026/06/HE28244__DSCF5280-1240x720.webp"", ""https://lrcostahomes.com/wp-content/uploads/2026/06/HE28244__DSCF5272-1240x720.webp"", ""https://lrcostahomes.com/wp-content/uploads/2026/06/HE28244__DSCF5247-1240x720.webp"", ""https://lrcostahomes.com/wp-content/uploads/2026/06/HE28244__DSCF5254-1240x720.webp"", ""https://lrcostahomes.com/wp-content/uploads/2026/06/HE28244__DSCF5262-1240x720.webp"", ""https://lrcostahomes.com/wp-content/uploads/2026/06/HE28244__DSCF5265-1240x720.webp"", ""https://lrcostahomes.com/wp-content/uploads/2026/06/HE28244__DSCF5287-1240x720.webp"", ""https://lrcostahomes.com/wp-content/uploads/2026/06/HE28244__DSCF5297-1240x720.webp"", ""https://lrcostahomes.com/wp-content/uploads/2026/06/HE28244__DSCF5305-1240x720.webp"", ""https://lrcostahomes.com/wp-content/uploads/2026/06/HE28244__DSCF5314-1240x720.webp"", ""https://lrcostahomes.com/wp-content/uploads/2026/06/HE28244__DSCF5320-1240x720.webp"", ""https://lrcostahomes.com/wp-content/uploads/2026/06/HE28244__DSCF5324-1240x720.webp"", ""https://lrcostahomes.com/wp-content/uploads/2026/06/HE28244__DSCF5334-1240x720.webp"", ""https://lrcostahomes.com/wp-content/uploads/2026/06/HE28244__DSCF5339-1240x720.webp"", ""https://lrcostahomes.com/wp-content/uploads/2026/06/HE28244__DSCF5348-1240x720.webp"", ""https://lrcostahomes.com/wp-content/uploads/2026/06/HE28244__DSCF5369-488x326.webp"", ""https://lrcostahomes.com/wp-content/uploads/2026/06/HE28244__DSCF5358-488x326.webp"", ""https://lrcostahomes.com/wp-content/uploads/2026/06/HE28244__DSCF5241-488x326.webp"", ""https://lrcostahomes.com/wp-content/uploads/2026/06/HE28244__DSCF5354-488x326.webp"", ""https://lrcostahomes.com/wp-content/uploads/2026/06/HE28244__DSCF5388-488x326.webp"", ""https://lrcostahomes.com/wp-content/uploads/2026/06/HE28244__DSCF5280-488x326.webp"", ""https://lrcostahomes.com/wp-content/uploads/2026/06/HE28244__DSCF5272-488x326.webp"", ""https://lrcostahomes.com/wp-content/uploads/2026/06/HE28244__DSCF5247-488x326.webp""]";Importada de LRCostaHomes;draft;capture;;https://lrcostahomes.com/es/property/3-bedroom-townhouse-in-los-dolses/;ref;MARTINEZ
Adosado de 2 habitaciones;adosado-de-2-habitaciones;Orihuela;Orihuela Costa;Orihuela Costa;Murcia;España;Villa;En venta € 207.000;207000;de;En venta € 207.000;https://lrcostahomes.com/es/property/2-bedroom-townhouse/;0;2;1;83;Nos complace ofrecer…;https://lrcostahomes.com/wp-content/uploads/2026/04/l-r-costa-homes-513.png;"[""https://lrcostahomes.com/wp-content/uploads/2026/04/l-r-costa-homes-513.png"", ""https://lrcostahomes.com/wp-content/uploads/2026/04/l-r-costa-homes-511.png"", ""https://lrcostahomes.com/wp-content/uploads/2026/06/HE29094__DSC_1048-1240x720.webp"", ""https://lrcostahomes.com/wp-content/uploads/2026/06/HE29094__DSC_1051-1240x720.webp"", ""https://lrcostahomes.com/wp-content/uploads/2026/06/HE29094__DSC_1000-1240x720.webp"", ""https://lrcostahomes.com/wp-content/uploads/2026/06/HE29094__DSC_1003-1240x720.webp"", ""https://lrcostahomes.com/wp-content/uploads/2026/06/HE29094__DSC_1004-1240x720.webp"", ""https://lrcostahomes.com/wp-content/uploads/2026/06/HE29094__DSC_1007-1240x720.webp"", ""https://lrcostahomes.com/wp-content/uploads/2026/06/HE29094__DSC_1008-1240x720.webp"", ""https://lrcostahomes.com/wp-content/uploads/2026/06/HE29094__DSC_1011-1240x720.webp"", ""https://lrcostahomes.com/wp-content/uploads/2026/06/HE29094__DSC_1012-1240x720.webp"", ""https://lrcostahomes.com/wp-content/uploads/2026/06/HE29094__DSC_1017-1240x720.webp"", ""https://lrcostahomes.com/wp-content/uploads/2026/06/HE29094__DSC_1020-1240x720.webp"", ""https://lrcostahomes.com/wp-content/uploads/2026/06/HE29094__DSC_1024-1240x720.webp"", ""https://lrcostahomes.com/wp-content/uploads/2026/06/HE29094__DSC_1025-1240x720.webp"", ""https://lrcostahomes.com/wp-content/uploads/2026/06/HE29094__DSC_1027-1240x720.webp"", ""https://lrcostahomes.com/wp-content/uploads/2026/06/HE29094__DSC_1030-1240x720.webp"", ""https://lrcostahomes.com/wp-content/uploads/2026/06/HE29094__DSC_1032-1240x720.webp"", ""https://lrcostahomes.com/wp-content/uploads/2026/06/HE29094__DSC_1041-1240x720.webp"", ""https://lrcostahomes.com/wp-content/uploads/2026/06/HE29094__DSC_1044-1240x720.webp"", ""https://lrcostahomes.com/wp-content/uploads/2026/06/HE29094__DSC_1047-1240x720.webp"", ""https://lrcostahomes.com/wp-content/uploads/2026/06/HE29094__DSC_1050-1240x720.webp"", ""https://lrcostahomes.com/wp-content/uploads/2026/06/HE29094__DSC_1052-1240x720.webp"", ""https://lrcostahomes.com/wp-content/uploads/2026/06/HE29094__DSC_1054-1240x720.webp"", ""https://lrcostahomes.com/wp-content/uploads/2026/06/HE29094__DSC_1059-1240x720.webp"", ""https://lrcostahomes.com/wp-content/uploads/2026/06/HE29094__DSC_1063-1240x720.webp"", ""https://lrcostahomes.com/wp-content/uploads/2026/06/HE29094__DSC_1065-1240x720.webp"", ""https://lrcostahomes.com/wp-content/uploads/2026/06/HE29094__DSC_1066-1240x720.webp"", ""https://lrcostahomes.com/wp-content/uploads/2026/06/HE29094__DSC_1068-1240x720.webp"", ""https://lrcostahomes.com/wp-content/uploads/2026/06/HE29094__DSC_1070-1240x720.webp""]";Importada de LRCostaHomes;draft;capture;;https://lrcostahomes.com/es/property/2-bedroom-townhouse/;ref;MARTINEZ
Casa adosada de 2 dormitorios en Villamartin;casa-adosada-de-2-dormitorios-en-villamartin;Orihuela;Orihuela Costa;Orihuela Costa;Murcia;España;Villa;En venta € 207.000;207000;de;En venta € 207.000;https://lrcostahomes.com/es/property/2-bedroom-townhouse-in-villamartin/;0;2;1;86;Este encantador apartamento de 2 dormitorios, 1.5…;https://lrcostahomes.com/wp-content/uploads/2026/04/l-r-costa-homes-513.png;"[""https://lrcostahomes.com/wp-content/uploads/2026/04/l-r-costa-homes-513.png"", ""https://lrcostahomes.com/wp-content/uploads/2026/04/l-r-costa-homes-511.png"", ""https://lrcostahomes.com/wp-content/uploads/2026/06/HE28251__DSCF7009-1240x720.jpg"", ""https://lrcostahomes.com/wp-content/uploads/2026/06/HE28251__DSCF7006-1240x720.jpg"", ""https://lrcostahomes.com/wp-content/uploads/2026/06/HE28251__DSCF7021-1240x720.webp"", ""https://lrcostahomes.com/wp-content/uploads/2026/06/HE28251__DSCF7024-1240x720.webp"", ""https://lrcostahomes.com/wp-content/uploads/2026/06/HE28251__DSCF7030-1240x720.webp"", ""https://lrcostahomes.com/wp-content/uploads/2026/06/HE28251__DSCF7031-1240x720.webp"", ""https://lrcostahomes.com/wp-content/uploads/2026/06/HE28251__DSCF7036-1240x720.webp"", ""https://lrcostahomes.com/wp-content/uploads/2026/06/HE28251__DSCF7039-1240x720.webp"", ""https://lrcostahomes.com/wp-content/uploads/2026/06/HE28251__DSCF7041-1240x720.webp"", ""https://lrcostahomes.com/wp-content/uploads/2026/06/HE28251__DSCF7056-1240x720.webp"", ""https://lrcostahomes.com/wp-content/uploads/2026/06/HE28251__DSCF7060-1240x720.webp"", ""https://lrcostahomes.com/wp-content/uploads/2026/06/HE28251__DSCF7069-1240x720.webp"", ""https://lrcostahomes.com/wp-content/uploads/2026/06/HE28251__DSCF7072-1240x720.webp"", ""https://lrcostahomes.com/wp-content/uploads/2026/06/HE28251__DSCF7077-1240x720.webp"", ""https://lrcostahomes.com/wp-content/uploads/2026/06/HE28251__DSCF7081-1240x720.webp"", ""https://lrcostahomes.com/wp-content/uploads/2026/06/HE28251__DSCF7086-1240x720.webp"", ""https://lrcostahomes.com/wp-content/uploads/2026/06/HE28251__DSCF7097-1240x720.webp"", ""https://lrcostahomes.com/wp-content/uploads/2026/06/HE28251__DSCF7107-1240x720.webp"", ""https://lrcostahomes.com/wp-content/uploads/2026/06/HE28251__DSCF7149-1240x720.webp"", ""https://lrcostahomes.com/wp-content/uploads/2026/06/HE28251__DSCF7009-488x326.jpg"", ""https://lrcostahomes.com/wp-content/uploads/2026/06/HE28251__DSCF7006-488x326.jpg"", ""https://lrcostahomes.com/wp-content/uploads/2026/06/HE28251__DSCF7021-488x326.webp"", ""https://lrcostahomes.com/wp-content/uploads/2026/06/HE28251__DSCF7024-488x326.webp"", ""https://lrcostahomes.com/wp-content/uploads/2026/06/HE28251__DSCF7030-488x326.webp"", ""https://lrcostahomes.com/wp-content/uploads/2026/06/HE28251__DSCF7031-488x326.webp"", ""https://lrcostahomes.com/wp-content/uploads/2026/06/HE28251__DSCF7036-488x326.webp"", ""https://lrcostahomes.com/wp-content/uploads/2026/06/HE28251__DSCF7039-488x326.webp"", ""https://lrcostahomes.com/wp-content/uploads/2026/06/HE28251__DSCF7041-488x326.webp""]";Importada de LRCostaHomes;draft;capture;;https://lrcostahomes.com/es/property/2-bedroom-townhouse-in-villamartin/;ref;MARTINEZ
Casa adosada de 2 dormitorios en Punta Prima;casa-adosada-de-2-dormitorios-en-punta-prima;Orihuela;Orihuela Costa;Orihuela Costa;Murcia;España;Villa;En venta € 196.000;196000;de;En venta € 196.000;https://lrcostahomes.com/es/property/2-bedroom-townhouse-in-punta-prima/;0;2;1;81;Esta impecable casa de 2 habitaciones y 1.5 baños…;https://lrcostahomes.com/wp-content/uploads/2026/04/l-r-costa-homes-513.png;"[""https://lrcostahomes.com/wp-content/uploads/2026/04/l-r-costa-homes-513.png"", ""https://lrcostahomes.com/wp-content/uploads/2026/04/l-r-costa-homes-511.png"", ""https://lrcostahomes.com/wp-content/uploads/2026/06/HE28253__DSCF7923-1240x720.webp"", ""https://lrcostahomes.com/wp-content/uploads/2026/06/HE28253__DSCF8011-1240x720.webp"", ""https://lrcostahomes.com/wp-content/uploads/2026/06/HE28253__DSCF7992-1240x720.webp"", ""https://lrcostahomes.com/wp-content/uploads/2026/06/HE28253__DSCF8003-1240x720.webp"", ""https://lrcostahomes.com/wp-content/uploads/2026/06/HE28253__DSCF7985-1240x720.webp"", ""https://lrcostahomes.com/wp-content/uploads/2026/06/HE28253__DSCF7902-1240x720.webp"", ""https://lrcostahomes.com/wp-content/uploads/2026/06/HE28253__DSCF7958-1240x720.webp"", ""https://lrcostahomes.com/wp-content/uploads/2026/06/HE28253__DSCF7878-1240x720.webp"", ""https://lrcostahomes.com/wp-content/uploads/2026/06/HE28253__DSCF7909-1240x720.webp"", ""https://lrcostahomes.com/wp-content/uploads/2026/06/HE28253__DSCF7915-1240x720.webp"", ""https://lrcostahomes.com/wp-content/uploads/2026/06/HE28253__DSCF7919-1240x720.webp"", ""https://lrcostahomes.com/wp-content/uploads/2026/06/HE28253__DSCF7944-1240x720.webp"", ""https://lrcostahomes.com/wp-content/uploads/2026/06/HE28253__DSCF7950-1240x720.webp"", ""https://lrcostahomes.com/wp-content/uploads/2026/06/HE28253__DSCF7952-1240x720.webp"", ""https://lrcostahomes.com/wp-content/uploads/2026/06/HE28253__DSCF7970-1240x720.webp"", ""https://lrcostahomes.com/wp-content/uploads/2026/06/HE28253__DSCF8019-1240x720.webp"", ""https://lrcostahomes.com/wp-content/uploads/2026/06/HE28253__DSCF8034-1240x720.webp"", ""https://lrcostahomes.com/wp-content/uploads/2026/06/HE28253__DSCF8053-1240x720.webp"", ""https://lrcostahomes.com/wp-content/uploads/2026/06/HE28253__DSCF7923-488x326.webp"", ""https://lrcostahomes.com/wp-content/uploads/2026/06/HE28253__DSCF8011-488x326.webp"", ""https://lrcostahomes.com/wp-content/uploads/2026/06/HE28253__DSCF7992-488x326.webp"", ""https://lrcostahomes.com/wp-content/uploads/2026/06/HE28253__DSCF8003-488x326.webp"", ""https://lrcostahomes.com/wp-content/uploads/2026/06/HE28253__DSCF7985-488x326.webp"", ""https://lrcostahomes.com/wp-content/uploads/2026/06/HE28253__DSCF7902-488x326.webp"", ""https://lrcostahomes.com/wp-content/uploads/2026/06/HE28253__DSCF7958-488x326.webp"", ""https://lrcostahomes.com/wp-content/uploads/2026/06/HE28253__DSCF7878-488x326.webp"", ""https://lrcostahomes.com/wp-content/uploads/2026/06/HE28253__DSCF7909-488x326.webp"", ""https://lrcostahomes.com/wp-content/uploads/2026/06/HE28253__DSCF7915-488x326.webp""]";Importada de LRCostaHomes;draft;capture;;https://lrcostahomes.com/es/property/2-bedroom-townhouse-in-punta-prima/;ref;MARTINEZ
Casa adosada de 2 dormitorios en Los Dolses;casa-adosada-de-2-dormitorios-en-los-dolses;Orihuela;Orihuela Costa;Orihuela Costa;Murcia;España;Villa;En venta € 218.500;218500;de;En venta € 218.500;https://lrcostahomes.com/es/property/2-bedroom-townhouse-in-los-dolses/;0;2;2;101;Magnífica ubicación: apartamento de 2 habitaciones y 2 baños…;https://lrcostahomes.com/wp-content/uploads/2026/04/l-r-costa-homes-513.png;"[""https://lrcostahomes.com/wp-content/uploads/2026/04/l-r-costa-homes-513.png"", ""https://lrcostahomes.com/wp-content/uploads/2026/04/l-r-costa-homes-511.png"", ""https://lrcostahomes.com/wp-content/uploads/2026/06/HE29080__DSC_0505-1240x720.jpg"", ""https://lrcostahomes.com/wp-content/uploads/2026/06/HE29080__DSC_0535-1240x720.jpg"", ""https://lrcostahomes.com/wp-content/uploads/2026/06/HE29080__DSC_0537-1240x720.jpg"", ""https://lrcostahomes.com/wp-content/uploads/2026/06/HE29080__IMG-20260113-WA0031.jpg"", ""https://lrcostahomes.com/wp-content/uploads/2026/06/HE29080__IMG-20260113-WA0040.jpg"", ""https://lrcostahomes.com/wp-content/uploads/2026/06/HE29080__IMG-20260113-WA0041.jpg"", ""https://lrcostahomes.com/wp-content/uploads/2026/06/HE29080__IMG-20260113-WA0042.jpg"", ""https://lrcostahomes.com/wp-content/uploads/2026/06/HE29080__IMG-20260113-WA0044.jpg"", ""https://lrcostahomes.com/wp-content/uploads/2026/06/HE29080__IMG-20260113-WA0045.jpg"", ""https://lrcostahomes.com/wp-content/uploads/2026/06/HE29080__IMG-20260113-WA0047.jpg"", ""https://lrcostahomes.com/wp-content/uploads/2026/06/HE29080__IMG-20260113-WA0050.jpg"", ""https://lrcostahomes.com/wp-content/uploads/2026/06/HE29080__IMG-20260113-WA0052.jpg"", ""https://lrcostahomes.com/wp-content/uploads/2026/06/HE29080__IMG-20260113-WA0058.jpg"", ""https://lrcostahomes.com/wp-content/uploads/2026/06/HE29080__IMG-20260113-WA0059.jpg"", ""https://lrcostahomes.com/wp-content/uploads/2026/06/HE29080__IMG-20260113-WA0069.jpg"", ""https://lrcostahomes.com/wp-content/uploads/2026/06/HE29080__IMG-20260113-WA0070.jpg"", ""https://lrcostahomes.com/wp-content/uploads/2026/06/HE29080__IMG-20260113-WA0072.jpg"", ""https://lrcostahomes.com/wp-content/uploads/2026/06/HE29080__IMG-20260113-WA0074.jpg"", ""https://lrcostahomes.com/wp-content/uploads/2026/06/HE29080__IMG-20260113-WA0056.jpg"", ""https://lrcostahomes.com/wp-content/uploads/2026/06/HE29080__DSC_0505-488x326.jpg"", ""https://lrcostahomes.com/wp-content/uploads/2026/06/HE29080__DSC_0535-488x326.jpg"", ""https://lrcostahomes.com/wp-content/uploads/2026/06/HE29080__DSC_0537-488x326.jpg"", ""https://lrcostahomes.com/wp-content/uploads/2026/06/HE29080__IMG-20260113-WA0031-488x326.jpg"", ""https://lrcostahomes.com/wp-content/uploads/2026/06/HE29080__IMG-20260113-WA0040-488x326.jpg"", ""https://lrcostahomes.com/wp-content/uploads/2026/06/HE29080__IMG-20260113-WA0041-488x326.jpg"", ""https://lrcostahomes.com/wp-content/uploads/2026/06/HE29080__IMG-20260113-WA0042-488x326.jpg"", ""https://lrcostahomes.com/wp-content/uploads/2026/06/HE29080__IMG-20260113-WA0044-488x326.jpg"", ""https://lrcostahomes.com/wp-content/uploads/2026/06/HE29080__IMG-20260113-WA0045-488x326.jpg""]";Importada de LRCostaHomes;draft;capture;;https://lrcostahomes.com/es/property/2-bedroom-townhouse-in-los-dolses/;ref;MARTINEZ
Apartamento;apartamento;Orihuela;Orihuela Costa;Orihuela Costa;Murcia;España;Villa;En venta € 89.000;89000;de;En venta € 89.000;https://lrcostahomes.com/es/property/apartment-2/;0;1;1;46;Este encantador apartamento reformado en la primera planta…;https://lrcostahomes.com/wp-content/uploads/2026/04/l-r-costa-homes-513.png;"[""https://lrcostahomes.com/wp-content/uploads/2026/04/l-r-costa-homes-513.png"", ""https://lrcostahomes.com/wp-content/uploads/2026/04/l-r-costa-homes-511.png"", ""https://lrcostahomes.com/wp-content/uploads/2026/06/WhatsApp-Image-2026-06-17-at-14.08.52-2.jpeg"", ""https://lrcostahomes.com/wp-content/uploads/2026/06/WhatsApp-Image-2026-06-17-at-14.08.51.jpeg"", ""https://lrcostahomes.com/wp-content/uploads/2026/06/WhatsApp-Image-2026-06-17-at-14.08.51-1.jpeg"", ""https://lrcostahomes.com/wp-content/uploads/2026/06/WhatsApp-Image-2026-06-17-at-14.08.52-3.jpeg"", ""https://lrcostahomes.com/wp-content/uploads/2026/06/WhatsApp-Image-2026-06-17-at-14.08.52-4.jpeg"", ""https://lrcostahomes.com/wp-content/uploads/2026/06/WhatsApp-Image-2026-06-17-at-14.08.52-5.jpeg"", ""https://lrcostahomes.com/wp-content/uploads/2026/06/WhatsApp-Image-2026-06-17-at-14.08.52-6.jpeg"", ""https://lrcostahomes.com/wp-content/uploads/2026/06/WhatsApp-Image-2026-06-17-at-14.08.52.jpeg"", ""https://lrcostahomes.com/wp-content/uploads/2026/06/WhatsApp-Image-2026-06-17-at-14.08.52-1.jpeg"", ""https://lrcostahomes.com/wp-content/uploads/2026/06/WhatsApp-Image-2026-06-17-at-14.08.53.jpeg"", ""https://lrcostahomes.com/wp-content/uploads/2026/06/WhatsApp-Image-2026-06-17-at-14.08.52-2-488x326.jpeg"", ""https://lrcostahomes.com/wp-content/uploads/2026/06/WhatsApp-Image-2026-06-17-at-14.08.51-488x326.jpeg"", ""https://lrcostahomes.com/wp-content/uploads/2026/06/WhatsApp-Image-2026-06-17-at-14.08.51-1-488x326.jpeg"", ""https://lrcostahomes.com/wp-content/uploads/2026/06/WhatsApp-Image-2026-06-17-at-14.08.52-3-488x326.jpeg"", ""https://lrcostahomes.com/wp-content/uploads/2026/06/WhatsApp-Image-2026-06-17-at-14.08.52-4-488x326.jpeg"", ""https://lrcostahomes.com/wp-content/uploads/2026/06/WhatsApp-Image-2026-06-17-at-14.08.52-5-488x326.jpeg"", ""https://lrcostahomes.com/wp-content/uploads/2026/06/WhatsApp-Image-2026-06-17-at-14.08.52-6-488x326.jpeg"", ""https://lrcostahomes.com/wp-content/uploads/2026/06/WhatsApp-Image-2026-06-17-at-14.08.52-488x326.jpeg"", ""https://lrcostahomes.com/wp-content/uploads/2026/06/WhatsApp-Image-2026-06-17-at-14.08.52-1-488x326.jpeg"", ""https://lrcostahomes.com/wp-content/uploads/2026/06/WhatsApp-Image-2026-06-17-at-14.08.53-488x326.jpeg"", ""https://lrcostahomes.com/wp-content/uploads/2026/09/1-Apt-680x510.jpg"", ""https://lrcostahomes.com/wp-content/uploads/2026/06/WhatsApp-Image-2026-06-10-at-09.07.36-680x510.jpeg""]";Importada de LRCostaHomes;draft;capture;;https://lrcostahomes.com/es/property/apartment-2/;ref;MARTINEZ
Apartamento;apartamento;Orihuela;Orihuela;Orihuela;Murcia;España;Villa;En venta € 86.900;86900;de;En venta € 86.900;https://lrcostahomes.com/es/property/piso-de-un-dormitorio/;0;1;1;34;El apartamento cuenta con una cómoda…;https://lrcostahomes.com/wp-content/uploads/2026/04/l-r-costa-homes-513.png;"[""https://lrcostahomes.com/wp-content/uploads/2026/04/l-r-costa-homes-513.png"", ""https://lrcostahomes.com/wp-content/uploads/2026/04/l-r-costa-homes-511.png"", ""https://lrcostahomes.com/wp-content/uploads/2026/06/4-1-1240x720.jpg"", ""https://lrcostahomes.com/wp-content/uploads/2026/06/4-2-1240x720.jpg"", ""https://lrcostahomes.com/wp-content/uploads/2026/06/4-3-1240x720.jpg"", ""https://lrcostahomes.com/wp-content/uploads/2026/06/4-4-1240x720.jpg"", ""https://lrcostahomes.com/wp-content/uploads/2026/06/4-5-1240x720.jpg"", ""https://lrcostahomes.com/wp-content/uploads/2026/06/4-7-1240x720.jpg"", ""https://lrcostahomes.com/wp-content/uploads/2026/06/4-8-1240x720.jpg"", ""https://lrcostahomes.com/wp-content/uploads/2026/06/4-9-1240x720.jpg"", ""https://lrcostahomes.com/wp-content/uploads/2026/06/4-10-1240x720.jpg"", ""https://lrcostahomes.com/wp-content/uploads/2026/06/4-11-1240x720.jpg"", ""https://lrcostahomes.com/wp-content/uploads/2026/06/4-12-1240x720.jpg"", ""https://lrcostahomes.com/wp-content/uploads/2026/06/4-13-1240x720.jpg"", ""https://lrcostahomes.com/wp-content/uploads/2026/06/4-16-1240x720.jpg"", ""https://lrcostahomes.com/wp-content/uploads/2026/06/4-17-1-1240x720.jpg"", ""https://lrcostahomes.com/wp-content/uploads/2026/06/4-18-1240x720.jpg"", ""https://lrcostahomes.com/wp-content/uploads/2026/06/4-19-1240x720.jpg"", ""https://lrcostahomes.com/wp-content/uploads/2026/06/4-20-1240x720.jpg"", ""https://lrcostahomes.com/wp-content/uploads/2026/06/4-21-1240x720.jpg"", ""https://lrcostahomes.com/wp-content/uploads/2026/06/4-1-488x326.jpg"", ""https://lrcostahomes.com/wp-content/uploads/2026/06/4-2-488x326.jpg"", ""https://lrcostahomes.com/wp-content/uploads/2026/06/4-3-488x326.jpg"", ""https://lrcostahomes.com/wp-content/uploads/2026/06/4-4-488x326.jpg"", ""https://lrcostahomes.com/wp-content/uploads/2026/06/4-5-488x326.jpg"", ""https://lrcostahomes.com/wp-content/uploads/2026/06/4-7-488x326.jpg"", ""https://lrcostahomes.com/wp-content/uploads/2026/06/4-8-488x326.jpg"", ""https://lrcostahomes.com/wp-content/uploads/2026/06/4-9-488x326.jpg"", ""https://lrcostahomes.com/wp-content/uploads/2026/06/4-10-488x326.jpg"", ""https://lrcostahomes.com/wp-content/uploads/2026/06/4-11-488x326.jpg""]";Importada de LRCostaHomes;draft;capture;;https://lrcostahomes.com/es/property/piso-de-un-dormitorio/;ref;MARTINEZ
Ático con vistas espectaculares;tico-con-vistas-espectaculares;Orihuela;Orihuela;Orihuela;Murcia;España;Villa;En venta € 260.000;260000;de;En venta € 260.000;https://lrcostahomes.com/es/property/penthouse-with-spectacular-views/;0;1;1;58;Descubra este atractivo ático en el quinto piso…;https://lrcostahomes.com/wp-content/uploads/2026/04/l-r-costa-homes-513.png;"[""https://lrcostahomes.com/wp-content/uploads/2026/04/l-r-costa-homes-513.png"", ""https://lrcostahomes.com/wp-content/uploads/2026/04/l-r-costa-homes-511.png"", ""https://lrcostahomes.com/wp-content/uploads/2026/06/WhatsApp-Image-2026-06-17-at-12.49.48-1240x720.jpeg"", ""https://lrcostahomes.com/wp-content/uploads/2026/06/resale-apartment-flat-torrevieja-la-mata_239590_xl_1408ecf2-43ae-4118-a196-56deed803ebd_PhotoGrid-1240x720.jpg"", ""https://lrcostahomes.com/wp-content/uploads/2026/06/WhatsApp-Image-2026-06-17-at-12.49.48-8-1240x720.jpeg"", ""https://lrcostahomes.com/wp-content/uploads/2026/06/WhatsApp-Image-2026-06-17-at-12.49.49-1240x720.jpeg"", ""https://lrcostahomes.com/wp-content/uploads/2026/06/WhatsApp-Image-2026-06-17-at-12.49.49-2-1240x720.jpeg"", ""https://lrcostahomes.com/wp-content/uploads/2026/06/WhatsApp-Image-2026-06-17-at-12.49.48-5-1240x720.jpeg"", ""https://lrcostahomes.com/wp-content/uploads/2026/06/WhatsApp-Image-2026-06-17-at-12.49.48-2-1240x720.jpeg"", ""https://lrcostahomes.com/wp-content/uploads/2026/06/WhatsApp-Image-2026-06-17-at-12.49.48-7-1240x720.jpeg"", ""https://lrcostahomes.com/wp-content/uploads/2026/06/WhatsApp-Image-2026-06-17-at-12.49.48-3-1240x720.jpeg"", ""https://lrcostahomes.com/wp-content/uploads/2026/06/WhatsApp-Image-2026-06-17-at-12.49.48-6-1240x720.jpeg"", ""https://lrcostahomes.com/wp-content/uploads/2026/06/WhatsApp-Image-2026-06-17-at-12.49.48-4-1240x720.jpeg"", ""https://lrcostahomes.com/wp-content/uploads/2026/06/WhatsApp-Image-2026-06-17-at-12.49.49-1-1240x720.jpeg"", ""https://lrcostahomes.com/wp-content/uploads/2026/06/WhatsApp-Image-2026-06-17-at-12.49.48-1-1240x720.jpeg"", ""https://lrcostahomes.com/wp-content/uploads/2026/06/resale-apartment-flat-torrevieja-la-mata_239573_xl_61c7862e-be52-4c5c-95c5-b8ea20049dd4_PhotoGrid-1240x720.jpg"", ""https://lrcostahomes.com/wp-content/uploads/2026/06/resale-apartment-flat-torrevieja-la-mata_239586_xl_0c10b15b-dbaa-40f9-82e6-a92c5b43caee_PhotoGrid-1240x720.jpg"", ""https://lrcostahomes.com/wp-content/uploads/2026/06/WhatsApp-Image-2026-06-17-at-12.49.48-488x326.jpeg"", ""https://lrcostahomes.com/wp-content/uploads/2026/06/resale-apartment-flat-torrevieja-la-mata_239590_xl_1408ecf2-43ae-4118-a196-56deed803ebd_PhotoGrid-488x326.jpg"", ""https://lrcostahomes.com/wp-content/uploads/2026/06/WhatsApp-Image-2026-06-17-at-12.49.48-8-488x326.jpeg"", ""https://lrcostahomes.com/wp-content/uploads/2026/06/WhatsApp-Image-2026-06-17-at-12.49.49-488x326.jpeg"", ""https://lrcostahomes.com/wp-content/uploads/2026/06/WhatsApp-Image-2026-06-17-at-12.49.49-2-488x326.jpeg"", ""https://lrcostahomes.com/wp-content/uploads/2026/06/WhatsApp-Image-2026-06-17-at-12.49.48-5-488x326.jpeg"", ""https://lrcostahomes.com/wp-content/uploads/2026/06/WhatsApp-Image-2026-06-17-at-12.49.48-2-488x326.jpeg"", ""https://lrcostahomes.com/wp-content/uploads/2026/06/WhatsApp-Image-2026-06-17-at-12.49.48-7-488x326.jpeg"", ""https://lrcostahomes.com/wp-content/uploads/2026/06/WhatsApp-Image-2026-06-17-at-12.49.48-3-488x326.jpeg"", ""https://lrcostahomes.com/wp-content/uploads/2026/06/WhatsApp-Image-2026-06-17-at-12.49.48-6-488x326.jpeg"", ""https://lrcostahomes.com/wp-content/uploads/2026/06/WhatsApp-Image-2026-06-17-at-12.49.48-4-488x326.jpeg"", ""https://lrcostahomes.com/wp-content/uploads/2026/06/WhatsApp-Image-2026-06-17-at-12.49.49-1-488x326.jpeg"", ""https://lrcostahomes.com/wp-content/uploads/2026/06/WhatsApp-Image-2026-06-17-at-12.49.48-1-488x326.jpeg""]";Importada de LRCostaHomes;draft;capture;;https://lrcostahomes.com/es/property/penthouse-with-spectacular-views/;ref;MARTINEZ
Apartamento soleado frente a la playa;apartamento-soleado-frente-a-la-playa;Orihuela;Orihuela;Orihuela;Murcia;España;Villa;En venta € 204.500;204500;de;En venta € 204.500;https://lrcostahomes.com/es/property/sunny-beachfront-apartment/;0;2;1;49;Descubre este encantador y soleado lugar…;https://lrcostahomes.com/wp-content/uploads/2026/04/l-r-costa-homes-513.png;"[""https://lrcostahomes.com/wp-content/uploads/2026/04/l-r-costa-homes-513.png"", ""https://lrcostahomes.com/wp-content/uploads/2026/04/l-r-costa-homes-511.png"", ""https://lrcostahomes.com/wp-content/uploads/2026/06/679251_lg-1.jpg"", ""https://lrcostahomes.com/wp-content/uploads/2026/06/679253_lg-2.jpg"", ""https://lrcostahomes.com/wp-content/uploads/2026/06/679256_lg-1.jpg"", ""https://lrcostahomes.com/wp-content/uploads/2026/06/679260_lg-1.jpg"", ""https://lrcostahomes.com/wp-content/uploads/2026/06/679268_lg-1.jpg"", ""https://lrcostahomes.com/wp-content/uploads/2026/06/679273_lg-1.jpg"", ""https://lrcostahomes.com/wp-content/uploads/2026/06/679266_lg-1.jpg"", ""https://lrcostahomes.com/wp-content/uploads/2026/06/679274_lg-1.jpg"", ""https://lrcostahomes.com/wp-content/uploads/2026/06/679252_lg-1.jpg"", ""https://lrcostahomes.com/wp-content/uploads/2026/06/679249_lg-1.jpg"", ""https://lrcostahomes.com/wp-content/uploads/2026/06/679255_lg-1.jpg"", ""https://lrcostahomes.com/wp-content/uploads/2026/06/679262_lg-1.jpg"", ""https://lrcostahomes.com/wp-content/uploads/2026/06/679269_lg-1.jpg"", ""https://lrcostahomes.com/wp-content/uploads/2026/06/679270_lg-1.jpg"", ""https://lrcostahomes.com/wp-content/uploads/2026/06/679251_lg-1-488x326.jpg"", ""https://lrcostahomes.com/wp-content/uploads/2026/06/679253_lg-2-488x326.jpg"", ""https://lrcostahomes.com/wp-content/uploads/2026/06/679256_lg-1-488x326.jpg"", ""https://lrcostahomes.com/wp-content/uploads/2026/06/679260_lg-1-488x326.jpg"", ""https://lrcostahomes.com/wp-content/uploads/2026/06/679268_lg-1-488x326.jpg"", ""https://lrcostahomes.com/wp-content/uploads/2026/06/679273_lg-1-488x326.jpg"", ""https://lrcostahomes.com/wp-content/uploads/2026/06/679266_lg-1-488x326.jpg"", ""https://lrcostahomes.com/wp-content/uploads/2026/06/679274_lg-1-488x326.jpg"", ""https://lrcostahomes.com/wp-content/uploads/2026/06/679252_lg-1-488x326.jpg"", ""https://lrcostahomes.com/wp-content/uploads/2026/06/679249_lg-1-488x326.jpg"", ""https://lrcostahomes.com/wp-content/uploads/2026/06/679255_lg-1-488x326.jpg"", ""https://lrcostahomes.com/wp-content/uploads/2026/06/679262_lg-1-488x326.jpg"", ""https://lrcostahomes.com/wp-content/uploads/2026/06/679269_lg-1-488x326.jpg"", ""https://lrcostahomes.com/wp-content/uploads/2026/06/679270_lg-1-488x326.jpg""]";Importada de LRCostaHomes;draft;capture;;https://lrcostahomes.com/es/property/sunny-beachfront-apartment/;ref;MARTINEZ
Apartamento frente al mar;apartamento-frente-al-mar;Orihuela;Orihuela;Orihuela;Murcia;España;Villa;En venta € 225.000;225000;de;En venta € 225.000;https://lrcostahomes.com/es/property/beachfront-apartment/;0;2;1;65;Disfruta de lo mejor de la costa…;https://lrcostahomes.com/wp-content/uploads/2026/04/l-r-costa-homes-513.png;"[""https://lrcostahomes.com/wp-content/uploads/2026/04/l-r-costa-homes-513.png"", ""https://lrcostahomes.com/wp-content/uploads/2026/04/l-r-costa-homes-511.png"", ""https://lrcostahomes.com/wp-content/uploads/2026/06/IMG_5422.jpg"", ""https://lrcostahomes.com/wp-content/uploads/2026/06/IMG_5434.jpg"", ""https://lrcostahomes.com/wp-content/uploads/2026/06/IMG_5437.jpg"", ""https://lrcostahomes.com/wp-content/uploads/2026/06/IMG_5436.jpg"", ""https://lrcostahomes.com/wp-content/uploads/2026/06/IMG_5432.jpg"", ""https://lrcostahomes.com/wp-content/uploads/2026/06/IMG_5431.jpg"", ""https://lrcostahomes.com/wp-content/uploads/2026/06/IMG_5430.jpg"", ""https://lrcostahomes.com/wp-content/uploads/2026/06/IMG_5429.jpg"", ""https://lrcostahomes.com/wp-content/uploads/2026/06/IMG_5426.jpg"", ""https://lrcostahomes.com/wp-content/uploads/2026/06/IMG_5424.jpg"", ""https://lrcostahomes.com/wp-content/uploads/2026/06/IMG_5440-675x720.jpg"", ""https://lrcostahomes.com/wp-content/uploads/2026/06/IMG_5422-488x326.jpg"", ""https://lrcostahomes.com/wp-content/uploads/2026/06/IMG_5434-488x326.jpg"", ""https://lrcostahomes.com/wp-content/uploads/2026/06/IMG_5437-488x326.jpg"", ""https://lrcostahomes.com/wp-content/uploads/2026/06/IMG_5436-488x326.jpg"", ""https://lrcostahomes.com/wp-content/uploads/2026/06/IMG_5432-488x326.jpg"", ""https://lrcostahomes.com/wp-content/uploads/2026/06/IMG_5431-488x326.jpg"", ""https://lrcostahomes.com/wp-content/uploads/2026/06/IMG_5430-488x326.jpg"", ""https://lrcostahomes.com/wp-content/uploads/2026/06/IMG_5429-488x326.jpg"", ""https://lrcostahomes.com/wp-content/uploads/2026/06/IMG_5426-488x326.jpg"", ""https://lrcostahomes.com/wp-content/uploads/2026/06/IMG_5424-488x326.jpg"", ""https://lrcostahomes.com/wp-content/uploads/2026/06/IMG_5440-488x326.jpg"", ""https://lrcostahomes.com/wp-content/uploads/2026/06/HE28251__DSCF7009-680x510.jpg"", ""https://lrcostahomes.com/wp-content/uploads/2026/06/RRP_300526_Oria_Almeria_Detached-Villa_14-680x510.jpeg""]";Importada de LRCostaHomes;draft;capture;;https://lrcostahomes.com/es/property/beachfront-apartment/;ref;MARTINEZ
Apartamento en Torrellano;apartamento-en-torrellano;Orihuela;Orihuela;Orihuela;Murcia;España;Villa;En venta € 150.000;150000;de;En venta € 150.000;https://lrcostahomes.com/es/property/apartment-in-torrellano/;0;2;1;70;Este encantador apartamento en planta baja ofrece…;https://lrcostahomes.com/wp-content/uploads/2026/04/l-r-costa-homes-513.png;"[""https://lrcostahomes.com/wp-content/uploads/2026/04/l-r-costa-homes-513.png"", ""https://lrcostahomes.com/wp-content/uploads/2026/04/l-r-costa-homes-511.png"", ""https://lrcostahomes.com/wp-content/uploads/2026/06/WhatsApp-Image-2026-06-16-at-13.30.50-1.jpeg"", ""https://lrcostahomes.com/wp-content/uploads/2026/06/WhatsApp-Image-2026-06-16-at-13.30.50-2.jpeg"", ""https://lrcostahomes.com/wp-content/uploads/2026/06/WhatsApp-Image-2026-06-16-at-13.30.50-3.jpeg"", ""https://lrcostahomes.com/wp-content/uploads/2026/06/WhatsApp-Image-2026-06-16-at-13.30.50-4.jpeg"", ""https://lrcostahomes.com/wp-content/uploads/2026/06/WhatsApp-Image-2026-06-16-at-13.30.50-5.jpeg"", ""https://lrcostahomes.com/wp-content/uploads/2026/06/WhatsApp-Image-2026-06-16-at-13.30.50-6.jpeg"", ""https://lrcostahomes.com/wp-content/uploads/2026/06/WhatsApp-Image-2026-06-16-at-13.30.50.jpeg"", ""https://lrcostahomes.com/wp-content/uploads/2026/06/WhatsApp-Image-2026-06-16-at-13.30.51-1.jpeg"", ""https://lrcostahomes.com/wp-content/uploads/2026/06/WhatsApp-Image-2026-06-16-at-13.40.10.jpeg"", ""https://lrcostahomes.com/wp-content/uploads/2026/06/WhatsApp-Image-2026-06-16-at-13.42.01.jpeg"", ""https://lrcostahomes.com/wp-content/uploads/2026/06/WhatsApp-Image-2026-06-16-at-13.30.50-1-488x326.jpeg"", ""https://lrcostahomes.com/wp-content/uploads/2026/06/WhatsApp-Image-2026-06-16-at-13.30.50-2-488x326.jpeg"", ""https://lrcostahomes.com/wp-content/uploads/2026/06/WhatsApp-Image-2026-06-16-at-13.30.50-3-488x326.jpeg"", ""https://lrcostahomes.com/wp-content/uploads/2026/06/WhatsApp-Image-2026-06-16-at-13.30.50-4-488x326.jpeg"", ""https://lrcostahomes.com/wp-content/uploads/2026/06/WhatsApp-Image-2026-06-16-at-13.30.50-5-488x326.jpeg"", ""https://lrcostahomes.com/wp-content/uploads/2026/06/WhatsApp-Image-2026-06-16-at-13.30.50-6-488x326.jpeg"", ""https://lrcostahomes.com/wp-content/uploads/2026/06/WhatsApp-Image-2026-06-16-at-13.30.50-488x326.jpeg"", ""https://lrcostahomes.com/wp-content/uploads/2026/06/WhatsApp-Image-2026-06-16-at-13.30.51-1-488x326.jpeg"", ""https://lrcostahomes.com/wp-content/uploads/2026/06/WhatsApp-Image-2026-06-16-at-13.40.10-488x326.jpeg"", ""https://lrcostahomes.com/wp-content/uploads/2026/06/WhatsApp-Image-2026-06-16-at-13.42.01-488x326.jpeg"", ""https://lrcostahomes.com/wp-content/uploads/2026/06/1-11-680x510.webp"", ""https://lrcostahomes.com/wp-content/uploads/2026/06/679253_lg-2-680x510.jpg""]";Importada de LRCostaHomes;draft;capture;;https://lrcostahomes.com/es/property/apartment-in-torrellano/;ref;MARTINEZ
Apartamento en San Vicente del Raspeig;apartamento-en-san-vicente-del-raspeig;Orihuela;Orihuela;Orihuela;Murcia;España;Villa;En venta € 152.000;152000;de;En venta € 152.000;https://lrcostahomes.com/es/property/apartment-in-san-vicente-del-raspeig/;0;3;1;66;Encantador apartamento ubicado en…;https://lrcostahomes.com/wp-content/uploads/2026/04/l-r-costa-homes-513.png;"[""https://lrcostahomes.com/wp-content/uploads/2026/04/l-r-costa-homes-513.png"", ""https://lrcostahomes.com/wp-content/uploads/2026/04/l-r-costa-homes-511.png"", ""https://lrcostahomes.com/wp-content/uploads/2026/06/53939-56906699-1493527517.jpg.webp"", ""https://lrcostahomes.com/wp-content/uploads/2026/06/53939-56906699-1493527518.jpg.webp"", ""https://lrcostahomes.com/wp-content/uploads/2026/06/53939-56906699-1493527519.jpg.webp"", ""https://lrcostahomes.com/wp-content/uploads/2026/06/53939-56906699-1493527520.jpg.webp"", ""https://lrcostahomes.com/wp-content/uploads/2026/06/53939-56906699-1493527521.jpg.webp"", ""https://lrcostahomes.com/wp-content/uploads/2026/06/53939-56906699-1493527522.jpg.webp"", ""https://lrcostahomes.com/wp-content/uploads/2026/06/53939-56906699-1493527523.jpg.webp"", ""https://lrcostahomes.com/wp-content/uploads/2026/06/53939-56906699-1493527524.jpg.webp"", ""https://lrcostahomes.com/wp-content/uploads/2026/06/53939-56906699-1493527525.jpg.webp"", ""https://lrcostahomes.com/wp-content/uploads/2026/06/53939-56906699-1493527526.jpg.webp"", ""https://lrcostahomes.com/wp-content/uploads/2026/06/53939-56906699-1493527527.jpg.webp"", ""https://lrcostahomes.com/wp-content/uploads/2026/06/53939-56906699-1493527528.jpg.webp"", ""https://lrcostahomes.com/wp-content/uploads/2026/06/53939-56906699-1493527529.jpg.webp"", ""https://lrcostahomes.com/wp-content/uploads/2026/06/53939-56906699-1493527531.jpg.webp"", ""https://lrcostahomes.com/wp-content/uploads/2026/06/53939-56906699-1493527517.jpg-488x326.webp"", ""https://lrcostahomes.com/wp-content/uploads/2026/06/53939-56906699-1493527518.jpg-488x326.webp"", ""https://lrcostahomes.com/wp-content/uploads/2026/06/53939-56906699-1493527519.jpg-488x326.webp"", ""https://lrcostahomes.com/wp-content/uploads/2026/06/53939-56906699-1493527520.jpg-488x326.webp"", ""https://lrcostahomes.com/wp-content/uploads/2026/06/53939-56906699-1493527521.jpg-488x326.webp"", ""https://lrcostahomes.com/wp-content/uploads/2026/06/53939-56906699-1493527522.jpg-488x326.webp"", ""https://lrcostahomes.com/wp-content/uploads/2026/06/53939-56906699-1493527523.jpg-488x326.webp"", ""https://lrcostahomes.com/wp-content/uploads/2026/06/53939-56906699-1493527524.jpg-488x326.webp"", ""https://lrcostahomes.com/wp-content/uploads/2026/06/53939-56906699-1493527525.jpg-488x326.webp"", ""https://lrcostahomes.com/wp-content/uploads/2026/06/53939-56906699-1493527526.jpg-488x326.webp"", ""https://lrcostahomes.com/wp-content/uploads/2026/06/53939-56906699-1493527527.jpg-488x326.webp"", ""https://lrcostahomes.com/wp-content/uploads/2026/06/53939-56906699-1493527528.jpg-488x326.webp"", ""https://lrcostahomes.com/wp-content/uploads/2026/06/53939-56906699-1493527529.jpg-488x326.webp"", ""https://lrcostahomes.com/wp-content/uploads/2026/06/53939-56906699-1493527531.jpg-488x326.webp""]";Importada de LRCostaHomes;draft;capture;;https://lrcostahomes.com/es/property/apartment-in-san-vicente-del-raspeig/;ref;MARTINEZ
Apartamento en Santa Pola cerca de la playa.;apartamento-en-santa-pola-cerca-de-la-playa;Orihuela;Orihuela;Orihuela;Murcia;España;Villa;En venta € 148.000;148000;de;En venta € 148.000;https://lrcostahomes.com/es/property/apartment-in-santa-pola-near-to-the-beach/;0;3;1;85;Encantador apartamento amueblado de 3 habitaciones (quinto…;https://lrcostahomes.com/wp-content/uploads/2026/04/l-r-costa-homes-513.png;"[""https://lrcostahomes.com/wp-content/uploads/2026/04/l-r-costa-homes-513.png"", ""https://lrcostahomes.com/wp-content/uploads/2026/04/l-r-costa-homes-511.png"", ""https://lrcostahomes.com/wp-content/uploads/2026/06/37330-56339670-1495677626.jpg-1024x720.webp"", ""https://lrcostahomes.com/wp-content/uploads/2026/06/37330-56339670-1495677629.jpg-1024x720.webp"", ""https://lrcostahomes.com/wp-content/uploads/2026/06/37330-56339670-1495677624.jpg.webp"", ""https://lrcostahomes.com/wp-content/uploads/2026/06/37330-56339670-1495677630.jpg-1024x720.webp"", ""https://lrcostahomes.com/wp-content/uploads/2026/06/37330-56339670-1495677631.jpg-1024x720.webp"", ""https://lrcostahomes.com/wp-content/uploads/2026/06/37330-56339670-1495677632.jpg-1024x720.webp"", ""https://lrcostahomes.com/wp-content/uploads/2026/06/37330-56339670-1495677633.jpg-1024x720.webp"", ""https://lrcostahomes.com/wp-content/uploads/2026/06/37330-56339670-1495677635.jpg-1024x720.webp"", ""https://lrcostahomes.com/wp-content/uploads/2026/06/37330-56339670-1495677636.jpg-1024x720.webp"", ""https://lrcostahomes.com/wp-content/uploads/2026/06/37330-56339670-1495677639.jpg-1024x720.webp"", ""https://lrcostahomes.com/wp-content/uploads/2026/06/37330-56339670-1495677642.jpg-1024x720.webp"", ""https://lrcostahomes.com/wp-content/uploads/2026/06/37330-56339670-1495677644.jpg-1024x720.webp"", ""https://lrcostahomes.com/wp-content/uploads/2026/06/37330-56339670-1495677645.jpg-1024x720.webp"", ""https://lrcostahomes.com/wp-content/uploads/2026/06/37330-56339670-1495677647.jpg-1024x720.webp"", ""https://lrcostahomes.com/wp-content/uploads/2026/06/37330-56339670-1495677648.jpg-1024x720.webp"", ""https://lrcostahomes.com/wp-content/uploads/2026/06/37330-56339670-1495677650.jpg-1024x720.webp"", ""https://lrcostahomes.com/wp-content/uploads/2026/06/37330-56339670-1495677651.jpg-1024x720.webp"", ""https://lrcostahomes.com/wp-content/uploads/2026/06/37330-56339670-1495677655.jpg-1024x720.webp"", ""https://lrcostahomes.com/wp-content/uploads/2026/06/37330-56339670-1495677656.jpg-1024x720.webp"", ""https://lrcostahomes.com/wp-content/uploads/2026/06/37330-56339670-1495677657.jpg-1024x720.webp"", ""https://lrcostahomes.com/wp-content/uploads/2026/06/37330-56339670-1495677660.jpg-1024x720.webp"", ""https://lrcostahomes.com/wp-content/uploads/2026/06/37330-56339670-1495677626.jpg-488x326.webp"", ""https://lrcostahomes.com/wp-content/uploads/2026/06/37330-56339670-1495677629.jpg-488x326.webp"", ""https://lrcostahomes.com/wp-content/uploads/2026/06/37330-56339670-1495677624.jpg-488x326.webp"", ""https://lrcostahomes.com/wp-content/uploads/2026/06/37330-56339670-1495677630.jpg-488x326.webp"", ""https://lrcostahomes.com/wp-content/uploads/2026/06/37330-56339670-1495677631.jpg-488x326.webp"", ""https://lrcostahomes.com/wp-content/uploads/2026/06/37330-56339670-1495677632.jpg-488x326.webp"", ""https://lrcostahomes.com/wp-content/uploads/2026/06/37330-56339670-1495677633.jpg-488x326.webp""]";Importada de LRCostaHomes;draft;capture;;https://lrcostahomes.com/es/property/apartment-in-santa-pola-near-to-the-beach/;ref;MARTINEZ
Apartamento cerca del centro;apartamento-cerca-del-centro;Orihuela;Orihuela;Orihuela;Murcia;España;Villa;En venta € 130.000;130000;de;En venta € 130.000;https://lrcostahomes.com/es/property/apartment-near-to-center/;0;3;1;60;Amplio apartamento en una zona tranquila…;https://lrcostahomes.com/wp-content/uploads/2026/04/l-r-costa-homes-513.png;"[""https://lrcostahomes.com/wp-content/uploads/2026/04/l-r-costa-homes-513.png"", ""https://lrcostahomes.com/wp-content/uploads/2026/04/l-r-costa-homes-511.png"", ""https://lrcostahomes.com/wp-content/uploads/2026/06/1-1.webp"", ""https://lrcostahomes.com/wp-content/uploads/2026/06/1-2.webp"", ""https://lrcostahomes.com/wp-content/uploads/2026/06/1-3.webp"", ""https://lrcostahomes.com/wp-content/uploads/2026/06/1-4.webp"", ""https://lrcostahomes.com/wp-content/uploads/2026/06/1-5-532x720.webp"", ""https://lrcostahomes.com/wp-content/uploads/2026/06/1-6-532x720.webp"", ""https://lrcostahomes.com/wp-content/uploads/2026/06/1-7.webp"", ""https://lrcostahomes.com/wp-content/uploads/2026/06/1-8.webp"", ""https://lrcostahomes.com/wp-content/uploads/2026/06/1-9.webp"", ""https://lrcostahomes.com/wp-content/uploads/2026/06/1-10.webp"", ""https://lrcostahomes.com/wp-content/uploads/2026/06/1-11.webp"", ""https://lrcostahomes.com/wp-content/uploads/2026/06/1-1-488x326.webp"", ""https://lrcostahomes.com/wp-content/uploads/2026/06/1-2-488x326.webp"", ""https://lrcostahomes.com/wp-content/uploads/2026/06/1-3-488x326.webp"", ""https://lrcostahomes.com/wp-content/uploads/2026/06/1-4-488x326.webp"", ""https://lrcostahomes.com/wp-content/uploads/2026/06/1-5-488x326.webp"", ""https://lrcostahomes.com/wp-content/uploads/2026/06/1-6-488x326.webp"", ""https://lrcostahomes.com/wp-content/uploads/2026/06/1-7-488x326.webp"", ""https://lrcostahomes.com/wp-content/uploads/2026/06/1-8-488x326.webp"", ""https://lrcostahomes.com/wp-content/uploads/2026/06/1-9-488x326.webp"", ""https://lrcostahomes.com/wp-content/uploads/2026/06/1-10-488x326.webp"", ""https://lrcostahomes.com/wp-content/uploads/2026/06/1-11-488x326.webp"", ""https://lrcostahomes.com/wp-content/uploads/2026/06/WhatsApp-Image-2026-06-10-at-15.31.06-2-680x510.jpeg"", ""https://lrcostahomes.com/wp-content/uploads/2026/07/2-1-1-680x510.jpg""]";Importada de LRCostaHomes;draft;capture;;https://lrcostahomes.com/es/property/apartment-near-to-center/;ref;MARTINEZ
Apartamento en Santa Pola;apartamento-en-santa-pola;Orihuela;Orihuela;Orihuela;Murcia;España;Villa;En venta € 142.000;142000;de;En venta € 142.000;https://lrcostahomes.com/es/property/apartment-in-santa-pola/;0;0;0;1;Descubre este encantador apartamento ubicado…;https://lrcostahomes.com/wp-content/uploads/2026/04/l-r-costa-homes-513.png;"[""https://lrcostahomes.com/wp-content/uploads/2026/04/l-r-costa-homes-513.png"", ""https://lrcostahomes.com/wp-content/uploads/2026/04/l-r-costa-homes-511.png"", ""https://lrcostahomes.com/wp-content/uploads/2026/06/76208-57027364-1498434921.jpg-1024x720.webp"", ""https://lrcostahomes.com/wp-content/uploads/2026/06/76208-57027364-1498434922.jpg-600x720.webp"", ""https://lrcostahomes.com/wp-content/uploads/2026/06/76208-57027364-1498434923.jpg-600x720.webp"", ""https://lrcostahomes.com/wp-content/uploads/2026/06/76208-57027364-1498434924.jpg-600x720.webp"", ""https://lrcostahomes.com/wp-content/uploads/2026/06/76208-57027364-1498434925.jpg-600x720.webp"", ""https://lrcostahomes.com/wp-content/uploads/2026/06/76208-57027364-1498434926.jpg-600x720.webp"", ""https://lrcostahomes.com/wp-content/uploads/2026/06/76208-57027364-1498434927.jpg-600x720.webp"", ""https://lrcostahomes.com/wp-content/uploads/2026/06/76208-57027364-1498434928.jpg-600x720.webp"", ""https://lrcostahomes.com/wp-content/uploads/2026/06/76208-57027364-1498434929.jpg-600x720.webp"", ""https://lrcostahomes.com/wp-content/uploads/2026/06/76208-57027364-1498434930.jpg-600x720.webp"", ""https://lrcostahomes.com/wp-content/uploads/2026/06/76208-57027364-1498434931.jpg-600x720.webp"", ""https://lrcostahomes.com/wp-content/uploads/2026/06/76208-57027364-1498434932.jpg-600x720.webp"", ""https://lrcostahomes.com/wp-content/uploads/2026/06/76208-57027364-1498434933.jpg-600x720.webp"", ""https://lrcostahomes.com/wp-content/uploads/2026/06/76208-57027364-1498434921.jpg-488x326.webp"", ""https://lrcostahomes.com/wp-content/uploads/2026/06/76208-57027364-1498434922.jpg-488x326.webp"", ""https://lrcostahomes.com/wp-content/uploads/2026/06/76208-57027364-1498434923.jpg-488x326.webp"", ""https://lrcostahomes.com/wp-content/uploads/2026/06/76208-57027364-1498434924.jpg-488x326.webp"", ""https://lrcostahomes.com/wp-content/uploads/2026/06/76208-57027364-1498434925.jpg-488x326.webp"", ""https://lrcostahomes.com/wp-content/uploads/2026/06/76208-57027364-1498434926.jpg-488x326.webp"", ""https://lrcostahomes.com/wp-content/uploads/2026/06/76208-57027364-1498434927.jpg-488x326.webp"", ""https://lrcostahomes.com/wp-content/uploads/2026/06/76208-57027364-1498434928.jpg-488x326.webp"", ""https://lrcostahomes.com/wp-content/uploads/2026/06/76208-57027364-1498434929.jpg-488x326.webp"", ""https://lrcostahomes.com/wp-content/uploads/2026/06/76208-57027364-1498434930.jpg-488x326.webp"", ""https://lrcostahomes.com/wp-content/uploads/2026/06/76208-57027364-1498434931.jpg-488x326.webp"", ""https://lrcostahomes.com/wp-content/uploads/2026/06/76208-57027364-1498434932.jpg-488x326.webp"", ""https://lrcostahomes.com/wp-content/uploads/2026/06/76208-57027364-1498434933.jpg-488x326.webp"", ""https://lrcostahomes.com/wp-content/uploads/2026/05/WhatsApp-Image-2026-05-06-at-13.45.03-4-680x370.jpeg"", ""https://lrcostahomes.com/wp-content/uploads/2026/06/WhatsApp-Image-2026-06-10-at-09.07.36-680x510.jpeg""]";Importada de LRCostaHomes;draft;capture;;https://lrcostahomes.com/es/property/apartment-in-santa-pola/;ref;MARTINEZ
Apartamento cerca de la playa;apartamento-cerca-de-la-playa;Calpe;Calpe;Calpe;Alicante;España;Villa;En venta € 135.500;135500;de;En venta € 135.500;https://lrcostahomes.com/es/property/apartment-near-to-the-beach/;0;2;1;60;A tan solo 5 minutos a pie de…;https://lrcostahomes.com/wp-content/uploads/2026/04/l-r-costa-homes-513.png;"[""https://lrcostahomes.com/wp-content/uploads/2026/04/l-r-costa-homes-513.png"", ""https://lrcostahomes.com/wp-content/uploads/2026/04/l-r-costa-homes-511.png"", ""https://lrcostahomes.com/wp-content/uploads/2026/06/88030-57038612-1498909388.jpg-1024x720.webp"", ""https://lrcostahomes.com/wp-content/uploads/2026/06/88030-57038612-1498909387.jpg-1024x720.webp"", ""https://lrcostahomes.com/wp-content/uploads/2026/06/88030-57038612-1498909385.jpg-1024x720.webp"", ""https://lrcostahomes.com/wp-content/uploads/2026/06/88030-57038612-1498909389.jpg-1024x720.webp"", ""https://lrcostahomes.com/wp-content/uploads/2026/06/88030-57038612-1498909390.jpg-1024x720.webp"", ""https://lrcostahomes.com/wp-content/uploads/2026/06/88030-57038612-1498909391.jpg-1024x720.webp"", ""https://lrcostahomes.com/wp-content/uploads/2026/06/88030-57038612-1498909392.jpg-1024x720.webp"", ""https://lrcostahomes.com/wp-content/uploads/2026/06/88030-57038612-1498909393.jpg-1024x720.webp"", ""https://lrcostahomes.com/wp-content/uploads/2026/06/88030-57038612-1498909384.jpg-1024x720.webp"", ""https://lrcostahomes.com/wp-content/uploads/2026/06/88030-57038612-1498909388.jpg-488x326.webp"", ""https://lrcostahomes.com/wp-content/uploads/2026/06/88030-57038612-1498909387.jpg-488x326.webp"", ""https://lrcostahomes.com/wp-content/uploads/2026/06/88030-57038612-1498909385.jpg-488x326.webp"", ""https://lrcostahomes.com/wp-content/uploads/2026/06/88030-57038612-1498909389.jpg-488x326.webp"", ""https://lrcostahomes.com/wp-content/uploads/2026/06/88030-57038612-1498909390.jpg-488x326.webp"", ""https://lrcostahomes.com/wp-content/uploads/2026/06/88030-57038612-1498909391.jpg-488x326.webp"", ""https://lrcostahomes.com/wp-content/uploads/2026/06/88030-57038612-1498909392.jpg-488x326.webp"", ""https://lrcostahomes.com/wp-content/uploads/2026/06/88030-57038612-1498909393.jpg-488x326.webp"", ""https://lrcostahomes.com/wp-content/uploads/2026/06/88030-57038612-1498909384.jpg-488x326.webp"", ""https://lrcostahomes.com/wp-content/uploads/2026/06/WhatsApp-Image-2026-06-10-at-12.43.56-1-680x510.jpeg"", ""https://lrcostahomes.com/wp-content/uploads/2026/08/salon-7-680x510.png""]";Importada de LRCostaHomes;draft;capture;;https://lrcostahomes.com/es/property/apartment-near-to-the-beach/;ref;MARTINEZ
Apartamento en Santa Pola;apartamento-en-santa-pola;Orihuela;Orihuela;Orihuela;Murcia;España;Villa;En venta € 143.000;143000;de;En venta € 143.000;https://lrcostahomes.com/es/property/apartamento-en-santa-pola/;0;3;1;70;Descubre este encantador piso de…;https://lrcostahomes.com/wp-content/uploads/2026/04/l-r-costa-homes-513.png;"[""https://lrcostahomes.com/wp-content/uploads/2026/04/l-r-costa-homes-513.png"", ""https://lrcostahomes.com/wp-content/uploads/2026/04/l-r-costa-homes-511.png"", ""https://lrcostahomes.com/wp-content/uploads/2026/06/WhatsApp-Image-2026-06-12-at-17.14.59-1.jpeg"", ""https://lrcostahomes.com/wp-content/uploads/2026/06/WhatsApp-Image-2026-06-12-at-17.14.59-2.jpeg"", ""https://lrcostahomes.com/wp-content/uploads/2026/06/WhatsApp-Image-2026-06-12-at-17.14.59.jpeg"", ""https://lrcostahomes.com/wp-content/uploads/2026/06/WhatsApp-Image-2026-06-12-at-17.15.00-1.jpeg"", ""https://lrcostahomes.com/wp-content/uploads/2026/06/WhatsApp-Image-2026-06-12-at-17.15.00-2.jpeg"", ""https://lrcostahomes.com/wp-content/uploads/2026/06/WhatsApp-Image-2026-06-12-at-17.15.00-3.jpeg"", ""https://lrcostahomes.com/wp-content/uploads/2026/06/WhatsApp-Image-2026-06-12-at-17.15.00.jpeg"", ""https://lrcostahomes.com/wp-content/uploads/2026/06/WhatsApp-Image-2026-06-12-at-17.20.06.jpeg"", ""https://lrcostahomes.com/wp-content/uploads/2026/06/WhatsApp-Image-2026-06-12-at-17.20.30.jpeg"", ""https://lrcostahomes.com/wp-content/uploads/2026/06/WhatsApp-Image-2026-06-12-at-17.14.59-1-488x326.jpeg"", ""https://lrcostahomes.com/wp-content/uploads/2026/06/WhatsApp-Image-2026-06-12-at-17.14.59-2-488x326.jpeg"", ""https://lrcostahomes.com/wp-content/uploads/2026/06/WhatsApp-Image-2026-06-12-at-17.14.59-488x326.jpeg"", ""https://lrcostahomes.com/wp-content/uploads/2026/06/WhatsApp-Image-2026-06-12-at-17.15.00-1-488x326.jpeg"", ""https://lrcostahomes.com/wp-content/uploads/2026/06/WhatsApp-Image-2026-06-12-at-17.15.00-2-488x326.jpeg"", ""https://lrcostahomes.com/wp-content/uploads/2026/06/WhatsApp-Image-2026-06-12-at-17.15.00-3-488x326.jpeg"", ""https://lrcostahomes.com/wp-content/uploads/2026/06/WhatsApp-Image-2026-06-12-at-17.15.00-488x326.jpeg"", ""https://lrcostahomes.com/wp-content/uploads/2026/06/WhatsApp-Image-2026-06-12-at-17.20.06-488x326.jpeg"", ""https://lrcostahomes.com/wp-content/uploads/2026/06/WhatsApp-Image-2026-06-12-at-17.20.30-488x326.jpeg"", ""https://lrcostahomes.com/wp-content/uploads/2026/07/WhatsApp-Image-2026-07-28-at-15.04.08-680x510.jpeg"", ""https://lrcostahomes.com/wp-content/uploads/2026/06/w_e646e8a5-cf44-4fef-85bc-af764cf6eb46-680x510.jpg""]";Importada de LRCostaHomes;draft;capture;;https://lrcostahomes.com/es/property/apartamento-en-santa-pola/;ref;MARTINEZ
Bungalow en Gran Alacant;bungalow-en-gran-alacant;Orihuela;Orihuela;Orihuela;Murcia;España;Villa;En venta € 157.000;157000;de;En venta € 157.000;https://lrcostahomes.com/es/property/bungalow-en-gran-alacant/;0;3;1;62;Bonito bungalow de 3 dormitorios…;https://lrcostahomes.com/wp-content/uploads/2026/04/l-r-costa-homes-513.png;"[""https://lrcostahomes.com/wp-content/uploads/2026/04/l-r-costa-homes-513.png"", ""https://lrcostahomes.com/wp-content/uploads/2026/04/l-r-costa-homes-511.png"", ""https://lrcostahomes.com/wp-content/uploads/2026/06/22063_xl-1240x720.jpg"", ""https://lrcostahomes.com/wp-content/uploads/2026/06/22064_xl-1240x720.jpg"", ""https://lrcostahomes.com/wp-content/uploads/2026/06/22065_xl-1240x720.jpg"", ""https://lrcostahomes.com/wp-content/uploads/2026/06/22067_xl-1240x720.jpg"", ""https://lrcostahomes.com/wp-content/uploads/2026/06/22068_xl-1240x720.jpg"", ""https://lrcostahomes.com/wp-content/uploads/2026/06/22069_xl-1240x720.jpg"", ""https://lrcostahomes.com/wp-content/uploads/2026/06/22070_xl-1240x720.jpg"", ""https://lrcostahomes.com/wp-content/uploads/2026/06/22071_xl-1240x720.jpg"", ""https://lrcostahomes.com/wp-content/uploads/2026/06/22073_xl-1240x720.jpg"", ""https://lrcostahomes.com/wp-content/uploads/2026/06/22074_xl-1240x720.jpg"", ""https://lrcostahomes.com/wp-content/uploads/2026/06/22075_xl-1240x720.jpg"", ""https://lrcostahomes.com/wp-content/uploads/2026/06/resale-bungalow-santa-pola-gran-alacant_22060_xl-1240x720.jpg"", ""https://lrcostahomes.com/wp-content/uploads/2026/06/resale-bungalow-santa-pola-gran-alacant_22061_xl-1240x720.jpg"", ""https://lrcostahomes.com/wp-content/uploads/2026/06/resale-bungalow-santa-pola-gran-alacant_22062_xl-1240x720.jpg"", ""https://lrcostahomes.com/wp-content/uploads/2026/06/22063_xl-488x326.jpg"", ""https://lrcostahomes.com/wp-content/uploads/2026/06/22064_xl-488x326.jpg"", ""https://lrcostahomes.com/wp-content/uploads/2026/06/22065_xl-488x326.jpg"", ""https://lrcostahomes.com/wp-content/uploads/2026/06/22067_xl-488x326.jpg"", ""https://lrcostahomes.com/wp-content/uploads/2026/06/22068_xl-488x326.jpg"", ""https://lrcostahomes.com/wp-content/uploads/2026/06/22069_xl-488x326.jpg"", ""https://lrcostahomes.com/wp-content/uploads/2026/06/22070_xl-488x326.jpg"", ""https://lrcostahomes.com/wp-content/uploads/2026/06/22071_xl-488x326.jpg"", ""https://lrcostahomes.com/wp-content/uploads/2026/06/22073_xl-488x326.jpg"", ""https://lrcostahomes.com/wp-content/uploads/2026/06/22074_xl-488x326.jpg"", ""https://lrcostahomes.com/wp-content/uploads/2026/06/22075_xl-488x326.jpg"", ""https://lrcostahomes.com/wp-content/uploads/2026/06/resale-bungalow-santa-pola-gran-alacant_22060_xl-488x326.jpg"", ""https://lrcostahomes.com/wp-content/uploads/2026/06/resale-bungalow-santa-pola-gran-alacant_22061_xl-488x326.jpg"", ""https://lrcostahomes.com/wp-content/uploads/2026/06/resale-bungalow-santa-pola-gran-alacant_22062_xl-488x326.jpg""]";Importada de LRCostaHomes;draft;capture;;https://lrcostahomes.com/es/property/bungalow-en-gran-alacant/;ref;MARTINEZ
Villa independiente con terreno;villa-independiente-con-terreno;Roldán;Murcia;Murcia;Murcia;España;Villa;En venta € 160.000;160000;de;En venta € 160.000;https://lrcostahomes.com/es/property/detached-villa-with-land/;0;3;1;240;Propiedad rural con casa para…;https://lrcostahomes.com/wp-content/uploads/2026/04/l-r-costa-homes-513.png;"[""https://lrcostahomes.com/wp-content/uploads/2026/04/l-r-costa-homes-513.png"", ""https://lrcostahomes.com/wp-content/uploads/2026/04/l-r-costa-homes-511.png"", ""https://lrcostahomes.com/wp-content/uploads/2026/06/DJI_0001-1000x720.jpg"", ""https://lrcostahomes.com/wp-content/uploads/2026/06/DJI_0009-1000x720.jpg"", ""https://lrcostahomes.com/wp-content/uploads/2026/06/DJI_0032-1200x720.jpg"", ""https://lrcostahomes.com/wp-content/uploads/2026/06/DJI_0038-1200x720.jpg"", ""https://lrcostahomes.com/wp-content/uploads/2026/06/DSC06440-1200x720.jpg"", ""https://lrcostahomes.com/wp-content/uploads/2026/06/DSC06445-1200x720.jpg"", ""https://lrcostahomes.com/wp-content/uploads/2026/06/DSC06451-1200x720.jpg"", ""https://lrcostahomes.com/wp-content/uploads/2026/06/DSC06458-1200x720.jpg"", ""https://lrcostahomes.com/wp-content/uploads/2026/06/DSC06460-1200x720.jpg"", ""https://lrcostahomes.com/wp-content/uploads/2026/06/DSC06470-1200x720.jpg"", ""https://lrcostahomes.com/wp-content/uploads/2026/06/Food1Oranges.jpg"", ""https://lrcostahomes.com/wp-content/uploads/2026/06/Pedrera.jpg"", ""https://lrcostahomes.com/wp-content/uploads/2026/06/Pedrera4.jpg"", ""https://lrcostahomes.com/wp-content/uploads/2026/06/DJI_0001-488x326.jpg"", ""https://lrcostahomes.com/wp-content/uploads/2026/06/DJI_0009-488x326.jpg"", ""https://lrcostahomes.com/wp-content/uploads/2026/06/DJI_0032-488x326.jpg"", ""https://lrcostahomes.com/wp-content/uploads/2026/06/DJI_0038-488x326.jpg"", ""https://lrcostahomes.com/wp-content/uploads/2026/06/DSC06440-488x326.jpg"", ""https://lrcostahomes.com/wp-content/uploads/2026/06/DSC06445-488x326.jpg"", ""https://lrcostahomes.com/wp-content/uploads/2026/06/DSC06451-488x326.jpg"", ""https://lrcostahomes.com/wp-content/uploads/2026/06/DSC06458-488x326.jpg"", ""https://lrcostahomes.com/wp-content/uploads/2026/06/DSC06460-488x326.jpg"", ""https://lrcostahomes.com/wp-content/uploads/2026/06/DSC06470-488x326.jpg"", ""https://lrcostahomes.com/wp-content/uploads/2026/06/Food1Oranges-488x326.jpg"", ""https://lrcostahomes.com/wp-content/uploads/2026/06/Pedrera-488x326.jpg"", ""https://lrcostahomes.com/wp-content/uploads/2026/06/Pedrera4-488x326.jpg"", ""https://lrcostahomes.com/wp-content/uploads/2026/07/3-11-680x510.jpg"", ""https://lrcostahomes.com/wp-content/uploads/2026/06/37330-56339670-1495677660.jpg-680x510.webp""]";Importada de LRCostaHomes;draft;capture;;https://lrcostahomes.com/es/property/detached-villa-with-land/;ref;MARTINEZ
Casa en venta en La Murada;casa-en-venta-en-la-murada;Orihuela;Orihuela;Orihuela;Murcia;España;Villa;En venta € 173.000;173000;de;En venta € 173.000;https://lrcostahomes.com/es/property/house-for-sale-in-la-murada/;0;3;2;350;En un barrio pintoresco cerca de…;https://lrcostahomes.com/wp-content/uploads/2026/04/l-r-costa-homes-513.png;"[""https://lrcostahomes.com/wp-content/uploads/2026/04/l-r-costa-homes-513.png"", ""https://lrcostahomes.com/wp-content/uploads/2026/04/l-r-costa-homes-511.png"", ""https://lrcostahomes.com/wp-content/uploads/2026/06/WhatsApp-Image-2026-06-11-at-12.36.08-1.jpeg"", ""https://lrcostahomes.com/wp-content/uploads/2026/06/WhatsApp-Image-2026-06-11-at-12.36.08.jpeg"", ""https://lrcostahomes.com/wp-content/uploads/2026/06/WhatsApp-Image-2026-06-11-at-12.36.09-1.jpeg"", ""https://lrcostahomes.com/wp-content/uploads/2026/06/WhatsApp-Image-2026-06-11-at-12.36.09-2.jpeg"", ""https://lrcostahomes.com/wp-content/uploads/2026/06/WhatsApp-Image-2026-06-11-at-12.36.09-3.jpeg"", ""https://lrcostahomes.com/wp-content/uploads/2026/06/WhatsApp-Image-2026-06-11-at-12.36.09-1240x720.jpeg"", ""https://lrcostahomes.com/wp-content/uploads/2026/06/WhatsApp-Image-2026-06-11-at-12.36.10-1.jpeg"", ""https://lrcostahomes.com/wp-content/uploads/2026/06/WhatsApp-Image-2026-06-11-at-12.36.10-2.jpeg"", ""https://lrcostahomes.com/wp-content/uploads/2026/06/WhatsApp-Image-2026-06-11-at-12.36.10-3.jpeg"", ""https://lrcostahomes.com/wp-content/uploads/2026/06/WhatsApp-Image-2026-06-11-at-12.36.10-4.jpeg"", ""https://lrcostahomes.com/wp-content/uploads/2026/06/WhatsApp-Image-2026-06-11-at-12.36.10-5.jpeg"", ""https://lrcostahomes.com/wp-content/uploads/2026/06/WhatsApp-Image-2026-06-11-at-12.36.10.jpeg"", ""https://lrcostahomes.com/wp-content/uploads/2026/06/WhatsApp-Image-2026-06-11-at-12.36.11-1.jpeg"", ""https://lrcostahomes.com/wp-content/uploads/2026/06/WhatsApp-Image-2026-06-11-at-12.36.11-2.jpeg"", ""https://lrcostahomes.com/wp-content/uploads/2026/06/WhatsApp-Image-2026-06-11-at-12.36.11-3.jpeg"", ""https://lrcostahomes.com/wp-content/uploads/2026/06/WhatsApp-Image-2026-06-11-at-12.36.11-4.jpeg"", ""https://lrcostahomes.com/wp-content/uploads/2026/06/WhatsApp-Image-2026-06-11-at-12.36.11.jpeg"", ""https://lrcostahomes.com/wp-content/uploads/2026/06/WhatsApp-Image-2026-06-11-at-12.36.12-1.jpeg"", ""https://lrcostahomes.com/wp-content/uploads/2026/06/WhatsApp-Image-2026-06-11-at-12.36.12-2.jpeg"", ""https://lrcostahomes.com/wp-content/uploads/2026/06/WhatsApp-Image-2026-06-11-at-12.36.12.jpeg"", ""https://lrcostahomes.com/wp-content/uploads/2026/06/WhatsApp-Image-2026-06-11-at-12.36.09-488x326.jpeg"", ""https://lrcostahomes.com/wp-content/uploads/2026/07/2-1-1-680x510.jpg"", ""https://lrcostahomes.com/wp-content/uploads/2026/07/WhatsApp-Image-2026-07-28-at-12.34.31-8-copy-1-680x510.jpeg""]";Importada de LRCostaHomes;draft;capture;;https://lrcostahomes.com/es/property/house-for-sale-in-la-murada/;ref;MARTINEZ
Villa rural en Redovan;villa-rural-en-redovan;Orihuela;Orihuela;Orihuela;Murcia;España;Villa;En venta € 187.000;187000;de;En venta € 187.000;https://lrcostahomes.com/es/property/rustic-house/;0;2;1;157;Espacio, comodidad y elegancia en…;https://lrcostahomes.com/wp-content/uploads/2026/06/WhatsApp-Image-2026-06-10-at-22.50.58-4-488x326.jpeg;"[""https://lrcostahomes.com/wp-content/uploads/2026/06/WhatsApp-Image-2026-06-10-at-22.50.58-4-488x326.jpeg"", ""https://lrcostahomes.com/wp-content/uploads/2026/04/l-r-costa-homes-513.png"", ""https://lrcostahomes.com/wp-content/uploads/2026/04/l-r-costa-homes-511.png"", ""https://lrcostahomes.com/wp-content/uploads/2026/06/WhatsApp-Image-2026-06-10-at-22.50.53.jpeg"", ""https://lrcostahomes.com/wp-content/uploads/2026/06/WhatsApp-Image-2026-06-10-at-22.50.57-4.jpeg"", ""https://lrcostahomes.com/wp-content/uploads/2026/06/WhatsApp-Image-2026-06-10-at-22.50.53-1.jpeg"", ""https://lrcostahomes.com/wp-content/uploads/2026/06/WhatsApp-Image-2026-06-10-at-22.50.54-1.jpeg"", ""https://lrcostahomes.com/wp-content/uploads/2026/06/WhatsApp-Image-2026-06-10-at-22.50.54-2.jpeg"", ""https://lrcostahomes.com/wp-content/uploads/2026/06/WhatsApp-Image-2026-06-10-at-22.50.54-761x720.jpeg"", ""https://lrcostahomes.com/wp-content/uploads/2026/06/WhatsApp-Image-2026-06-10-at-22.50.57-1.jpeg"", ""https://lrcostahomes.com/wp-content/uploads/2026/06/WhatsApp-Image-2026-06-10-at-22.50.57-2.jpeg"", ""https://lrcostahomes.com/wp-content/uploads/2026/06/WhatsApp-Image-2026-06-10-at-22.50.57-3.jpeg"", ""https://lrcostahomes.com/wp-content/uploads/2026/06/WhatsApp-Image-2026-06-10-at-22.50.57-5.jpeg"", ""https://lrcostahomes.com/wp-content/uploads/2026/06/WhatsApp-Image-2026-06-10-at-22.50.57-6.jpeg"", ""https://lrcostahomes.com/wp-content/uploads/2026/06/WhatsApp-Image-2026-06-10-at-22.50.57-768x720.jpeg"", ""https://lrcostahomes.com/wp-content/uploads/2026/06/WhatsApp-Image-2026-06-10-at-22.50.58-1.jpeg"", ""https://lrcostahomes.com/wp-content/uploads/2026/06/WhatsApp-Image-2026-06-10-at-22.50.58-2-1240x720.jpeg"", ""https://lrcostahomes.com/wp-content/uploads/2026/06/WhatsApp-Image-2026-06-10-at-22.50.58-3.jpeg"", ""https://lrcostahomes.com/wp-content/uploads/2026/06/WhatsApp-Image-2026-06-10-at-22.50.58-5.jpeg"", ""https://lrcostahomes.com/wp-content/uploads/2026/06/WhatsApp-Image-2026-06-10-at-22.50.58.jpeg"", ""https://lrcostahomes.com/wp-content/uploads/2026/06/WhatsApp-Image-2026-06-10-at-22.50.59-1.jpeg"", ""https://lrcostahomes.com/wp-content/uploads/2026/06/WhatsApp-Image-2026-06-10-at-22.50.59-2.jpeg"", ""https://lrcostahomes.com/wp-content/uploads/2026/06/WhatsApp-Image-2026-06-10-at-22.50.59-3.jpeg"", ""https://lrcostahomes.com/wp-content/uploads/2026/06/WhatsApp-Image-2026-06-10-at-22.50.59-4.jpeg"", ""https://lrcostahomes.com/wp-content/uploads/2026/06/WhatsApp-Image-2026-06-10-at-22.50.59-5.jpeg"", ""https://lrcostahomes.com/wp-content/uploads/2026/06/WhatsApp-Image-2026-06-10-at-22.50.59-6.jpeg"", ""https://lrcostahomes.com/wp-content/uploads/2026/06/WhatsApp-Image-2026-06-10-at-22.50.59.jpeg"", ""https://lrcostahomes.com/wp-content/uploads/2026/06/WhatsApp-Image-2026-06-10-at-22.51.00-1-786x720.jpeg"", ""https://lrcostahomes.com/wp-content/uploads/2026/06/WhatsApp-Image-2026-06-10-at-22.51.00-2-790x720.jpeg"", ""https://lrcostahomes.com/wp-content/uploads/2026/06/WhatsApp-Image-2026-06-10-at-22.51.00.jpeg""]";Importada de LRCostaHomes;draft;capture;;https://lrcostahomes.com/es/property/rustic-house/;ref;MARTINEZ
Villa en Villena;villa-en-villena;Roldán;Roldán;Roldán;Murcia;España;Villa;En venta € 160.000;160000;de;En venta € 160.000;https://lrcostahomes.com/es/property/10036-2/;0;7;3;210;Nos complace presentar ...;https://lrcostahomes.com/wp-content/uploads/2026/04/l-r-costa-homes-513.png;"[""https://lrcostahomes.com/wp-content/uploads/2026/04/l-r-costa-homes-513.png"", ""https://lrcostahomes.com/wp-content/uploads/2026/04/l-r-costa-homes-511.png"", ""https://lrcostahomes.com/wp-content/uploads/2026/06/w_pool-1240x720.jpeg"", ""https://lrcostahomes.com/wp-content/uploads/2026/06/w_whatsapp-image-2026-01-15-at-12.46.57-1240x720.jpeg"", ""https://lrcostahomes.com/wp-content/uploads/2026/06/w_whatsapp-image-2026-01-15-at-12.46.59-1--1240x720.jpeg"", ""https://lrcostahomes.com/wp-content/uploads/2026/06/w_whatsapp-image-2026-01-15-at-12.46.59-2--1240x720.jpeg"", ""https://lrcostahomes.com/wp-content/uploads/2026/06/w_whatsapp-image-2026-01-15-at-12.47.00-1240x720.jpeg"", ""https://lrcostahomes.com/wp-content/uploads/2026/06/w_whatsapp-image-2026-01-15-at-12.47.00-1--1240x720.jpeg"", ""https://lrcostahomes.com/wp-content/uploads/2026/06/w_whatsapp-image-2026-01-15-at-12.47.01-1240x720.jpeg"", ""https://lrcostahomes.com/wp-content/uploads/2026/06/w_whatsapp-image-2026-01-15-at-12.47.01-1--1240x720.jpeg"", ""https://lrcostahomes.com/wp-content/uploads/2026/06/w_whatsapp-image-2026-01-15-at-12.47.01-2--1240x720.jpeg"", ""https://lrcostahomes.com/wp-content/uploads/2026/06/w_whatsapp-image-2026-01-15-at-12.47.01-3--1240x720.jpeg"", ""https://lrcostahomes.com/wp-content/uploads/2026/06/w_whatsapp-image-2026-01-15-at-12.47.02-1240x720.jpeg"", ""https://lrcostahomes.com/wp-content/uploads/2026/06/w_whatsapp-image-2026-01-15-at-12.47.03-1240x720.jpeg"", ""https://lrcostahomes.com/wp-content/uploads/2026/06/w_whatsapp-image-2026-01-15-at-12.47.04-1240x720.jpeg"", ""https://lrcostahomes.com/wp-content/uploads/2026/06/w_whatsapp-image-2026-01-15-at-12.47.04-1--1240x720.jpeg"", ""https://lrcostahomes.com/wp-content/uploads/2026/06/w_whatsapp-image-2026-01-15-at-12.47.04-2--1240x720.jpeg"", ""https://lrcostahomes.com/wp-content/uploads/2026/06/w_whatsapp-image-2026-01-15-at-12.47.08-1240x720.jpeg"", ""https://lrcostahomes.com/wp-content/uploads/2026/06/w_whatsapp-image-2026-01-15-at-12.47.08-1--1240x720.jpeg"", ""https://lrcostahomes.com/wp-content/uploads/2026/06/w_whatsapp-image-2026-01-15-at-12.47.09-1--1240x720.jpeg"", ""https://lrcostahomes.com/wp-content/uploads/2026/06/w_whatsapp-image-2026-01-15-at-12.47.09-3--1240x720.jpeg"", ""https://lrcostahomes.com/wp-content/uploads/2026/06/w_whatsapp-image-2026-01-15-at-12.47.10-1240x720.jpeg"", ""https://lrcostahomes.com/wp-content/uploads/2026/06/w_whatsapp-image-2026-01-15-at-12.47.10-1--1240x720.jpeg"", ""https://lrcostahomes.com/wp-content/uploads/2026/06/w_whatsapp-image-2026-01-15-at-12.47.10-2--1240x720.jpeg"", ""https://lrcostahomes.com/wp-content/uploads/2026/06/w_whatsapp-image-2026-01-15-at-12.47.10-3--1240x720.jpeg"", ""https://lrcostahomes.com/wp-content/uploads/2026/06/w_whatsapp-image-2026-01-15-at-12.47.11-1--1240x720.jpeg"", ""https://lrcostahomes.com/wp-content/uploads/2026/06/w_whatsapp-image-2026-01-15-at-12.47.11-2--1240x720.jpeg"", ""https://lrcostahomes.com/wp-content/uploads/2026/06/w_whatsapp-image-2026-01-15-at-12.47.11-3--1240x720.jpeg"", ""https://lrcostahomes.com/wp-content/uploads/2026/06/w_whatsapp-image-2026-01-15-at-12.47.11-4--1240x720.jpeg"", ""https://lrcostahomes.com/wp-content/uploads/2026/06/w_whatsapp-image-2026-01-15-at-12.47.12-1--1240x720.jpeg""]";Importada de LRCostaHomes;draft;capture;;https://lrcostahomes.com/es/property/10036-2/;ref;MARTINEZ
Casa de campo en Gea y Truyols;casa-de-campo-en-gea-y-truyols;Orihuela;Orihuela;Orihuela;Murcia;España;Villa;En venta € 175.000;175000;de;En venta € 175.000;https://lrcostahomes.com/es/property/country-house-in-gea-y-truyols/;0;4;1;326;Esta fabulosa propiedad está ubicada…;https://lrcostahomes.com/wp-content/uploads/2026/04/l-r-costa-homes-513.png;"[""https://lrcostahomes.com/wp-content/uploads/2026/04/l-r-costa-homes-513.png"", ""https://lrcostahomes.com/wp-content/uploads/2026/04/l-r-costa-homes-511.png"", ""https://lrcostahomes.com/wp-content/uploads/2026/06/WhatsApp-Image-2026-06-10-at-21.52.59-1-792x720.jpeg"", ""https://lrcostahomes.com/wp-content/uploads/2026/06/WhatsApp-Image-2026-06-10-at-21.52.59-774x720.jpeg"", ""https://lrcostahomes.com/wp-content/uploads/2026/06/WhatsApp-Image-2026-06-10-at-21.53.00-1-768x720.jpeg"", ""https://lrcostahomes.com/wp-content/uploads/2026/06/WhatsApp-Image-2026-06-10-at-21.53.00-2-775x720.jpeg"", ""https://lrcostahomes.com/wp-content/uploads/2026/06/WhatsApp-Image-2026-06-10-at-21.53.00-772x720.jpeg"", ""https://lrcostahomes.com/wp-content/uploads/2026/06/WhatsApp-Image-2026-06-10-at-21.53.02-776x720.jpeg"", ""https://lrcostahomes.com/wp-content/uploads/2026/06/WhatsApp-Image-2026-06-10-at-21.53.03-1-766x720.jpeg"", ""https://lrcostahomes.com/wp-content/uploads/2026/06/WhatsApp-Image-2026-06-10-at-21.53.03-2-785x720.jpeg"", ""https://lrcostahomes.com/wp-content/uploads/2026/06/WhatsApp-Image-2026-06-10-at-21.53.03-3-762x720.jpeg"", ""https://lrcostahomes.com/wp-content/uploads/2026/06/WhatsApp-Image-2026-06-10-at-21.53.03-4-769x720.jpeg"", ""https://lrcostahomes.com/wp-content/uploads/2026/06/WhatsApp-Image-2026-06-10-at-21.53.03-5-755x720.jpeg"", ""https://lrcostahomes.com/wp-content/uploads/2026/06/WhatsApp-Image-2026-06-10-at-21.53.03-757x720.jpeg"", ""https://lrcostahomes.com/wp-content/uploads/2026/06/WhatsApp-Image-2026-06-10-at-21.53.04-1-779x720.jpeg"", ""https://lrcostahomes.com/wp-content/uploads/2026/06/WhatsApp-Image-2026-06-10-at-21.53.04-2-752x720.jpeg"", ""https://lrcostahomes.com/wp-content/uploads/2026/06/WhatsApp-Image-2026-06-10-at-21.53.04-3-751x720.jpeg"", ""https://lrcostahomes.com/wp-content/uploads/2026/06/WhatsApp-Image-2026-06-10-at-21.53.04-4-771x720.jpeg"", ""https://lrcostahomes.com/wp-content/uploads/2026/06/WhatsApp-Image-2026-06-10-at-21.53.04-5-757x720.jpeg"", ""https://lrcostahomes.com/wp-content/uploads/2026/06/WhatsApp-Image-2026-06-10-at-21.53.04-775x720.jpeg"", ""https://lrcostahomes.com/wp-content/uploads/2026/06/WhatsApp-Image-2026-06-10-at-21.53.05-1-776x720.jpeg"", ""https://lrcostahomes.com/wp-content/uploads/2026/06/WhatsApp-Image-2026-06-10-at-21.53.05-2-759x720.jpeg"", ""https://lrcostahomes.com/wp-content/uploads/2026/06/WhatsApp-Image-2026-06-10-at-21.53.05-3-773x720.jpeg"", ""https://lrcostahomes.com/wp-content/uploads/2026/06/WhatsApp-Image-2026-06-10-at-21.53.05-745x720.jpeg"", ""https://lrcostahomes.com/wp-content/uploads/2026/06/WhatsApp-Image-2026-06-10-at-21.53.06-1-760x720.jpeg"", ""https://lrcostahomes.com/wp-content/uploads/2026/06/WhatsApp-Image-2026-06-10-at-21.53.06-2-771x720.jpeg"", ""https://lrcostahomes.com/wp-content/uploads/2026/06/WhatsApp-Image-2026-06-10-at-21.53.06-3-780x720.jpeg"", ""https://lrcostahomes.com/wp-content/uploads/2026/06/WhatsApp-Image-2026-06-10-at-21.53.06-4-776x720.jpeg"", ""https://lrcostahomes.com/wp-content/uploads/2026/06/WhatsApp-Image-2026-06-10-at-21.53.06-5-790x720.jpeg"", ""https://lrcostahomes.com/wp-content/uploads/2026/06/WhatsApp-Image-2026-06-10-at-21.53.06-775x720.jpeg""]";Importada de LRCostaHomes;draft;capture;;https://lrcostahomes.com/es/property/country-house-in-gea-y-truyols/;ref;MARTINEZ
Villa de campo;villa-de-campo;Orihuela;Orihuela;Orihuela;Murcia;España;Villa;En venta € 174.000;174000;de;En venta € 174.000;https://lrcostahomes.com/es/property/9948-2/;0;3;2;169;Imagina despertarte y ver…;https://lrcostahomes.com/wp-content/uploads/2026/04/l-r-costa-homes-513.png;"[""https://lrcostahomes.com/wp-content/uploads/2026/04/l-r-costa-homes-513.png"", ""https://lrcostahomes.com/wp-content/uploads/2026/04/l-r-costa-homes-511.png"", ""https://lrcostahomes.com/wp-content/uploads/2026/06/WhatsApp-Image-2026-06-10-at-20.51.46-1.jpeg"", ""https://lrcostahomes.com/wp-content/uploads/2026/06/WhatsApp-Image-2026-06-10-at-20.51.46-2.jpeg"", ""https://lrcostahomes.com/wp-content/uploads/2026/06/WhatsApp-Image-2026-06-10-at-20.51.46.jpeg"", ""https://lrcostahomes.com/wp-content/uploads/2026/06/WhatsApp-Image-2026-06-10-at-20.51.47-1.jpeg"", ""https://lrcostahomes.com/wp-content/uploads/2026/06/WhatsApp-Image-2026-06-10-at-20.51.47.jpeg"", ""https://lrcostahomes.com/wp-content/uploads/2026/06/WhatsApp-Image-2026-06-10-at-20.51.49-1.jpeg"", ""https://lrcostahomes.com/wp-content/uploads/2026/06/WhatsApp-Image-2026-06-10-at-20.51.49.jpeg"", ""https://lrcostahomes.com/wp-content/uploads/2026/06/WhatsApp-Image-2026-06-10-at-20.51.50-1.jpeg"", ""https://lrcostahomes.com/wp-content/uploads/2026/06/WhatsApp-Image-2026-06-10-at-20.51.50-2.jpeg"", ""https://lrcostahomes.com/wp-content/uploads/2026/06/WhatsApp-Image-2026-06-10-at-20.51.50-3.jpeg"", ""https://lrcostahomes.com/wp-content/uploads/2026/06/WhatsApp-Image-2026-06-10-at-20.51.50-4.jpeg"", ""https://lrcostahomes.com/wp-content/uploads/2026/06/WhatsApp-Image-2026-06-10-at-20.51.50-5.jpeg"", ""https://lrcostahomes.com/wp-content/uploads/2026/06/WhatsApp-Image-2026-06-10-at-20.51.50-6.jpeg"", ""https://lrcostahomes.com/wp-content/uploads/2026/06/WhatsApp-Image-2026-06-10-at-20.51.50.jpeg"", ""https://lrcostahomes.com/wp-content/uploads/2026/06/WhatsApp-Image-2026-06-10-at-20.51.51-1.jpeg"", ""https://lrcostahomes.com/wp-content/uploads/2026/06/WhatsApp-Image-2026-06-10-at-20.51.51-2.jpeg"", ""https://lrcostahomes.com/wp-content/uploads/2026/06/WhatsApp-Image-2026-06-10-at-20.51.51-3.jpeg"", ""https://lrcostahomes.com/wp-content/uploads/2026/06/WhatsApp-Image-2026-06-10-at-20.51.51-4.jpeg"", ""https://lrcostahomes.com/wp-content/uploads/2026/06/WhatsApp-Image-2026-06-10-at-20.51.51-5.jpeg"", ""https://lrcostahomes.com/wp-content/uploads/2026/06/WhatsApp-Image-2026-06-10-at-20.51.51-6.jpeg"", ""https://lrcostahomes.com/wp-content/uploads/2026/06/WhatsApp-Image-2026-06-10-at-20.51.51-7.jpeg"", ""https://lrcostahomes.com/wp-content/uploads/2026/06/WhatsApp-Image-2026-06-10-at-20.51.51.jpeg"", ""https://lrcostahomes.com/wp-content/uploads/2026/06/WhatsApp-Image-2026-06-10-at-20.51.52-1.jpeg"", ""https://lrcostahomes.com/wp-content/uploads/2026/06/WhatsApp-Image-2026-06-10-at-20.51.52-2.jpeg"", ""https://lrcostahomes.com/wp-content/uploads/2026/06/WhatsApp-Image-2026-06-10-at-20.51.52-3-1080x720.jpeg"", ""https://lrcostahomes.com/wp-content/uploads/2026/06/WhatsApp-Image-2026-06-10-at-20.51.52-4.jpeg"", ""https://lrcostahomes.com/wp-content/uploads/2026/06/WhatsApp-Image-2026-06-10-at-20.51.52-5.jpeg"", ""https://lrcostahomes.com/wp-content/uploads/2026/06/WhatsApp-Image-2026-06-10-at-20.51.52-6.jpeg""]";Importada de LRCostaHomes;draft;capture;;https://lrcostahomes.com/es/property/9948-2/;ref;MARTINEZ
Apartamento en primera línea de playa con vistas al mar.;apartamento-en-primera-l-nea-de-playa-con-vistas-al-mar;Orihuela;Orihuela;Orihuela;Murcia;España;Villa;En venta € 309.000;309000;de;En venta € 309.000;https://lrcostahomes.com/es/property/beachfront-apartment-with-sea-views/;0;3;2;99;Apartamento frente a la playa con vistas al mar…;https://lrcostahomes.com/wp-content/uploads/2026/04/l-r-costa-homes-513.png;"[""https://lrcostahomes.com/wp-content/uploads/2026/04/l-r-costa-homes-513.png"", ""https://lrcostahomes.com/wp-content/uploads/2026/04/l-r-costa-homes-511.png"", ""https://lrcostahomes.com/wp-content/uploads/2026/06/d696a380e01fa7696a380e01ff4-1240x720.jpeg"", ""https://lrcostahomes.com/wp-content/uploads/2026/06/WhatsApp-Image-2026-06-10-at-18.45.17-1240x720.jpeg"", ""https://lrcostahomes.com/wp-content/uploads/2026/06/WhatsApp-Image-2026-06-10-at-18.45.18-1240x720.jpeg"", ""https://lrcostahomes.com/wp-content/uploads/2026/06/WhatsApp-Image-2026-06-10-at-18.45.18-3-1240x720.jpeg"", ""https://lrcostahomes.com/wp-content/uploads/2026/06/WhatsApp-Image-2026-06-10-at-18.45.18-2-1240x720.jpeg"", ""https://lrcostahomes.com/wp-content/uploads/2026/06/WhatsApp-Image-2026-06-10-at-18.45.18-1-1240x720.jpeg"", ""https://lrcostahomes.com/wp-content/uploads/2026/06/WhatsApp-Image-2026-06-10-at-18.45.17-4-1240x720.jpeg"", ""https://lrcostahomes.com/wp-content/uploads/2026/06/WhatsApp-Image-2026-06-10-at-18.45.17-3-1240x720.jpeg"", ""https://lrcostahomes.com/wp-content/uploads/2026/06/d696a380c3dfc2696a380c3e006-1240x720.jpeg"", ""https://lrcostahomes.com/wp-content/uploads/2026/06/WhatsApp-Image-2026-06-10-at-18.45.17-2-1240x720.jpeg"", ""https://lrcostahomes.com/wp-content/uploads/2026/06/WhatsApp-Image-2026-06-10-at-18.45.17-1-1240x720.jpeg"", ""https://lrcostahomes.com/wp-content/uploads/2026/06/WhatsApp-Image-2026-06-10-at-18.45.16-1240x720.jpeg"", ""https://lrcostahomes.com/wp-content/uploads/2026/06/WhatsApp-Image-2026-06-10-at-18.45.16-2-1240x720.jpeg"", ""https://lrcostahomes.com/wp-content/uploads/2026/06/WhatsApp-Image-2026-06-10-at-18.45.16-1-1240x720.jpeg"", ""https://lrcostahomes.com/wp-content/uploads/2026/06/WhatsApp-Image-2026-06-10-at-18.45.15-2-1240x720.jpeg"", ""https://lrcostahomes.com/wp-content/uploads/2026/06/d696a380e01fa7696a380e01ff4-488x326.jpeg"", ""https://lrcostahomes.com/wp-content/uploads/2026/06/WhatsApp-Image-2026-06-10-at-18.45.17-488x326.jpeg"", ""https://lrcostahomes.com/wp-content/uploads/2026/06/WhatsApp-Image-2026-06-10-at-18.45.18-488x326.jpeg"", ""https://lrcostahomes.com/wp-content/uploads/2026/06/WhatsApp-Image-2026-06-10-at-18.45.18-3-488x326.jpeg"", ""https://lrcostahomes.com/wp-content/uploads/2026/06/WhatsApp-Image-2026-06-10-at-18.45.18-2-488x326.jpeg"", ""https://lrcostahomes.com/wp-content/uploads/2026/06/WhatsApp-Image-2026-06-10-at-18.45.18-1-488x326.jpeg"", ""https://lrcostahomes.com/wp-content/uploads/2026/06/WhatsApp-Image-2026-06-10-at-18.45.17-4-488x326.jpeg"", ""https://lrcostahomes.com/wp-content/uploads/2026/06/WhatsApp-Image-2026-06-10-at-18.45.17-3-488x326.jpeg"", ""https://lrcostahomes.com/wp-content/uploads/2026/06/d696a380c3dfc2696a380c3e006-488x326.jpeg"", ""https://lrcostahomes.com/wp-content/uploads/2026/06/WhatsApp-Image-2026-06-10-at-18.45.17-2-488x326.jpeg"", ""https://lrcostahomes.com/wp-content/uploads/2026/06/WhatsApp-Image-2026-06-10-at-18.45.17-1-488x326.jpeg"", ""https://lrcostahomes.com/wp-content/uploads/2026/06/WhatsApp-Image-2026-06-10-at-18.45.16-488x326.jpeg"", ""https://lrcostahomes.com/wp-content/uploads/2026/06/WhatsApp-Image-2026-06-10-at-18.45.16-2-488x326.jpeg""]";Importada de LRCostaHomes;draft;capture;;https://lrcostahomes.com/es/property/beachfront-apartment-with-sea-views/;ref;MARTINEZ
Ático con vistas al mar;tico-con-vistas-al-mar;Orihuela;Orihuela;Orihuela;Murcia;España;Villa;En venta € 239.900;239900;de;En venta € 239.900;https://lrcostahomes.com/es/property/penthouse-with-sea-views/;0;2;1;68;Este espectacular ático con vistas a…;https://lrcostahomes.com/wp-content/uploads/2026/04/l-r-costa-homes-513.png;"[""https://lrcostahomes.com/wp-content/uploads/2026/04/l-r-costa-homes-513.png"", ""https://lrcostahomes.com/wp-content/uploads/2026/04/l-r-costa-homes-511.png"", ""https://lrcostahomes.com/wp-content/uploads/2026/06/WhatsApp-Image-2026-06-10-at-17.53.11-1-1200x720.jpeg"", ""https://lrcostahomes.com/wp-content/uploads/2026/06/WhatsApp-Image-2026-06-10-at-17.53.07-1200x720.jpeg"", ""https://lrcostahomes.com/wp-content/uploads/2026/06/WhatsApp-Image-2026-06-10-at-17.53.08-1200x720.jpeg"", ""https://lrcostahomes.com/wp-content/uploads/2026/06/WhatsApp-Image-2026-06-10-at-17.53.09-1-1200x720.jpeg"", ""https://lrcostahomes.com/wp-content/uploads/2026/06/WhatsApp-Image-2026-06-10-at-17.53.09-2-1200x720.jpeg"", ""https://lrcostahomes.com/wp-content/uploads/2026/06/WhatsApp-Image-2026-06-10-at-17.53.09-1200x720.jpeg"", ""https://lrcostahomes.com/wp-content/uploads/2026/06/WhatsApp-Image-2026-06-10-at-17.53.10-1-1200x720.jpeg"", ""https://lrcostahomes.com/wp-content/uploads/2026/06/WhatsApp-Image-2026-06-10-at-17.53.10-2-1200x720.jpeg"", ""https://lrcostahomes.com/wp-content/uploads/2026/06/WhatsApp-Image-2026-06-10-at-17.53.10-3-1200x720.jpeg"", ""https://lrcostahomes.com/wp-content/uploads/2026/06/WhatsApp-Image-2026-06-10-at-17.53.10-4-1200x720.jpeg"", ""https://lrcostahomes.com/wp-content/uploads/2026/06/WhatsApp-Image-2026-06-10-at-17.53.10-5-1200x720.jpeg"", ""https://lrcostahomes.com/wp-content/uploads/2026/06/WhatsApp-Image-2026-06-10-at-17.53.10-6-1200x720.jpeg"", ""https://lrcostahomes.com/wp-content/uploads/2026/06/WhatsApp-Image-2026-06-10-at-17.53.10-7-1200x720.jpeg"", ""https://lrcostahomes.com/wp-content/uploads/2026/06/WhatsApp-Image-2026-06-10-at-17.53.10-1200x720.jpeg"", ""https://lrcostahomes.com/wp-content/uploads/2026/06/WhatsApp-Image-2026-06-10-at-17.53.11-1200x720.jpeg"", ""https://lrcostahomes.com/wp-content/uploads/2026/06/WhatsApp-Image-2026-06-10-at-17.54.54-1200x720.jpeg"", ""https://lrcostahomes.com/wp-content/uploads/2026/06/WhatsApp-Image-2026-06-10-at-17.53.11-1-488x326.jpeg"", ""https://lrcostahomes.com/wp-content/uploads/2026/06/WhatsApp-Image-2026-06-10-at-17.53.07-488x326.jpeg"", ""https://lrcostahomes.com/wp-content/uploads/2026/06/WhatsApp-Image-2026-06-10-at-17.53.08-488x326.jpeg"", ""https://lrcostahomes.com/wp-content/uploads/2026/06/WhatsApp-Image-2026-06-10-at-17.53.09-1-488x326.jpeg"", ""https://lrcostahomes.com/wp-content/uploads/2026/06/WhatsApp-Image-2026-06-10-at-17.53.09-2-488x326.jpeg"", ""https://lrcostahomes.com/wp-content/uploads/2026/06/WhatsApp-Image-2026-06-10-at-17.53.09-488x326.jpeg"", ""https://lrcostahomes.com/wp-content/uploads/2026/06/WhatsApp-Image-2026-06-10-at-17.53.10-1-488x326.jpeg"", ""https://lrcostahomes.com/wp-content/uploads/2026/06/WhatsApp-Image-2026-06-10-at-17.53.10-2-488x326.jpeg"", ""https://lrcostahomes.com/wp-content/uploads/2026/06/WhatsApp-Image-2026-06-10-at-17.53.10-3-488x326.jpeg"", ""https://lrcostahomes.com/wp-content/uploads/2026/06/WhatsApp-Image-2026-06-10-at-17.53.10-4-488x326.jpeg"", ""https://lrcostahomes.com/wp-content/uploads/2026/06/WhatsApp-Image-2026-06-10-at-17.53.10-5-488x326.jpeg"", ""https://lrcostahomes.com/wp-content/uploads/2026/06/WhatsApp-Image-2026-06-10-at-17.53.10-6-488x326.jpeg""]";Importada de LRCostaHomes;draft;capture;;https://lrcostahomes.com/es/property/penthouse-with-sea-views/;ref;MARTINEZ
Apartamento con vistas al mar;apartamento-con-vistas-al-mar;Orihuela;Orihuela;Orihuela;Murcia;España;Villa;En venta € 310.000;310000;de;En venta € 310.000;https://lrcostahomes.com/es/property/apartment-with-sea-views/;0;2;2;83;Nos complace ofrecer…;https://lrcostahomes.com/wp-content/uploads/2026/04/l-r-costa-homes-513.png;"[""https://lrcostahomes.com/wp-content/uploads/2026/04/l-r-costa-homes-513.png"", ""https://lrcostahomes.com/wp-content/uploads/2026/04/l-r-costa-homes-511.png"", ""https://lrcostahomes.com/wp-content/uploads/2026/06/PHOTO-2025-11-28-13-56-48_8-1-601x720.jpg"", ""https://lrcostahomes.com/wp-content/uploads/2026/06/PHOTO-2025-11-28-13-56-48_12-601x720.jpg"", ""https://lrcostahomes.com/wp-content/uploads/2026/06/PHOTO-2025-11-28-13-56-48_11-1-601x720.jpg"", ""https://lrcostahomes.com/wp-content/uploads/2026/06/PHOTO-2025-11-28-13-56-47_21-601x720.jpg"", ""https://lrcostahomes.com/wp-content/uploads/2026/06/PHOTO-2025-11-28-13-56-48_1-1-601x720.jpg"", ""https://lrcostahomes.com/wp-content/uploads/2026/06/PHOTO-2025-11-28-13-56-48_2-1-601x720.jpg"", ""https://lrcostahomes.com/wp-content/uploads/2026/06/PHOTO-2025-11-28-13-56-48_3-1-601x720.jpg"", ""https://lrcostahomes.com/wp-content/uploads/2026/06/PHOTO-2025-11-28-13-56-48_4-1-601x720.jpg"", ""https://lrcostahomes.com/wp-content/uploads/2026/06/PHOTO-2025-11-28-13-56-48_7-1-601x720.jpg"", ""https://lrcostahomes.com/wp-content/uploads/2026/06/PHOTO-2025-11-28-13-56-47_1-601x720.jpg"", ""https://lrcostahomes.com/wp-content/uploads/2026/06/PHOTO-2025-11-28-13-56-47_2-601x720.jpg"", ""https://lrcostahomes.com/wp-content/uploads/2026/06/PHOTO-2025-11-28-13-56-47_3-601x720.jpg"", ""https://lrcostahomes.com/wp-content/uploads/2026/06/PHOTO-2025-11-28-13-56-47_4-601x720.jpg"", ""https://lrcostahomes.com/wp-content/uploads/2026/06/PHOTO-2025-11-28-13-56-47_5-601x720.jpg"", ""https://lrcostahomes.com/wp-content/uploads/2026/06/PHOTO-2025-11-28-13-56-47_6-601x720.jpg"", ""https://lrcostahomes.com/wp-content/uploads/2026/06/PHOTO-2025-11-28-13-56-47_7-601x720.jpg"", ""https://lrcostahomes.com/wp-content/uploads/2026/06/PHOTO-2025-11-28-13-56-47_8-601x720.jpg"", ""https://lrcostahomes.com/wp-content/uploads/2026/06/PHOTO-2025-11-28-13-56-47_10-601x720.jpg"", ""https://lrcostahomes.com/wp-content/uploads/2026/06/PHOTO-2025-11-28-13-56-47_15-601x720.jpg"", ""https://lrcostahomes.com/wp-content/uploads/2026/06/PHOTO-2025-11-28-13-56-47_18-601x720.jpg"", ""https://lrcostahomes.com/wp-content/uploads/2026/06/PHOTO-2025-11-28-13-56-47_19-601x720.jpg"", ""https://lrcostahomes.com/wp-content/uploads/2026/06/PHOTO-2025-11-28-13-56-48-1-601x720.jpg"", ""https://lrcostahomes.com/wp-content/uploads/2026/06/PHOTO-2025-11-28-13-56-48_14-601x720.jpg"", ""https://lrcostahomes.com/wp-content/uploads/2026/06/PHOTO-2025-11-28-13-56-48_8-1-488x326.jpg"", ""https://lrcostahomes.com/wp-content/uploads/2026/06/PHOTO-2025-11-28-13-56-48_12-488x326.jpg"", ""https://lrcostahomes.com/wp-content/uploads/2026/06/PHOTO-2025-11-28-13-56-48_11-1-488x326.jpg"", ""https://lrcostahomes.com/wp-content/uploads/2026/06/PHOTO-2025-11-28-13-56-47_21-488x326.jpg"", ""https://lrcostahomes.com/wp-content/uploads/2026/06/PHOTO-2025-11-28-13-56-48_1-1-488x326.jpg""]";Importada de LRCostaHomes;draft;capture;;https://lrcostahomes.com/es/property/apartment-with-sea-views/;ref;MARTINEZ
UN APARTAMENTO DE LUJO EN LO PAGAN;un-apartamento-de-lujo-en-lo-pagan;Orihuela;Murcia;Murcia;Murcia;España;Villa;En venta € 294.950;294950;de;En venta € 294.950;https://lrcostahomes.com/es/property/a-luxuarious-apartment-in-lo-pagan/;0;3;2;109;Un lujoso apartamento de 3 habitaciones totalmente reformado…;https://lrcostahomes.com/wp-content/uploads/2026/04/l-r-costa-homes-513.png;"[""https://lrcostahomes.com/wp-content/uploads/2026/04/l-r-costa-homes-513.png"", ""https://lrcostahomes.com/wp-content/uploads/2026/04/l-r-costa-homes-511.png"", ""https://lrcostahomes.com/wp-content/uploads/2026/06/WhatsApp-Image-2026-06-10-at-16.12.07-3.jpeg"", ""https://lrcostahomes.com/wp-content/uploads/2026/06/WhatsApp-Image-2026-06-10-at-16.12.07-2.jpeg"", ""https://lrcostahomes.com/wp-content/uploads/2026/06/WhatsApp-Image-2026-06-10-at-16.12.06-640x720.jpeg"", ""https://lrcostahomes.com/wp-content/uploads/2026/06/WhatsApp-Image-2026-06-10-at-16.12.06-3.jpeg"", ""https://lrcostahomes.com/wp-content/uploads/2026/06/WhatsApp-Image-2026-06-10-at-16.12.08-3.jpeg"", ""https://lrcostahomes.com/wp-content/uploads/2026/06/WhatsApp-Image-2026-06-10-at-16.12.08-4.jpeg"", ""https://lrcostahomes.com/wp-content/uploads/2026/06/WhatsApp-Image-2026-06-10-at-16.12.08-5.jpeg"", ""https://lrcostahomes.com/wp-content/uploads/2026/06/WhatsApp-Image-2026-06-10-at-16.12.05-1.jpeg"", ""https://lrcostahomes.com/wp-content/uploads/2026/06/WhatsApp-Image-2026-06-10-at-16.12.07-4.jpeg"", ""https://lrcostahomes.com/wp-content/uploads/2026/06/WhatsApp-Image-2026-06-10-at-16.12.08-2.jpeg"", ""https://lrcostahomes.com/wp-content/uploads/2026/06/WhatsApp-Image-2026-06-10-at-16.12.07.jpeg"", ""https://lrcostahomes.com/wp-content/uploads/2026/06/WhatsApp-Image-2026-06-10-at-16.12.05-2.jpeg"", ""https://lrcostahomes.com/wp-content/uploads/2026/06/WhatsApp-Image-2026-06-10-at-16.12.05-3.jpeg"", ""https://lrcostahomes.com/wp-content/uploads/2026/06/WhatsApp-Image-2026-06-10-at-16.12.05.jpeg"", ""https://lrcostahomes.com/wp-content/uploads/2026/06/WhatsApp-Image-2026-06-10-at-16.12.06-1.jpeg"", ""https://lrcostahomes.com/wp-content/uploads/2026/06/WhatsApp-Image-2026-06-10-at-16.12.07-1.jpeg"", ""https://lrcostahomes.com/wp-content/uploads/2026/06/WhatsApp-Image-2026-06-10-at-16.12.08-1.jpeg"", ""https://lrcostahomes.com/wp-content/uploads/2026/06/WhatsApp-Image-2026-06-10-at-16.12.08.jpeg"", ""https://lrcostahomes.com/wp-content/uploads/2026/06/WhatsApp-Image-2026-06-10-at-16.12.07-3-488x326.jpeg"", ""https://lrcostahomes.com/wp-content/uploads/2026/06/WhatsApp-Image-2026-06-10-at-16.12.07-2-488x326.jpeg"", ""https://lrcostahomes.com/wp-content/uploads/2026/06/WhatsApp-Image-2026-06-10-at-16.12.06-488x326.jpeg"", ""https://lrcostahomes.com/wp-content/uploads/2026/06/WhatsApp-Image-2026-06-10-at-16.12.06-3-488x326.jpeg"", ""https://lrcostahomes.com/wp-content/uploads/2026/06/WhatsApp-Image-2026-06-10-at-16.12.08-3-488x326.jpeg"", ""https://lrcostahomes.com/wp-content/uploads/2026/06/WhatsApp-Image-2026-06-10-at-16.12.08-4-488x326.jpeg"", ""https://lrcostahomes.com/wp-content/uploads/2026/06/WhatsApp-Image-2026-06-10-at-16.12.08-5-488x326.jpeg"", ""https://lrcostahomes.com/wp-content/uploads/2026/06/WhatsApp-Image-2026-06-10-at-16.12.05-1-488x326.jpeg"", ""https://lrcostahomes.com/wp-content/uploads/2026/06/WhatsApp-Image-2026-06-10-at-16.12.07-4-488x326.jpeg"", ""https://lrcostahomes.com/wp-content/uploads/2026/06/WhatsApp-Image-2026-06-10-at-16.12.08-2-488x326.jpeg""]";Importada de LRCostaHomes;draft;capture;;https://lrcostahomes.com/es/property/a-luxuarious-apartment-in-lo-pagan/;ref;MARTINEZ
Apartamento reformado a tan solo 30 m del mar.;apartamento-reformado-a-tan-solo-30-m-del-mar;Orihuela;San Pedro del Pinatar;San Pedro del Pinatar;Murcia;España;Villa;En venta € 249.000;249000;de;En venta € 249.000;https://lrcostahomes.com/es/property/renovated-apartment-just-30-m-from-the-sea/;0;3;2;95;Este apartamento totalmente renovado es…;https://lrcostahomes.com/wp-content/uploads/2026/04/l-r-costa-homes-513.png;"[""https://lrcostahomes.com/wp-content/uploads/2026/04/l-r-costa-homes-513.png"", ""https://lrcostahomes.com/wp-content/uploads/2026/04/l-r-costa-homes-511.png"", ""https://lrcostahomes.com/wp-content/uploads/2026/06/WhatsApp-Image-2026-06-10-at-15.31.06-2-1240x720.jpeg"", ""https://lrcostahomes.com/wp-content/uploads/2026/06/WhatsApp-Image-2026-06-10-at-15.31.06-1-1240x720.jpeg"", ""https://lrcostahomes.com/wp-content/uploads/2026/06/WhatsApp-Image-2026-06-10-at-15.31.02-1-1240x720.jpeg"", ""https://lrcostahomes.com/wp-content/uploads/2026/06/WhatsApp-Image-2026-06-10-at-15.31.03-1240x720.jpeg"", ""https://lrcostahomes.com/wp-content/uploads/2026/06/WhatsApp-Image-2026-06-10-at-15.31.02-1240x720.jpeg"", ""https://lrcostahomes.com/wp-content/uploads/2026/06/WhatsApp-Image-2026-06-10-at-15.31.03-1-1240x720.jpeg"", ""https://lrcostahomes.com/wp-content/uploads/2026/06/WhatsApp-Image-2026-06-10-at-15.31.04-1-1240x720.jpeg"", ""https://lrcostahomes.com/wp-content/uploads/2026/06/WhatsApp-Image-2026-06-10-at-15.31.03-2-1240x720.jpeg"", ""https://lrcostahomes.com/wp-content/uploads/2026/06/WhatsApp-Image-2026-06-10-at-15.31.05-4-1240x720.jpeg"", ""https://lrcostahomes.com/wp-content/uploads/2026/06/WhatsApp-Image-2026-06-10-at-15.31.04-2-1240x720.jpeg"", ""https://lrcostahomes.com/wp-content/uploads/2026/06/WhatsApp-Image-2026-06-10-at-15.31.04-1240x720.jpeg"", ""https://lrcostahomes.com/wp-content/uploads/2026/06/WhatsApp-Image-2026-06-10-at-15.31.05-1-1240x720.jpeg"", ""https://lrcostahomes.com/wp-content/uploads/2026/06/WhatsApp-Image-2026-06-10-at-15.31.05-2-1240x720.jpeg"", ""https://lrcostahomes.com/wp-content/uploads/2026/06/WhatsApp-Image-2026-06-10-at-15.31.05-3-1240x720.jpeg"", ""https://lrcostahomes.com/wp-content/uploads/2026/06/WhatsApp-Image-2026-06-10-at-15.31.05-5-1240x720.jpeg"", ""https://lrcostahomes.com/wp-content/uploads/2026/06/WhatsApp-Image-2026-06-10-at-15.31.05-1240x720.jpeg"", ""https://lrcostahomes.com/wp-content/uploads/2026/06/WhatsApp-Image-2026-06-10-at-15.31.06-1240x720.jpeg"", ""https://lrcostahomes.com/wp-content/uploads/2026/06/WhatsApp-Image-2026-06-10-at-15.31.06-2-488x326.jpeg"", ""https://lrcostahomes.com/wp-content/uploads/2026/06/WhatsApp-Image-2026-06-10-at-15.31.06-1-488x326.jpeg"", ""https://lrcostahomes.com/wp-content/uploads/2026/06/WhatsApp-Image-2026-06-10-at-15.31.02-1-488x326.jpeg"", ""https://lrcostahomes.com/wp-content/uploads/2026/06/WhatsApp-Image-2026-06-10-at-15.31.03-488x326.jpeg"", ""https://lrcostahomes.com/wp-content/uploads/2026/06/WhatsApp-Image-2026-06-10-at-15.31.02-488x326.jpeg"", ""https://lrcostahomes.com/wp-content/uploads/2026/06/WhatsApp-Image-2026-06-10-at-15.31.03-1-488x326.jpeg"", ""https://lrcostahomes.com/wp-content/uploads/2026/06/WhatsApp-Image-2026-06-10-at-15.31.04-1-488x326.jpeg"", ""https://lrcostahomes.com/wp-content/uploads/2026/06/WhatsApp-Image-2026-06-10-at-15.31.03-2-488x326.jpeg"", ""https://lrcostahomes.com/wp-content/uploads/2026/06/WhatsApp-Image-2026-06-10-at-15.31.05-4-488x326.jpeg"", ""https://lrcostahomes.com/wp-content/uploads/2026/06/WhatsApp-Image-2026-06-10-at-15.31.04-2-488x326.jpeg"", ""https://lrcostahomes.com/wp-content/uploads/2026/06/WhatsApp-Image-2026-06-10-at-15.31.04-488x326.jpeg""]";Importada de LRCostaHomes;draft;capture;;https://lrcostahomes.com/es/property/renovated-apartment-just-30-m-from-the-sea/;ref;MARTINEZ
Apartamento en San Pedro del Pinatar;apartamento-en-san-pedro-del-pinatar;Orihuela;San Pedro del Pinatar;San Pedro del Pinatar;Murcia;España;Villa;En venta € 240.000;240000;de;En venta € 240.000;https://lrcostahomes.com/es/property/apartment-en-san-pedro-del-pinatar/;0;3;1;95;Vive el mar como nunca antes…;https://lrcostahomes.com/wp-content/uploads/2026/04/l-r-costa-homes-513.png;"[""https://lrcostahomes.com/wp-content/uploads/2026/04/l-r-costa-homes-513.png"", ""https://lrcostahomes.com/wp-content/uploads/2026/04/l-r-costa-homes-511.png"", ""https://lrcostahomes.com/wp-content/uploads/2026/06/WhatsApp-Image-2026-06-10-at-13.50.57-1-1240x720.jpeg"", ""https://lrcostahomes.com/wp-content/uploads/2026/06/WhatsApp-Image-2026-06-10-at-13.50.57-1240x720.jpeg"", ""https://lrcostahomes.com/wp-content/uploads/2026/06/WhatsApp-Image-2026-06-10-at-13.44.01-1200x720.jpeg"", ""https://lrcostahomes.com/wp-content/uploads/2026/06/WhatsApp-Image-2026-06-10-at-13.44.00-1-1200x720.jpeg"", ""https://lrcostahomes.com/wp-content/uploads/2026/06/WhatsApp-Image-2026-06-10-at-13.44.00-1200x720.jpeg"", ""https://lrcostahomes.com/wp-content/uploads/2026/06/WhatsApp-Image-2026-06-10-at-13.44.01-1-1200x720.jpeg"", ""https://lrcostahomes.com/wp-content/uploads/2026/06/WhatsApp-Image-2026-06-10-at-13.44.01-2-1240x720.jpeg"", ""https://lrcostahomes.com/wp-content/uploads/2026/06/WhatsApp-Image-2026-06-10-at-13.44.01-3-1200x720.jpeg"", ""https://lrcostahomes.com/wp-content/uploads/2026/06/WhatsApp-Image-2026-06-10-at-13.44.02-2-1200x720.jpeg"", ""https://lrcostahomes.com/wp-content/uploads/2026/06/WhatsApp-Image-2026-06-10-at-13.50.57-1-488x326.jpeg"", ""https://lrcostahomes.com/wp-content/uploads/2026/06/WhatsApp-Image-2026-06-10-at-13.50.57-488x326.jpeg"", ""https://lrcostahomes.com/wp-content/uploads/2026/06/WhatsApp-Image-2026-06-10-at-13.44.01-488x326.jpeg"", ""https://lrcostahomes.com/wp-content/uploads/2026/06/WhatsApp-Image-2026-06-10-at-13.44.00-1-488x326.jpeg"", ""https://lrcostahomes.com/wp-content/uploads/2026/06/WhatsApp-Image-2026-06-10-at-13.44.00-488x326.jpeg"", ""https://lrcostahomes.com/wp-content/uploads/2026/06/WhatsApp-Image-2026-06-10-at-13.44.01-1-488x326.jpeg"", ""https://lrcostahomes.com/wp-content/uploads/2026/06/WhatsApp-Image-2026-06-10-at-13.44.01-2-488x326.jpeg"", ""https://lrcostahomes.com/wp-content/uploads/2026/06/WhatsApp-Image-2026-06-10-at-13.44.01-3-488x326.jpeg"", ""https://lrcostahomes.com/wp-content/uploads/2026/06/WhatsApp-Image-2026-06-10-at-13.44.02-2-488x326.jpeg"", ""https://lrcostahomes.com/wp-content/uploads/2026/06/33-11fdf6ae05664fc894c9e105da64bc69-680x510.jpg"", ""https://lrcostahomes.com/wp-content/uploads/2026/06/WhatsApp-Image-2026-06-10-at-20.51.46-1-680x510.jpeg""]";Importada de LRCostaHomes;draft;capture;;https://lrcostahomes.com/es/property/apartment-en-san-pedro-del-pinatar/;ref;MARTINEZ
Apartamento en San Pedro de Pinatar;apartamento-en-san-pedro-de-pinatar;Orihuela;San Pedro del Pinatar;San Pedro del Pinatar;Murcia;España;Villa;En venta € 280.000;280000;de;En venta € 280.000;https://lrcostahomes.com/es/property/apartment-in-san-pedro-de-pinatar/;0;3;1;90;Ubicado en el encantador pueblo…;https://lrcostahomes.com/wp-content/uploads/2026/04/l-r-costa-homes-513.png;"[""https://lrcostahomes.com/wp-content/uploads/2026/04/l-r-costa-homes-513.png"", ""https://lrcostahomes.com/wp-content/uploads/2026/04/l-r-costa-homes-511.png"", ""https://lrcostahomes.com/wp-content/uploads/2026/06/WhatsApp-Image-2026-06-10-at-13.12.15-862x720.jpeg"", ""https://lrcostahomes.com/wp-content/uploads/2026/06/WhatsApp-Image-2026-06-10-at-13.12.14-1-866x720.jpeg"", ""https://lrcostahomes.com/wp-content/uploads/2026/06/WhatsApp-Image-2026-06-10-at-13.12.14-880x720.jpeg"", ""https://lrcostahomes.com/wp-content/uploads/2026/06/WhatsApp-Image-2026-06-10-at-13.12.15-1-877x720.jpeg"", ""https://lrcostahomes.com/wp-content/uploads/2026/06/WhatsApp-Image-2026-06-10-at-13.12.15-2-865x720.jpeg"", ""https://lrcostahomes.com/wp-content/uploads/2026/06/WhatsApp-Image-2026-06-10-at-13.12.17-1-825x720.jpeg"", ""https://lrcostahomes.com/wp-content/uploads/2026/06/WhatsApp-Image-2026-06-10-at-13.12.17-2-865x720.jpeg"", ""https://lrcostahomes.com/wp-content/uploads/2026/06/WhatsApp-Image-2026-06-10-at-13.12.17-835x720.jpeg"", ""https://lrcostahomes.com/wp-content/uploads/2026/06/WhatsApp-Image-2026-06-10-at-13.12.18-1-841x720.jpeg"", ""https://lrcostahomes.com/wp-content/uploads/2026/06/WhatsApp-Image-2026-06-10-at-13.12.18-2-865x720.jpeg"", ""https://lrcostahomes.com/wp-content/uploads/2026/06/WhatsApp-Image-2026-06-10-at-13.12.18-3-837x720.jpeg"", ""https://lrcostahomes.com/wp-content/uploads/2026/06/WhatsApp-Image-2026-06-10-at-13.12.18-4-850x720.jpeg"", ""https://lrcostahomes.com/wp-content/uploads/2026/06/WhatsApp-Image-2026-06-10-at-13.12.18-890x720.jpeg"", ""https://lrcostahomes.com/wp-content/uploads/2026/06/WhatsApp-Image-2026-06-10-at-13.12.19-1-834x720.jpeg"", ""https://lrcostahomes.com/wp-content/uploads/2026/06/WhatsApp-Image-2026-06-10-at-13.12.19-2-854x720.jpeg"", ""https://lrcostahomes.com/wp-content/uploads/2026/06/WhatsApp-Image-2026-06-10-at-13.12.19-3-847x720.jpeg"", ""https://lrcostahomes.com/wp-content/uploads/2026/06/WhatsApp-Image-2026-06-10-at-13.12.19-4-882x720.jpeg"", ""https://lrcostahomes.com/wp-content/uploads/2026/06/WhatsApp-Image-2026-06-10-at-13.12.19-5-868x720.jpeg"", ""https://lrcostahomes.com/wp-content/uploads/2026/06/WhatsApp-Image-2026-06-10-at-13.12.19-6-863x720.jpeg"", ""https://lrcostahomes.com/wp-content/uploads/2026/06/WhatsApp-Image-2026-06-10-at-13.12.19-833x720.jpeg"", ""https://lrcostahomes.com/wp-content/uploads/2026/06/WhatsApp-Image-2026-06-10-at-13.12.15-488x326.jpeg"", ""https://lrcostahomes.com/wp-content/uploads/2026/06/WhatsApp-Image-2026-06-10-at-13.12.14-1-488x326.jpeg"", ""https://lrcostahomes.com/wp-content/uploads/2026/06/WhatsApp-Image-2026-06-10-at-13.12.14-488x326.jpeg"", ""https://lrcostahomes.com/wp-content/uploads/2026/06/WhatsApp-Image-2026-06-10-at-13.12.15-1-488x326.jpeg"", ""https://lrcostahomes.com/wp-content/uploads/2026/06/WhatsApp-Image-2026-06-10-at-13.12.15-2-488x326.jpeg"", ""https://lrcostahomes.com/wp-content/uploads/2026/06/WhatsApp-Image-2026-06-10-at-13.12.17-1-488x326.jpeg"", ""https://lrcostahomes.com/wp-content/uploads/2026/06/WhatsApp-Image-2026-06-10-at-13.12.17-2-488x326.jpeg"", ""https://lrcostahomes.com/wp-content/uploads/2026/06/WhatsApp-Image-2026-06-10-at-13.12.17-488x326.jpeg""]";Importada de LRCostaHomes;draft;capture;;https://lrcostahomes.com/es/property/apartment-in-san-pedro-de-pinatar/;ref;MARTINEZ
Apartamento en Lo Pagan;apartamento-en-lo-pagan;Orihuela;Orihuela;Orihuela;Murcia;España;Villa;€ 209.000;209000;de;€ 209.000;https://lrcostahomes.com/es/property/apartment-in-lo-pagan/;0;2;2;100;Les presentamos este fantástico primer piso…;https://lrcostahomes.com/wp-content/uploads/2026/04/l-r-costa-homes-513.png;"[""https://lrcostahomes.com/wp-content/uploads/2026/04/l-r-costa-homes-513.png"", ""https://lrcostahomes.com/wp-content/uploads/2026/04/l-r-costa-homes-511.png"", ""https://lrcostahomes.com/wp-content/uploads/2026/06/WhatsApp-Image-2026-06-10-at-12.43.59-1-1240x720.jpeg"", ""https://lrcostahomes.com/wp-content/uploads/2026/06/WhatsApp-Image-2026-06-10-at-12.43.57-1-1240x720.jpeg"", ""https://lrcostahomes.com/wp-content/uploads/2026/06/WhatsApp-Image-2026-06-10-at-12.43.55-1-1240x720.jpeg"", ""https://lrcostahomes.com/wp-content/uploads/2026/06/WhatsApp-Image-2026-06-10-at-12.43.51-1240x720.jpeg"", ""https://lrcostahomes.com/wp-content/uploads/2026/06/WhatsApp-Image-2026-06-10-at-12.43.53-1240x720.jpeg"", ""https://lrcostahomes.com/wp-content/uploads/2026/06/WhatsApp-Image-2026-06-10-at-12.43.52-1-1240x720.jpeg"", ""https://lrcostahomes.com/wp-content/uploads/2026/06/WhatsApp-Image-2026-06-10-at-12.43.52-1240x720.jpeg"", ""https://lrcostahomes.com/wp-content/uploads/2026/06/WhatsApp-Image-2026-06-10-at-12.43.53-1-1240x720.jpeg"", ""https://lrcostahomes.com/wp-content/uploads/2026/06/WhatsApp-Image-2026-06-10-at-12.43.54-1-1240x720.jpeg"", ""https://lrcostahomes.com/wp-content/uploads/2026/06/WhatsApp-Image-2026-06-10-at-12.43.54-2-1240x720.jpeg"", ""https://lrcostahomes.com/wp-content/uploads/2026/06/WhatsApp-Image-2026-06-10-at-12.43.56-1-1240x720.jpeg"", ""https://lrcostahomes.com/wp-content/uploads/2026/06/WhatsApp-Image-2026-06-10-at-12.43.54-1240x720.jpeg"", ""https://lrcostahomes.com/wp-content/uploads/2026/06/WhatsApp-Image-2026-06-10-at-12.43.55-1240x720.jpeg"", ""https://lrcostahomes.com/wp-content/uploads/2026/06/WhatsApp-Image-2026-06-10-at-12.43.56-1240x720.jpeg"", ""https://lrcostahomes.com/wp-content/uploads/2026/06/WhatsApp-Image-2026-06-10-at-12.43.58-1-1240x720.jpeg"", ""https://lrcostahomes.com/wp-content/uploads/2026/06/WhatsApp-Image-2026-06-10-at-12.43.58-1240x720.jpeg"", ""https://lrcostahomes.com/wp-content/uploads/2026/06/WhatsApp-Image-2026-06-10-at-12.43.51-1-1240x720.jpeg"", ""https://lrcostahomes.com/wp-content/uploads/2026/06/WhatsApp-Image-2026-06-10-at-12.43.59-1240x720.jpeg"", ""https://lrcostahomes.com/wp-content/uploads/2026/06/WhatsApp-Image-2026-06-10-at-12.43.59-1-488x326.jpeg"", ""https://lrcostahomes.com/wp-content/uploads/2026/06/WhatsApp-Image-2026-06-10-at-12.43.57-1-488x326.jpeg"", ""https://lrcostahomes.com/wp-content/uploads/2026/06/WhatsApp-Image-2026-06-10-at-12.43.55-1-488x326.jpeg"", ""https://lrcostahomes.com/wp-content/uploads/2026/06/WhatsApp-Image-2026-06-10-at-12.43.51-488x326.jpeg"", ""https://lrcostahomes.com/wp-content/uploads/2026/06/WhatsApp-Image-2026-06-10-at-12.43.53-488x326.jpeg"", ""https://lrcostahomes.com/wp-content/uploads/2026/06/WhatsApp-Image-2026-06-10-at-12.43.52-1-488x326.jpeg"", ""https://lrcostahomes.com/wp-content/uploads/2026/06/WhatsApp-Image-2026-06-10-at-12.43.52-488x326.jpeg"", ""https://lrcostahomes.com/wp-content/uploads/2026/06/WhatsApp-Image-2026-06-10-at-12.43.53-1-488x326.jpeg"", ""https://lrcostahomes.com/wp-content/uploads/2026/06/WhatsApp-Image-2026-06-10-at-12.43.54-1-488x326.jpeg"", ""https://lrcostahomes.com/wp-content/uploads/2026/06/WhatsApp-Image-2026-06-10-at-12.43.54-2-488x326.jpeg""]";Importada de LRCostaHomes;draft;capture;;https://lrcostahomes.com/es/property/apartment-in-lo-pagan/;ref;MARTINEZ
Magnífico apartamento en Lo Pagan;magn-fico-apartamento-en-lo-pagan;Calpe;Calpe;Calpe;Alicante;España;Villa;En venta € 245.900;245900;de;En venta € 245.900;https://lrcostahomes.com/es/property/wonderful-apartment-in-lo-pagan/;0;3;2;127;Descubre este maravilloso apartamento ubicado…;https://lrcostahomes.com/wp-content/uploads/2026/04/l-r-costa-homes-513.png;"[""https://lrcostahomes.com/wp-content/uploads/2026/04/l-r-costa-homes-513.png"", ""https://lrcostahomes.com/wp-content/uploads/2026/04/l-r-costa-homes-511.png"", ""https://lrcostahomes.com/wp-content/uploads/2026/06/WhatsApp-Image-2026-06-10-at-11.12.06-769x720.jpeg"", ""https://lrcostahomes.com/wp-content/uploads/2026/06/WhatsApp-Image-2026-06-10-at-11.12.05-1.jpeg"", ""https://lrcostahomes.com/wp-content/uploads/2026/06/WhatsApp-Image-2026-06-10-at-11.12.05-3.jpeg"", ""https://lrcostahomes.com/wp-content/uploads/2026/06/WhatsApp-Image-2026-06-10-at-11.12.05.jpeg"", ""https://lrcostahomes.com/wp-content/uploads/2026/06/WhatsApp-Image-2026-06-10-at-11.12.05-2.jpeg"", ""https://lrcostahomes.com/wp-content/uploads/2026/06/WhatsApp-Image-2026-06-10-at-11.12.06-1.jpeg"", ""https://lrcostahomes.com/wp-content/uploads/2026/06/WhatsApp-Image-2026-06-10-at-11.12.06-2.jpeg"", ""https://lrcostahomes.com/wp-content/uploads/2026/06/WhatsApp-Image-2026-06-10-at-11.12.06-3.jpeg"", ""https://lrcostahomes.com/wp-content/uploads/2026/06/WhatsApp-Image-2026-06-10-at-11.12.06-4.jpeg"", ""https://lrcostahomes.com/wp-content/uploads/2026/06/WhatsApp-Image-2026-06-10-at-11.12.06-5.jpeg"", ""https://lrcostahomes.com/wp-content/uploads/2026/06/WhatsApp-Image-2026-06-10-at-11.12.07.jpeg"", ""https://lrcostahomes.com/wp-content/uploads/2026/06/WhatsApp-Image-2026-06-10-at-11.12.07-1.jpeg"", ""https://lrcostahomes.com/wp-content/uploads/2026/06/WhatsApp-Image-2026-06-10-at-11.12.08-1.jpeg"", ""https://lrcostahomes.com/wp-content/uploads/2026/06/WhatsApp-Image-2026-06-10-at-11.12.08.jpeg"", ""https://lrcostahomes.com/wp-content/uploads/2026/06/WhatsApp-Image-2026-06-10-at-11.12.08-2.jpeg"", ""https://lrcostahomes.com/wp-content/uploads/2026/06/WhatsApp-Image-2026-06-10-at-11.12.09-1.jpeg"", ""https://lrcostahomes.com/wp-content/uploads/2026/06/WhatsApp-Image-2026-06-10-at-11.12.09-2.jpeg"", ""https://lrcostahomes.com/wp-content/uploads/2026/06/WhatsApp-Image-2026-06-10-at-11.12.09-3.jpeg"", ""https://lrcostahomes.com/wp-content/uploads/2026/06/WhatsApp-Image-2026-06-10-at-11.12.09-4.jpeg"", ""https://lrcostahomes.com/wp-content/uploads/2026/06/WhatsApp-Image-2026-06-10-at-11.12.09-5.jpeg"", ""https://lrcostahomes.com/wp-content/uploads/2026/06/WhatsApp-Image-2026-06-10-at-11.12.09.jpeg"", ""https://lrcostahomes.com/wp-content/uploads/2026/06/WhatsApp-Image-2026-06-10-at-11.12.10-2.jpeg"", ""https://lrcostahomes.com/wp-content/uploads/2026/06/WhatsApp-Image-2026-06-10-at-11.12.10-3.jpeg"", ""https://lrcostahomes.com/wp-content/uploads/2026/06/WhatsApp-Image-2026-06-10-at-11.12.10-4.jpeg"", ""https://lrcostahomes.com/wp-content/uploads/2026/06/WhatsApp-Image-2026-06-10-at-11.12.10-5.jpeg"", ""https://lrcostahomes.com/wp-content/uploads/2026/06/WhatsApp-Image-2026-06-10-at-11.12.10-1.jpeg"", ""https://lrcostahomes.com/wp-content/uploads/2026/06/WhatsApp-Image-2026-06-10-at-11.12.09-6.jpeg"", ""https://lrcostahomes.com/wp-content/uploads/2026/06/WhatsApp-Image-2026-06-10-at-11.12.10.jpeg""]";Importada de LRCostaHomes;draft;capture;;https://lrcostahomes.com/es/property/wonderful-apartment-in-lo-pagan/;ref;MARTINEZ
Precioso apartamento junto a la playa.;precioso-apartamento-junto-a-la-playa;Orihuela;Orihuela;Orihuela;Murcia;España;Villa;En venta € 144.900 € 146.500;144900;de;En venta € 144.900 € 146.500;https://lrcostahomes.com/es/property/beautiful-apartment-next-to-the-beach/;0;1;1;43;Precioso apartamento a tan solo 300 metros…;https://lrcostahomes.com/wp-content/uploads/2026/04/l-r-costa-homes-513.png;"[""https://lrcostahomes.com/wp-content/uploads/2026/04/l-r-costa-homes-513.png"", ""https://lrcostahomes.com/wp-content/uploads/2026/04/l-r-costa-homes-511.png"", ""https://lrcostahomes.com/wp-content/uploads/2026/06/WhatsApp-Image-2026-06-10-at-09.07.36-1080x720.jpeg"", ""https://lrcostahomes.com/wp-content/uploads/2026/06/WhatsApp-Image-2026-06-10-at-09.07.37-1200x720.jpeg"", ""https://lrcostahomes.com/wp-content/uploads/2026/06/WhatsApp-Image-2026-06-10-at-09.07.33-1240x720.jpeg"", ""https://lrcostahomes.com/wp-content/uploads/2026/06/WhatsApp-Image-2026-06-10-at-09.07.34-1-1240x720.jpeg"", ""https://lrcostahomes.com/wp-content/uploads/2026/06/WhatsApp-Image-2026-06-10-at-09.07.34-2-1240x720.jpeg"", ""https://lrcostahomes.com/wp-content/uploads/2026/06/WhatsApp-Image-2026-06-10-at-09.07.34-3-1240x720.jpeg"", ""https://lrcostahomes.com/wp-content/uploads/2026/06/WhatsApp-Image-2026-06-10-at-09.07.34-4-1240x720.jpeg"", ""https://lrcostahomes.com/wp-content/uploads/2026/06/WhatsApp-Image-2026-06-10-at-09.07.34-1240x720.jpeg"", ""https://lrcostahomes.com/wp-content/uploads/2026/06/WhatsApp-Image-2026-06-10-at-09.07.35-1-1240x720.jpeg"", ""https://lrcostahomes.com/wp-content/uploads/2026/06/WhatsApp-Image-2026-06-10-at-09.07.35-2-1240x720.jpeg"", ""https://lrcostahomes.com/wp-content/uploads/2026/06/WhatsApp-Image-2026-06-10-at-09.07.35-1240x720.jpeg"", ""https://lrcostahomes.com/wp-content/uploads/2026/06/WhatsApp-Image-2026-06-10-at-09.07.36-1-1200x720.jpeg"", ""https://lrcostahomes.com/wp-content/uploads/2026/06/WhatsApp-Image-2026-06-10-at-09.07.36-2-1240x720.jpeg"", ""https://lrcostahomes.com/wp-content/uploads/2026/06/WhatsApp-Image-2026-06-10-at-09.07.36-3-1080x720.jpeg"", ""https://lrcostahomes.com/wp-content/uploads/2026/06/WhatsApp-Image-2026-06-10-at-09.07.36-4-1118x720.jpeg"", ""https://lrcostahomes.com/wp-content/uploads/2026/06/WhatsApp-Image-2026-06-10-at-09.07.37-2-1200x720.jpeg"", ""https://lrcostahomes.com/wp-content/uploads/2026/06/WhatsApp-Image-2026-06-10-at-09.07.37-3-1200x720.jpeg"", ""https://lrcostahomes.com/wp-content/uploads/2026/06/WhatsApp-Image-2026-06-10-at-09.07.37-4-779x720.jpeg"", ""https://lrcostahomes.com/wp-content/uploads/2026/06/WhatsApp-Image-2026-06-10-at-09.07.35-3-1200x720.jpeg"", ""https://lrcostahomes.com/wp-content/uploads/2026/06/WhatsApp-Image-2026-06-10-at-09.07.35-4-1080x720.jpeg"", ""https://lrcostahomes.com/wp-content/uploads/2026/06/WhatsApp-Image-2026-06-10-at-09.07.37-1-1240x720.jpeg"", ""https://lrcostahomes.com/wp-content/uploads/2026/06/WhatsApp-Image-2026-06-10-at-09.07.38-1-902x720.jpeg"", ""https://lrcostahomes.com/wp-content/uploads/2026/06/WhatsApp-Image-2026-06-10-at-09.07.38-2-1200x720.jpeg"", ""https://lrcostahomes.com/wp-content/uploads/2026/06/WhatsApp-Image-2026-06-10-at-09.07.38-3-1240x720.jpeg"", ""https://lrcostahomes.com/wp-content/uploads/2026/06/WhatsApp-Image-2026-06-10-at-09.07.38-1240x720.jpeg"", ""https://lrcostahomes.com/wp-content/uploads/2026/06/WhatsApp-Image-2026-06-10-at-09.07.39-1240x720.jpeg"", ""https://lrcostahomes.com/wp-content/uploads/2026/06/WhatsApp-Image-2026-06-10-at-09.07.36-488x326.jpeg"", ""https://lrcostahomes.com/wp-content/uploads/2026/06/WhatsApp-Image-2026-06-10-at-09.07.37-488x326.jpeg""]";Importada de LRCostaHomes;draft;capture;;https://lrcostahomes.com/es/property/beautiful-apartment-next-to-the-beach/;ref;MARTINEZ
Casa rural;casa-rural;Orihuela;Orihuela;Orihuela;Murcia;España;Villa;En venta € 158.000;158000;de;En venta € 158.000;https://lrcostahomes.com/es/property/country-house/;0;3;1;182;Nos complace presentar…;https://lrcostahomes.com/wp-content/uploads/2026/04/l-r-costa-homes-513.png;"[""https://lrcostahomes.com/wp-content/uploads/2026/04/l-r-costa-homes-513.png"", ""https://lrcostahomes.com/wp-content/uploads/2026/04/l-r-costa-homes-511.png"", ""https://lrcostahomes.com/wp-content/uploads/2026/06/w_e646e8a5-cf44-4fef-85bc-af764cf6eb46-1240x720.jpg"", ""https://lrcostahomes.com/wp-content/uploads/2026/06/w_0a52d82e-026a-4921-8445-ea897050a0c8-1240x720.jpg"", ""https://lrcostahomes.com/wp-content/uploads/2026/06/w_3d3bf533-b57f-41ca-b55f-3de8aa157832-1240x720.jpg"", ""https://lrcostahomes.com/wp-content/uploads/2026/06/w_b6d58d52-0e80-4f89-bd52-436c78c0cfd3-1240x720.jpg"", ""https://lrcostahomes.com/wp-content/uploads/2026/06/w_f37df4d8-1d75-4a99-bb17-ef4d67ceaddb-1240x720.jpg"", ""https://lrcostahomes.com/wp-content/uploads/2026/06/w_ea0c00b1-9879-4624-966c-96cd074d10b7-1240x720.jpg"", ""https://lrcostahomes.com/wp-content/uploads/2026/06/w_e28549f7-75be-4d05-8e60-8ed50d13b3a0-1240x720.jpg"", ""https://lrcostahomes.com/wp-content/uploads/2026/06/w_d22fc6eb-d281-47f3-ac48-e8b6c60f5e4b-1240x720.jpg"", ""https://lrcostahomes.com/wp-content/uploads/2026/06/w_d9bfd64e-d7d0-4fc6-b08b-114a729cac0d-1240x720.jpg"", ""https://lrcostahomes.com/wp-content/uploads/2026/06/w_cf301de2-af9a-4321-8cb3-19d5dc0a8d63-1240x720.jpg"", ""https://lrcostahomes.com/wp-content/uploads/2026/06/w_cef6e0ab-b187-4816-8ffa-95ba127459cb-1240x720.jpg"", ""https://lrcostahomes.com/wp-content/uploads/2026/06/w_aa36f312-f04b-46a5-8166-04582baf3314-1240x720.jpg"", ""https://lrcostahomes.com/wp-content/uploads/2026/06/w_08006268-e878-45df-8ea7-2ab9c8b3dbf7-1240x720.jpg"", ""https://lrcostahomes.com/wp-content/uploads/2026/06/w_23311fa4-bfff-4e3a-8f63-56899e32859c-1240x720.jpg"", ""https://lrcostahomes.com/wp-content/uploads/2026/06/w_7827cd24-868c-4b94-80ff-0f0d503f6da3-1240x720.jpg"", ""https://lrcostahomes.com/wp-content/uploads/2026/06/w_01662dfe-8bec-44e6-8b9d-7c161f9f249f-1240x720.jpg"", ""https://lrcostahomes.com/wp-content/uploads/2026/06/w_0e25701b-5ca6-4950-8965-feb268ff3743-1240x720.jpg"", ""https://lrcostahomes.com/wp-content/uploads/2026/06/w_0e8ee1ed-1a8e-42da-a3b1-34f2362a4bcb-1240x720.jpg"", ""https://lrcostahomes.com/wp-content/uploads/2026/06/w_76d91832-e21e-42e3-9e5f-ef88b8809164-1240x720.jpg"", ""https://lrcostahomes.com/wp-content/uploads/2026/06/w_35892b71-9978-4442-a596-1d0cc0da6641-1240x720.jpg"", ""https://lrcostahomes.com/wp-content/uploads/2026/06/w_c4a52907-89f6-40a7-9241-69b371a6725f-1240x720.jpg"", ""https://lrcostahomes.com/wp-content/uploads/2026/06/w_78f8132b-56d3-4713-8d72-1ace031ce489-1240x720.jpg"", ""https://lrcostahomes.com/wp-content/uploads/2026/06/w_e646e8a5-cf44-4fef-85bc-af764cf6eb46-488x326.jpg"", ""https://lrcostahomes.com/wp-content/uploads/2026/06/w_0a52d82e-026a-4921-8445-ea897050a0c8-488x326.jpg"", ""https://lrcostahomes.com/wp-content/uploads/2026/06/w_3d3bf533-b57f-41ca-b55f-3de8aa157832-488x326.jpg"", ""https://lrcostahomes.com/wp-content/uploads/2026/06/w_b6d58d52-0e80-4f89-bd52-436c78c0cfd3-488x326.jpg"", ""https://lrcostahomes.com/wp-content/uploads/2026/06/w_f37df4d8-1d75-4a99-bb17-ef4d67ceaddb-488x326.jpg"", ""https://lrcostahomes.com/wp-content/uploads/2026/06/w_ea0c00b1-9879-4624-966c-96cd074d10b7-488x326.jpg""]";Importada de LRCostaHomes;draft;capture;;https://lrcostahomes.com/es/property/country-house/;ref;MARTINEZ
Casa de campo independiente;casa-de-campo-independiente;Orihuela;Murcia;Murcia;Murcia;España;Villa;En venta € 180.000;180000;de;En venta € 180.000;https://lrcostahomes.com/es/property/detached-country-house/;0;3;3;135;Casa de campo independiente bien presentada con…;https://lrcostahomes.com/wp-content/uploads/2026/04/l-r-costa-homes-513.png;"[""https://lrcostahomes.com/wp-content/uploads/2026/04/l-r-costa-homes-513.png"", ""https://lrcostahomes.com/wp-content/uploads/2026/04/l-r-costa-homes-511.png"", ""https://lrcostahomes.com/wp-content/uploads/2026/06/WhatsApp-Image-2026-06-09-at-20.37.29-1240x720.jpeg"", ""https://lrcostahomes.com/wp-content/uploads/2026/06/WhatsApp-Image-2026-06-09-at-20.37.27-3-1240x720.jpeg"", ""https://lrcostahomes.com/wp-content/uploads/2026/06/WhatsApp-Image-2026-06-09-at-20.37.24-2-1240x720.jpeg"", ""https://lrcostahomes.com/wp-content/uploads/2026/06/WhatsApp-Image-2026-06-09-at-20.37.28-1240x720.jpeg"", ""https://lrcostahomes.com/wp-content/uploads/2026/06/WhatsApp-Image-2026-06-09-at-20.37.29-1-1240x720.jpeg"", ""https://lrcostahomes.com/wp-content/uploads/2026/06/WhatsApp-Image-2026-06-09-at-20.37.24-1-1240x720.jpeg"", ""https://lrcostahomes.com/wp-content/uploads/2026/06/WhatsApp-Image-2026-06-09-at-20.37.24-1240x720.jpeg"", ""https://lrcostahomes.com/wp-content/uploads/2026/06/WhatsApp-Image-2026-06-09-at-20.37.24-4-1240x720.jpeg"", ""https://lrcostahomes.com/wp-content/uploads/2026/06/WhatsApp-Image-2026-06-09-at-20.37.24-3-1240x720.jpeg"", ""https://lrcostahomes.com/wp-content/uploads/2026/06/WhatsApp-Image-2026-06-09-at-20.37.26-1240x720.jpeg"", ""https://lrcostahomes.com/wp-content/uploads/2026/06/WhatsApp-Image-2026-06-09-at-20.37.27-2-1240x720.jpeg"", ""https://lrcostahomes.com/wp-content/uploads/2026/06/WhatsApp-Image-2026-06-09-at-20.37.26-3-1240x720.jpeg"", ""https://lrcostahomes.com/wp-content/uploads/2026/06/WhatsApp-Image-2026-06-09-at-20.37.26-2-1240x720.jpeg"", ""https://lrcostahomes.com/wp-content/uploads/2026/06/WhatsApp-Image-2026-06-09-at-20.37.26-1-1240x720.jpeg"", ""https://lrcostahomes.com/wp-content/uploads/2026/06/WhatsApp-Image-2026-06-09-at-20.37.27-1240x720.jpeg"", ""https://lrcostahomes.com/wp-content/uploads/2026/06/WhatsApp-Image-2026-06-09-at-20.37.28-2-1240x720.jpeg"", ""https://lrcostahomes.com/wp-content/uploads/2026/06/WhatsApp-Image-2026-06-09-at-20.37.28-1-1240x720.jpeg"", ""https://lrcostahomes.com/wp-content/uploads/2026/06/WhatsApp-Image-2026-06-09-at-20.37.28-3-1240x720.jpeg"", ""https://lrcostahomes.com/wp-content/uploads/2026/06/WhatsApp-Image-2026-06-09-at-20.37.27-4-1240x720.jpeg"", ""https://lrcostahomes.com/wp-content/uploads/2026/06/WhatsApp-Image-2026-06-09-at-20.37.28-4-1240x720.jpeg"", ""https://lrcostahomes.com/wp-content/uploads/2026/06/WhatsApp-Image-2026-06-09-at-20.37.28-5-1240x720.jpeg"", ""https://lrcostahomes.com/wp-content/uploads/2026/06/WhatsApp-Image-2026-06-09-at-20.37.27-1-1240x720.jpeg"", ""https://lrcostahomes.com/wp-content/uploads/2026/06/WhatsApp-Image-2026-06-09-at-20.37.29-488x326.jpeg"", ""https://lrcostahomes.com/wp-content/uploads/2026/06/WhatsApp-Image-2026-06-09-at-20.37.27-3-488x326.jpeg"", ""https://lrcostahomes.com/wp-content/uploads/2026/06/WhatsApp-Image-2026-06-09-at-20.37.24-2-488x326.jpeg"", ""https://lrcostahomes.com/wp-content/uploads/2026/06/WhatsApp-Image-2026-06-09-at-20.37.28-488x326.jpeg"", ""https://lrcostahomes.com/wp-content/uploads/2026/06/WhatsApp-Image-2026-06-09-at-20.37.29-1-488x326.jpeg"", ""https://lrcostahomes.com/wp-content/uploads/2026/06/WhatsApp-Image-2026-06-09-at-20.37.24-1-488x326.jpeg""]";Importada de LRCostaHomes;draft;capture;;https://lrcostahomes.com/es/property/detached-country-house/;ref;MARTINEZ
Villa rural en Oria;villa-rural-en-oria;Orihuela;Orihuela;Orihuela;Murcia;España;Villa;En venta € 193.000;193000;de;En venta € 193.000;https://lrcostahomes.com/es/property/country-villa-in-oria/;0;3;1;116;Bienvenido a esta presentación tan bella…;https://lrcostahomes.com/wp-content/uploads/2026/04/l-r-costa-homes-513.png;"[""https://lrcostahomes.com/wp-content/uploads/2026/04/l-r-costa-homes-513.png"", ""https://lrcostahomes.com/wp-content/uploads/2026/04/l-r-costa-homes-511.png"", ""https://lrcostahomes.com/wp-content/uploads/2026/06/RRP_300526_Oria_Almeria_Detached-Villa_14-1240x720.jpeg"", ""https://lrcostahomes.com/wp-content/uploads/2026/06/RRP_300526_Oria_Almeria_Detached-Villa_10-1-1240x720.jpeg"", ""https://lrcostahomes.com/wp-content/uploads/2026/06/RRP_300526_Oria_Almeria_Detached-Villa_10-2-1240x720.jpeg"", ""https://lrcostahomes.com/wp-content/uploads/2026/06/RRP_300526_Oria_Almeria_Detached-Villa_10-3-1080x720.jpeg"", ""https://lrcostahomes.com/wp-content/uploads/2026/06/RRP_300526_Oria_Almeria_Detached-Villa_10-4-1240x720.jpeg"", ""https://lrcostahomes.com/wp-content/uploads/2026/06/RRP_300526_Oria_Almeria_Detached-Villa_11-1-1240x720.jpeg"", ""https://lrcostahomes.com/wp-content/uploads/2026/06/RRP_300526_Oria_Almeria_Detached-Villa_11-2-1240x720.jpeg"", ""https://lrcostahomes.com/wp-content/uploads/2026/06/RRP_300526_Oria_Almeria_Detached-Villa_11-3-1240x720.jpeg"", ""https://lrcostahomes.com/wp-content/uploads/2026/06/RRP_300526_Oria_Almeria_Detached-Villa_11-4-1240x720.jpeg"", ""https://lrcostahomes.com/wp-content/uploads/2026/06/RRP_300526_Oria_Almeria_Detached-Villa_11-5-1240x720.jpeg"", ""https://lrcostahomes.com/wp-content/uploads/2026/06/RRP_300526_Oria_Almeria_Detached-Villa_11-1240x720.jpeg"", ""https://lrcostahomes.com/wp-content/uploads/2026/06/RRP_300526_Oria_Almeria_Detached-Villa_12-1-1240x720.jpeg"", ""https://lrcostahomes.com/wp-content/uploads/2026/06/RRP_300526_Oria_Almeria_Detached-Villa_12-2-1240x720.jpeg"", ""https://lrcostahomes.com/wp-content/uploads/2026/06/RRP_300526_Oria_Almeria_Detached-Villa_12-3-1240x720.jpeg"", ""https://lrcostahomes.com/wp-content/uploads/2026/06/RRP_300526_Oria_Almeria_Detached-Villa_12-4-1240x720.jpeg"", ""https://lrcostahomes.com/wp-content/uploads/2026/06/RRP_300526_Oria_Almeria_Detached-Villa_12-5-1080x720.jpeg"", ""https://lrcostahomes.com/wp-content/uploads/2026/06/RRP_300526_Oria_Almeria_Detached-Villa_12-1240x720.jpeg"", ""https://lrcostahomes.com/wp-content/uploads/2026/06/RRP_300526_Oria_Almeria_Detached-Villa_13-1-1240x720.jpeg"", ""https://lrcostahomes.com/wp-content/uploads/2026/06/RRP_300526_Oria_Almeria_Detached-Villa_13-2-1080x720.jpeg"", ""https://lrcostahomes.com/wp-content/uploads/2026/06/RRP_300526_Oria_Almeria_Detached-Villa_13-3-1240x720.jpeg"", ""https://lrcostahomes.com/wp-content/uploads/2026/06/RRP_300526_Oria_Almeria_Detached-Villa_13-1240x720.jpeg"", ""https://lrcostahomes.com/wp-content/uploads/2026/06/RRP_300526_Oria_Almeria_Detached-Villa_14-1-1080x720.jpeg"", ""https://lrcostahomes.com/wp-content/uploads/2026/06/RRP_300526_Oria_Almeria_Detached-Villa_14-2-1240x720.jpeg"", ""https://lrcostahomes.com/wp-content/uploads/2026/06/RRP_300526_Oria_Almeria_Detached-Villa_14-3-1240x720.jpeg"", ""https://lrcostahomes.com/wp-content/uploads/2026/06/RRP_300526_Oria_Almeria_Detached-Villa_14-4-1240x720.jpeg"", ""https://lrcostahomes.com/wp-content/uploads/2026/06/RRP_300526_Oria_Almeria_Detached-Villa_15-1-1240x720.jpeg"", ""https://lrcostahomes.com/wp-content/uploads/2026/06/RRP_300526_Oria_Almeria_Detached-Villa_15-1240x720.jpeg"", ""https://lrcostahomes.com/wp-content/uploads/2026/06/RRP_300526_Oria_Almeria_Detached-Villa_14-488x326.jpeg""]";Importada de LRCostaHomes;draft;capture;;https://lrcostahomes.com/es/property/country-villa-in-oria/;ref;MARTINEZ
Villa independiente en venta en Oria;villa-independiente-en-venta-en-oria;Orihuela;Orihuela;Orihuela;Murcia;España;Villa;En venta € 192.000;192000;de;En venta € 192.000;https://lrcostahomes.com/es/property/detached-villa-for-sale-in-oria/;0;3;1;93;Encantadora casa de campo con vistas panorámicas…;https://lrcostahomes.com/wp-content/uploads/2026/04/l-r-costa-homes-513.png;"[""https://lrcostahomes.com/wp-content/uploads/2026/04/l-r-costa-homes-513.png"", ""https://lrcostahomes.com/wp-content/uploads/2026/04/l-r-costa-homes-511.png"", ""https://lrcostahomes.com/wp-content/uploads/2026/06/24-b59ea83f0a74727dc1499d2a7ec80eaa-1240x720.jpg"", ""https://lrcostahomes.com/wp-content/uploads/2026/06/33-11fdf6ae05664fc894c9e105da64bc69-1240x720.jpg"", ""https://lrcostahomes.com/wp-content/uploads/2026/06/30-bcd86c17734f15cafe3fe93603e95380-1240x720.jpg"", ""https://lrcostahomes.com/wp-content/uploads/2026/06/29-c7a3e74fefce9818ab123ff8202bfe91-1240x720.jpg"", ""https://lrcostahomes.com/wp-content/uploads/2026/06/28-c30e6db73e32fc2603d3031b21c6cf16-1240x720.jpg"", ""https://lrcostahomes.com/wp-content/uploads/2026/06/27-778e659b5066574812f492fef11bd546-1240x720.jpg"", ""https://lrcostahomes.com/wp-content/uploads/2026/06/25-60adaea672e9982c1153a45fa45260c3-1240x720.jpg"", ""https://lrcostahomes.com/wp-content/uploads/2026/06/2-3c674067db687cc5fc07f68cdcb46212-1240x720.jpg"", ""https://lrcostahomes.com/wp-content/uploads/2026/06/3-644887ed831e8682853ff700c7704b89-1240x720.jpg"", ""https://lrcostahomes.com/wp-content/uploads/2026/06/4-498bdfab4a7fcf25df40c2176acd63a0-1240x720.jpg"", ""https://lrcostahomes.com/wp-content/uploads/2026/06/5-9a73ad0a57b4354c2b6c8eec813cdbf8-1240x720.jpg"", ""https://lrcostahomes.com/wp-content/uploads/2026/06/6-fa543ff60f4e104718a0562ed3ccbf30-1240x720.jpg"", ""https://lrcostahomes.com/wp-content/uploads/2026/06/7-9d1c36982be8358e21ef303f14c1e73d-1240x720.jpg"", ""https://lrcostahomes.com/wp-content/uploads/2026/06/8-486e0113f924038db3f76992aac3bb44-1240x720.jpg"", ""https://lrcostahomes.com/wp-content/uploads/2026/06/9-ba0c67ecbb388dd113c14271dae4c6a3-1240x720.jpg"", ""https://lrcostahomes.com/wp-content/uploads/2026/06/10-75bef5f12e72a6d65f05a48dacffbe42-1240x720.jpg"", ""https://lrcostahomes.com/wp-content/uploads/2026/06/11-4d8aa6e612c0d8ce985b634e45aeea7a-1240x720.jpg"", ""https://lrcostahomes.com/wp-content/uploads/2026/06/12-9d2414e6554ff283a7dbb3894364f2bd-1240x720.jpg"", ""https://lrcostahomes.com/wp-content/uploads/2026/06/13-4d2745f4b54ae0f12c2baa3e2bd744e0-1240x720.jpg"", ""https://lrcostahomes.com/wp-content/uploads/2026/06/14-53d6c5e1565b8c19faf7091edaa35fd0-900x720.jpg"", ""https://lrcostahomes.com/wp-content/uploads/2026/06/16-933207cc311deb5b807001b3861e3675-1240x720.jpg"", ""https://lrcostahomes.com/wp-content/uploads/2026/06/17-856b3cbd19f4ef6b1212b9e6a31d3f2b-900x720.jpg"", ""https://lrcostahomes.com/wp-content/uploads/2026/06/18-7e396d2404f089e443e1364dd027f7c0-1240x720.jpg"", ""https://lrcostahomes.com/wp-content/uploads/2026/06/19-aaab0d39405c5276cdabb22e4d3de260-1240x720.jpg"", ""https://lrcostahomes.com/wp-content/uploads/2026/06/20-dd082b8bf3ceda5f05e79fcc311eef7b-1240x720.jpg"", ""https://lrcostahomes.com/wp-content/uploads/2026/06/21-f5a13f81a89852e4b600afcf6809e91e-1240x720.jpg"", ""https://lrcostahomes.com/wp-content/uploads/2026/06/22-864061d7ff0201b881095f0b5aa938f1-1240x720.jpg"", ""https://lrcostahomes.com/wp-content/uploads/2026/06/23-dd2eb9b1a42c65cb7fe96a99b81acb74-1240x720.jpg""]";Importada de LRCostaHomes;draft;capture;;https://lrcostahomes.com/es/property/detached-villa-for-sale-in-oria/;ref;MARTINEZ
APARTAMENOS CENTRICOS;apartamenos-centricos;Orihuela;Orihuela;Orihuela;Murcia;España;Villa;Obra Nueva € 279.000;279000;de;Obra Nueva € 279.000;https://lrcostahomes.com/es/property/apartamenos-centricos/;0;3;2;1;Edificio de 12 viviendas +…;https://lrcostahomes.com/wp-content/uploads/2026/04/l-r-costa-homes-513.png;"[""https://lrcostahomes.com/wp-content/uploads/2026/04/l-r-costa-homes-513.png"", ""https://lrcostahomes.com/wp-content/uploads/2026/04/l-r-costa-homes-511.png"", ""https://lrcostahomes.com/wp-content/uploads/2026/05/Unknown-1-1240x720.jpeg"", ""https://lrcostahomes.com/wp-content/uploads/2026/05/Unknown-7-1207x720.jpeg"", ""https://lrcostahomes.com/wp-content/uploads/2026/05/Unknown-6-1240x720.jpeg"", ""https://lrcostahomes.com/wp-content/uploads/2026/05/Unknown-4-1240x720.jpeg"", ""https://lrcostahomes.com/wp-content/uploads/2026/05/Unknown-1240x720.jpeg"", ""https://lrcostahomes.com/wp-content/uploads/2026/05/Unknown-1-488x326.jpeg"", ""https://lrcostahomes.com/wp-content/uploads/2026/05/Unknown-7-488x326.jpeg"", ""https://lrcostahomes.com/wp-content/uploads/2026/05/Unknown-6-488x326.jpeg"", ""https://lrcostahomes.com/wp-content/uploads/2026/05/Unknown-4-488x326.jpeg"", ""https://lrcostahomes.com/wp-content/uploads/2026/05/Unknown-488x326.jpeg"", ""https://lrcostahomes.com/wp-content/uploads/2026/03/l-r-costa-homes-agente-linda-hung-330-210x210.jpeg"", ""https://lrcostahomes.com/wp-content/uploads/2026/07/2-10-680x510.jpg"", ""https://lrcostahomes.com/wp-content/uploads/2026/06/Villa-Alqueria-MonteMar-Villas-680x510.png""]";Importada de LRCostaHomes;draft;capture;;https://lrcostahomes.com/es/property/apartamenos-centricos/;ref;MARTINEZ
OBRA NUEVA, AGUAS NUEVAS.;obra-nueva-aguas-nuevas;Calpe;Alicante;Alicante;Alicante;España;Villa;Obra Nueva € 290.000;290000;de;Obra Nueva € 290.000;https://lrcostahomes.com/es/property/obra-nueva-aguas-nuevas/;0;2;2;65;NUEVA PROMOCION!!!!!!!! ESTA NUEVA PROMOCIÓN,…;https://lrcostahomes.com/wp-content/uploads/2026/04/l-r-costa-homes-513.png;"[""https://lrcostahomes.com/wp-content/uploads/2026/04/l-r-costa-homes-513.png"", ""https://lrcostahomes.com/wp-content/uploads/2026/04/l-r-costa-homes-511.png"", ""https://lrcostahomes.com/wp-content/uploads/2026/05/WhatsApp-Image-2026-05-06-at-13.45.02-3-1240x672.jpeg"", ""https://lrcostahomes.com/wp-content/uploads/2026/05/WhatsApp-Image-2026-05-06-at-13.45.02-3-1-1240x672.jpeg"", ""https://lrcostahomes.com/wp-content/uploads/2026/05/WhatsApp-Image-2026-05-06-at-13.45.02-4-1240x672.jpeg"", ""https://lrcostahomes.com/wp-content/uploads/2026/05/WhatsApp-Image-2026-05-06-at-13.45.02-1240x672.jpeg"", ""https://lrcostahomes.com/wp-content/uploads/2026/05/WhatsApp-Image-2026-05-06-at-13.45.03-1.jpeg"", ""https://lrcostahomes.com/wp-content/uploads/2026/05/WhatsApp-Image-2026-05-06-at-13.45.03-2.jpeg"", ""https://lrcostahomes.com/wp-content/uploads/2026/05/WhatsApp-Image-2026-05-06-at-13.45.03-3.jpeg"", ""https://lrcostahomes.com/wp-content/uploads/2026/05/WhatsApp-Image-2026-05-06-at-13.45.03-4.jpeg"", ""https://lrcostahomes.com/wp-content/uploads/2026/05/WhatsApp-Image-2026-05-06-at-13.45.03.jpeg"", ""https://lrcostahomes.com/wp-content/uploads/2026/05/WhatsApp-Image-2026-05-06-at-13.45.04-1-1240x672.jpeg"", ""https://lrcostahomes.com/wp-content/uploads/2026/05/WhatsApp-Image-2026-05-06-at-13.45.04-2-1240x672.jpeg"", ""https://lrcostahomes.com/wp-content/uploads/2026/05/WhatsApp-Image-2026-05-06-at-13.45.04-1240x672.jpeg"", ""https://lrcostahomes.com/wp-content/uploads/2026/05/WhatsApp-Image-2026-05-06-at-13.45.02-3-488x326.jpeg"", ""https://lrcostahomes.com/wp-content/uploads/2026/05/WhatsApp-Image-2026-05-06-at-13.45.02-3-1-488x326.jpeg"", ""https://lrcostahomes.com/wp-content/uploads/2026/05/WhatsApp-Image-2026-05-06-at-13.45.02-4-488x326.jpeg"", ""https://lrcostahomes.com/wp-content/uploads/2026/05/WhatsApp-Image-2026-05-06-at-13.45.02-488x326.jpeg"", ""https://lrcostahomes.com/wp-content/uploads/2026/05/WhatsApp-Image-2026-05-06-at-13.45.03-1-488x326.jpeg"", ""https://lrcostahomes.com/wp-content/uploads/2026/05/WhatsApp-Image-2026-05-06-at-13.45.03-2-488x326.jpeg"", ""https://lrcostahomes.com/wp-content/uploads/2026/05/WhatsApp-Image-2026-05-06-at-13.45.03-3-488x326.jpeg"", ""https://lrcostahomes.com/wp-content/uploads/2026/05/WhatsApp-Image-2026-05-06-at-13.45.03-4-488x326.jpeg"", ""https://lrcostahomes.com/wp-content/uploads/2026/05/WhatsApp-Image-2026-05-06-at-13.45.03-488x326.jpeg"", ""https://lrcostahomes.com/wp-content/uploads/2026/05/WhatsApp-Image-2026-05-06-at-13.45.04-1-488x326.jpeg"", ""https://lrcostahomes.com/wp-content/uploads/2026/05/WhatsApp-Image-2026-05-06-at-13.45.04-2-488x326.jpeg"", ""https://lrcostahomes.com/wp-content/uploads/2026/05/WhatsApp-Image-2026-05-06-at-13.45.04-488x326.jpeg"", ""https://lrcostahomes.com/wp-content/uploads/2026/07/1-44-680x510.jpg"", ""https://lrcostahomes.com/wp-content/themes/realhomes/common/images/placeholders/modern-property-child-slider.jpg""]";Importada de LRCostaHomes;draft;capture;;https://lrcostahomes.com/es/property/obra-nueva-aguas-nuevas/;ref;MARTINEZ
Casa esencial;casa-esencial;Calpe;Calpe;Calpe;Alicante;España;Villa;Obra Nueva € 885.000;885000;de;Obra Nueva € 885.000;https://lrcostahomes.com/es/property/essential-house/;0;3;3;169;Casa esencial;https://lrcostahomes.com/wp-content/uploads/2026/04/l-r-costa-homes-513.png;"[""https://lrcostahomes.com/wp-content/uploads/2026/04/l-r-costa-homes-513.png"", ""https://lrcostahomes.com/wp-content/uploads/2026/04/l-r-costa-homes-511.png"", ""https://lrcostahomes.com/wp-content/uploads/2026/04/FOTO-GENERAL-FACHADA-Y-PISCINA-100-1240x720.jpeg"", ""https://lrcostahomes.com/wp-content/uploads/2026/04/l-r-costa-homes-essential-foto-2-salon-100-1240x720.jpeg"", ""https://lrcostahomes.com/wp-content/uploads/2026/04/FOTO-BANO-2-100-1240x720.jpeg"", ""https://lrcostahomes.com/wp-content/uploads/2026/04/FOTO-BANO-3-100-1240x720.jpeg"", ""https://lrcostahomes.com/wp-content/uploads/2026/04/FOTO-BANO-PRINCIPAL-100-1240x720.jpeg"", ""https://lrcostahomes.com/wp-content/uploads/2026/04/FOTO-DORMITORIO-2-100-1240x720.jpeg"", ""https://lrcostahomes.com/wp-content/uploads/2026/04/foto-1-1080x720.jpg"", ""https://lrcostahomes.com/wp-content/uploads/2026/04/foto-2-1080x720.jpg"", ""https://lrcostahomes.com/wp-content/uploads/2026/04/FOTO-GENERAL-FACHADA-Y-PISCINA-100-488x326.jpeg"", ""https://lrcostahomes.com/wp-content/uploads/2026/04/l-r-costa-homes-essential-foto-2-salon-100-488x326.jpeg"", ""https://lrcostahomes.com/wp-content/uploads/2026/04/FOTO-BANO-2-100-488x326.jpeg"", ""https://lrcostahomes.com/wp-content/uploads/2026/04/FOTO-BANO-3-100-488x326.jpeg"", ""https://lrcostahomes.com/wp-content/uploads/2026/04/FOTO-BANO-PRINCIPAL-100-488x326.jpeg"", ""https://lrcostahomes.com/wp-content/uploads/2026/04/FOTO-DORMITORIO-2-100-488x326.jpeg"", ""https://lrcostahomes.com/wp-content/uploads/2026/04/foto-1-488x326.jpg"", ""https://lrcostahomes.com/wp-content/uploads/2026/04/foto-2-488x326.jpg"", ""https://lrcostahomes.com/wp-content/uploads/2026/09/1.-Las-torres-680x510.jpg"", ""https://lrcostahomes.com/wp-content/uploads/2026/08/6-3-680x510.jpg""]";Importada de LRCostaHomes;draft;capture;;https://lrcostahomes.com/es/property/essential-house/;ref;MARTINEZ
Casa unifamiliar en Florida 5, Pinecrest;casa-unifamiliar-en-florida-5-pinecrest;Calpe;Calpe;Calpe;Alicante;España;Villa;€ 580.000;580000;de;€ 580.000;https://lrcostahomes.com/es/property/single-home-at-florida-5-pinecrest/;0;4;4;1;Hermosa casa en una tranquila zona arbolada…;https://lrcostahomes.com/wp-content/uploads/2026/04/l-r-costa-homes-513.png;"[""https://lrcostahomes.com/wp-content/uploads/2026/04/l-r-costa-homes-513.png"", ""https://lrcostahomes.com/wp-content/uploads/2026/04/l-r-costa-homes-511.png"", ""https://lrcostahomes.com/wp-content/uploads/2017/06/exterior-03.jpg"", ""https://lrcostahomes.com/wp-content/uploads/2017/06/bathroom-02.jpg"", ""https://lrcostahomes.com/wp-content/uploads/2017/06/bedroom-02.jpg"", ""https://lrcostahomes.com/wp-content/uploads/2017/06/exterior-03-488x326.jpg"", ""https://lrcostahomes.com/wp-content/uploads/2017/06/bathroom-02-488x326.jpg"", ""https://lrcostahomes.com/wp-content/uploads/2017/06/bedroom-02-488x326.jpg"", ""https://lrcostahomes.com/wp-content/uploads/2017/06/exterior-03-818x417.jpg"", ""https://lrcostahomes.com/wp-content/uploads/2020/05/WhatsApp-Image-2026-04-20-at-11.09.39-210x210.jpeg"", ""https://lrcostahomes.com/wp-content/uploads/2020/05/hannah-nicollet-JQ2D4I-2eyw-unsplash-210x210.jpg"", ""https://lrcostahomes.com/wp-content/uploads/2026/09/1.-Las-torres-680x510.jpg"", ""https://lrcostahomes.com/wp-content/uploads/2026/07/1-22-2-680x510.jpg""]";Importada de LRCostaHomes;draft;capture;;https://lrcostahomes.com/es/property/single-home-at-florida-5-pinecrest/;ref;MARTINEZ
